split,scenario,seed,sku,policy,node_id,immediate_units,demand_units,fill_rate
validation,normal,1001,SKU-001,independent,2,1565,1565,1.0
validation,normal,1001,SKU-001,independent,3,1792,1792,1.0
validation,normal,1001,SKU-001,independent,4,1789,1789,1.0
validation,normal,1001,SKU-001,independent,5,1898,1898,1.0
validation,normal,1001,SKU-001,normal_optimized,2,1434,1565,0.91629392971246
validation,normal,1001,SKU-001,normal_optimized,3,1682,1792,0.9386160714285714
validation,normal,1001,SKU-001,normal_optimized,4,1654,1789,0.9245388485187256
validation,normal,1001,SKU-001,normal_optimized,5,1751,1898,0.9225500526870389
validation,normal,1001,SKU-001,service_aware,2,1565,1565,1.0
validation,normal,1001,SKU-001,service_aware,3,1792,1792,1.0
validation,normal,1001,SKU-001,service_aware,4,1789,1789,1.0
validation,normal,1001,SKU-001,service_aware,5,1898,1898,1.0
validation,normal,1002,SKU-001,independent,2,1565,1565,1.0
validation,normal,1002,SKU-001,independent,3,1792,1792,1.0
validation,normal,1002,SKU-001,independent,4,1783,1789,0.9966461710452766
validation,normal,1002,SKU-001,independent,5,1892,1898,0.9968387776606955
validation,normal,1002,SKU-001,normal_optimized,2,1456,1565,0.9303514376996805
validation,normal,1002,SKU-001,normal_optimized,3,1719,1792,0.9592633928571429
validation,normal,1002,SKU-001,normal_optimized,4,1641,1789,0.917272219116825
validation,normal,1002,SKU-001,normal_optimized,5,1741,1898,0.9172813487881981
validation,normal,1002,SKU-001,service_aware,2,1565,1565,1.0
validation,normal,1002,SKU-001,service_aware,3,1792,1792,1.0
validation,normal,1002,SKU-001,service_aware,4,1789,1789,1.0
validation,normal,1002,SKU-001,service_aware,5,1898,1898,1.0
validation,normal,1003,SKU-001,independent,2,1565,1565,1.0
validation,normal,1003,SKU-001,independent,3,1792,1792,1.0
validation,normal,1003,SKU-001,independent,4,1784,1789,0.9972051425377306
validation,normal,1003,SKU-001,independent,5,1898,1898,1.0
validation,normal,1003,SKU-001,normal_optimized,2,1410,1565,0.9009584664536742
validation,normal,1003,SKU-001,normal_optimized,3,1701,1792,0.94921875
validation,normal,1003,SKU-001,normal_optimized,4,1622,1789,0.9066517607602013
validation,normal,1003,SKU-001,normal_optimized,5,1783,1898,0.9394099051633298
validation,normal,1003,SKU-001,service_aware,2,1565,1565,1.0
validation,normal,1003,SKU-001,service_aware,3,1792,1792,1.0
validation,normal,1003,SKU-001,service_aware,4,1789,1789,1.0
validation,normal,1003,SKU-001,service_aware,5,1898,1898,1.0
validation,normal,1004,SKU-001,independent,2,1565,1565,1.0
validation,normal,1004,SKU-001,independent,3,1792,1792,1.0
validation,normal,1004,SKU-001,independent,4,1789,1789,1.0
validation,normal,1004,SKU-001,independent,5,1892,1898,0.9968387776606955
validation,normal,1004,SKU-001,normal_optimized,2,1416,1565,0.9047923322683706
validation,normal,1004,SKU-001,normal_optimized,3,1658,1792,0.9252232142857143
validation,normal,1004,SKU-001,normal_optimized,4,1678,1789,0.9379541643376188
validation,normal,1004,SKU-001,normal_optimized,5,1760,1898,0.9272918861959958
validation,normal,1004,SKU-001,service_aware,2,1565,1565,1.0
validation,normal,1004,SKU-001,service_aware,3,1792,1792,1.0
validation,normal,1004,SKU-001,service_aware,4,1789,1789,1.0
validation,normal,1004,SKU-001,service_aware,5,1898,1898,1.0
validation,normal,1005,SKU-001,independent,2,1565,1565,1.0
validation,normal,1005,SKU-001,independent,3,1792,1792,1.0
validation,normal,1005,SKU-001,independent,4,1789,1789,1.0
validation,normal,1005,SKU-001,independent,5,1898,1898,1.0
validation,normal,1005,SKU-001,normal_optimized,2,1440,1565,0.9201277955271565
validation,normal,1005,SKU-001,normal_optimized,3,1662,1792,0.9274553571428571
validation,normal,1005,SKU-001,normal_optimized,4,1671,1789,0.9340413638904416
validation,normal,1005,SKU-001,normal_optimized,5,1782,1898,0.9388830347734457
validation,normal,1005,SKU-001,service_aware,2,1565,1565,1.0
validation,normal,1005,SKU-001,service_aware,3,1792,1792,1.0
validation,normal,1005,SKU-001,service_aware,4,1789,1789,1.0
validation,normal,1005,SKU-001,service_aware,5,1898,1898,1.0
validation,normal,1006,SKU-001,independent,2,1565,1565,1.0
validation,normal,1006,SKU-001,independent,3,1792,1792,1.0
validation,normal,1006,SKU-001,independent,4,1784,1789,0.9972051425377306
validation,normal,1006,SKU-001,independent,5,1898,1898,1.0
validation,normal,1006,SKU-001,normal_optimized,2,1471,1565,0.9399361022364218
validation,normal,1006,SKU-001,normal_optimized,3,1621,1792,0.9045758928571429
validation,normal,1006,SKU-001,normal_optimized,4,1628,1789,0.9100055897149245
validation,normal,1006,SKU-001,normal_optimized,5,1814,1898,0.9557428872497366
validation,normal,1006,SKU-001,service_aware,2,1565,1565,1.0
validation,normal,1006,SKU-001,service_aware,3,1792,1792,1.0
validation,normal,1006,SKU-001,service_aware,4,1789,1789,1.0
validation,normal,1006,SKU-001,service_aware,5,1898,1898,1.0
validation,normal,1007,SKU-001,independent,2,1565,1565,1.0
validation,normal,1007,SKU-001,independent,3,1792,1792,1.0
validation,normal,1007,SKU-001,independent,4,1789,1789,1.0
validation,normal,1007,SKU-001,independent,5,1898,1898,1.0
validation,normal,1007,SKU-001,normal_optimized,2,1416,1565,0.9047923322683706
validation,normal,1007,SKU-001,normal_optimized,3,1696,1792,0.9464285714285714
validation,normal,1007,SKU-001,normal_optimized,4,1612,1789,0.9010620458356624
validation,normal,1007,SKU-001,normal_optimized,5,1720,1898,0.9062170706006323
validation,normal,1007,SKU-001,service_aware,2,1565,1565,1.0
validation,normal,1007,SKU-001,service_aware,3,1792,1792,1.0
validation,normal,1007,SKU-001,service_aware,4,1789,1789,1.0
validation,normal,1007,SKU-001,service_aware,5,1898,1898,1.0
validation,normal,1008,SKU-001,independent,2,1563,1565,0.9987220447284345
validation,normal,1008,SKU-001,independent,3,1785,1792,0.99609375
validation,normal,1008,SKU-001,independent,4,1789,1789,1.0
validation,normal,1008,SKU-001,independent,5,1890,1898,0.9957850368809273
validation,normal,1008,SKU-001,normal_optimized,2,1395,1565,0.8913738019169329
validation,normal,1008,SKU-001,normal_optimized,3,1649,1792,0.9202008928571429
validation,normal,1008,SKU-001,normal_optimized,4,1688,1789,0.9435438792621577
validation,normal,1008,SKU-001,normal_optimized,5,1722,1898,0.9072708113804004
validation,normal,1008,SKU-001,service_aware,2,1565,1565,1.0
validation,normal,1008,SKU-001,service_aware,3,1792,1792,1.0
validation,normal,1008,SKU-001,service_aware,4,1789,1789,1.0
validation,normal,1008,SKU-001,service_aware,5,1898,1898,1.0
validation,normal,1009,SKU-001,independent,2,1565,1565,1.0
validation,normal,1009,SKU-001,independent,3,1792,1792,1.0
validation,normal,1009,SKU-001,independent,4,1789,1789,1.0
validation,normal,1009,SKU-001,independent,5,1890,1898,0.9957850368809273
validation,normal,1009,SKU-001,normal_optimized,2,1430,1565,0.9137380191693291
validation,normal,1009,SKU-001,normal_optimized,3,1630,1792,0.9095982142857143
validation,normal,1009,SKU-001,normal_optimized,4,1658,1789,0.9267747344885411
validation,normal,1009,SKU-001,normal_optimized,5,1760,1898,0.9272918861959958
validation,normal,1009,SKU-001,service_aware,2,1565,1565,1.0
validation,normal,1009,SKU-001,service_aware,3,1792,1792,1.0
validation,normal,1009,SKU-001,service_aware,4,1789,1789,1.0
validation,normal,1009,SKU-001,service_aware,5,1898,1898,1.0
validation,normal,1010,SKU-001,independent,2,1565,1565,1.0
validation,normal,1010,SKU-001,independent,3,1786,1792,0.9966517857142857
validation,normal,1010,SKU-001,independent,4,1786,1789,0.9983230855226384
validation,normal,1010,SKU-001,independent,5,1898,1898,1.0
validation,normal,1010,SKU-001,normal_optimized,2,1466,1565,0.936741214057508
validation,normal,1010,SKU-001,normal_optimized,3,1624,1792,0.90625
validation,normal,1010,SKU-001,normal_optimized,4,1647,1789,0.9206260480715484
validation,normal,1010,SKU-001,normal_optimized,5,1761,1898,0.9278187565858799
validation,normal,1010,SKU-001,service_aware,2,1565,1565,1.0
validation,normal,1010,SKU-001,service_aware,3,1792,1792,1.0
validation,normal,1010,SKU-001,service_aware,4,1789,1789,1.0
validation,normal,1010,SKU-001,service_aware,5,1898,1898,1.0
validation,normal,1011,SKU-001,independent,2,1565,1565,1.0
validation,normal,1011,SKU-001,independent,3,1792,1792,1.0
validation,normal,1011,SKU-001,independent,4,1789,1789,1.0
validation,normal,1011,SKU-001,independent,5,1896,1898,0.9989462592202318
validation,normal,1011,SKU-001,normal_optimized,2,1479,1565,0.9450479233226837
validation,normal,1011,SKU-001,normal_optimized,3,1660,1792,0.9263392857142857
validation,normal,1011,SKU-001,normal_optimized,4,1636,1789,0.9144773616545556
validation,normal,1011,SKU-001,normal_optimized,5,1718,1898,0.9051633298208641
validation,normal,1011,SKU-001,service_aware,2,1565,1565,1.0
validation,normal,1011,SKU-001,service_aware,3,1792,1792,1.0
validation,normal,1011,SKU-001,service_aware,4,1789,1789,1.0
validation,normal,1011,SKU-001,service_aware,5,1898,1898,1.0
validation,normal,1012,SKU-001,independent,2,1565,1565,1.0
validation,normal,1012,SKU-001,independent,3,1787,1792,0.9972098214285714
validation,normal,1012,SKU-001,independent,4,1785,1789,0.9977641140301845
validation,normal,1012,SKU-001,independent,5,1898,1898,1.0
validation,normal,1012,SKU-001,normal_optimized,2,1486,1565,0.949520766773163
validation,normal,1012,SKU-001,normal_optimized,3,1652,1792,0.921875
validation,normal,1012,SKU-001,normal_optimized,4,1595,1789,0.8915595304639463
validation,normal,1012,SKU-001,normal_optimized,5,1707,1898,0.8993677555321391
validation,normal,1012,SKU-001,service_aware,2,1565,1565,1.0
validation,normal,1012,SKU-001,service_aware,3,1792,1792,1.0
validation,normal,1012,SKU-001,service_aware,4,1789,1789,1.0
validation,normal,1012,SKU-001,service_aware,5,1898,1898,1.0
validation,demand_spike,1001,SKU-001,independent,2,1770,1807,0.9795240730492529
validation,demand_spike,1001,SKU-001,independent,3,1987,2078,0.9562078922040423
validation,demand_spike,1001,SKU-001,independent,4,2031,2126,0.9553151458137347
validation,demand_spike,1001,SKU-001,independent,5,2122,2212,0.9593128390596745
validation,demand_spike,1001,SKU-001,normal_optimized,2,1398,1807,0.7736579966795795
validation,demand_spike,1001,SKU-001,normal_optimized,3,1592,2078,0.766121270452358
validation,demand_spike,1001,SKU-001,normal_optimized,4,1474,2126,0.6933207902163687
validation,demand_spike,1001,SKU-001,normal_optimized,5,1559,2212,0.7047920433996383
validation,demand_spike,1001,SKU-001,service_aware,2,1804,1807,0.9983397897066962
validation,demand_spike,1001,SKU-001,service_aware,3,2072,2078,0.9971126082771896
validation,demand_spike,1001,SKU-001,service_aware,4,2112,2126,0.993414863593603
validation,demand_spike,1001,SKU-001,service_aware,5,2194,2212,0.9918625678119349
validation,demand_spike,1002,SKU-001,independent,2,1771,1807,0.9800774764803541
validation,demand_spike,1002,SKU-001,independent,3,2067,2078,0.9947064485081809
validation,demand_spike,1002,SKU-001,independent,4,1954,2126,0.9190968955785512
validation,demand_spike,1002,SKU-001,independent,5,2108,2212,0.9529837251356239
validation,demand_spike,1002,SKU-001,normal_optimized,2,1414,1807,0.7825124515771997
validation,demand_spike,1002,SKU-001,normal_optimized,3,1611,2078,0.7752646775745909
validation,demand_spike,1002,SKU-001,normal_optimized,4,1478,2126,0.6952022577610536
validation,demand_spike,1002,SKU-001,normal_optimized,5,1549,2212,0.7002712477396021
validation,demand_spike,1002,SKU-001,service_aware,2,1807,1807,1.0
validation,demand_spike,1002,SKU-001,service_aware,3,2078,2078,1.0
validation,demand_spike,1002,SKU-001,service_aware,4,2075,2126,0.9760112888052681
validation,demand_spike,1002,SKU-001,service_aware,5,2173,2212,0.9823688969258589
validation,demand_spike,1003,SKU-001,independent,2,1751,1807,0.9690094078583287
validation,demand_spike,1003,SKU-001,independent,3,2062,2078,0.9923002887391723
validation,demand_spike,1003,SKU-001,independent,4,1964,2126,0.9238005644402634
validation,demand_spike,1003,SKU-001,independent,5,2170,2212,0.9810126582278481
validation,demand_spike,1003,SKU-001,normal_optimized,2,1326,1807,0.7338129496402878
validation,demand_spike,1003,SKU-001,normal_optimized,3,1680,2078,0.8084696823869105
validation,demand_spike,1003,SKU-001,normal_optimized,4,1449,2126,0.6815616180620885
validation,demand_spike,1003,SKU-001,normal_optimized,5,1607,2212,0.726491862567812
validation,demand_spike,1003,SKU-001,service_aware,2,1807,1807,1.0
validation,demand_spike,1003,SKU-001,service_aware,3,2078,2078,1.0
validation,demand_spike,1003,SKU-001,service_aware,4,2112,2126,0.993414863593603
validation,demand_spike,1003,SKU-001,service_aware,5,2211,2212,0.9995479204339964
validation,demand_spike,1004,SKU-001,independent,2,1751,1807,0.9690094078583287
validation,demand_spike,1004,SKU-001,independent,3,2010,2078,0.9672762271414822
validation,demand_spike,1004,SKU-001,independent,4,2006,2126,0.9435559736594544
validation,demand_spike,1004,SKU-001,independent,5,2149,2212,0.9715189873417721
validation,demand_spike,1004,SKU-001,normal_optimized,2,1373,1807,0.7598229109020476
validation,demand_spike,1004,SKU-001,normal_optimized,3,1551,2078,0.746390760346487
validation,demand_spike,1004,SKU-001,normal_optimized,4,1506,2126,0.7083725305738476
validation,demand_spike,1004,SKU-001,normal_optimized,5,1681,2212,0.7599457504520796
validation,demand_spike,1004,SKU-001,service_aware,2,1802,1807,0.9972329828444937
validation,demand_spike,1004,SKU-001,service_aware,3,2073,2078,0.9975938402309913
validation,demand_spike,1004,SKU-001,service_aware,4,2118,2126,0.9962370649106302
validation,demand_spike,1004,SKU-001,service_aware,5,2208,2212,0.9981916817359855
validation,demand_spike,1005,SKU-001,independent,2,1724,1807,0.9540675152185943
validation,demand_spike,1005,SKU-001,independent,3,2019,2078,0.9716073147256978
validation,demand_spike,1005,SKU-001,independent,4,2000,2126,0.940733772342427
validation,demand_spike,1005,SKU-001,independent,5,2168,2212,0.9801084990958409
validation,demand_spike,1005,SKU-001,normal_optimized,2,1382,1807,0.7648035417819591
validation,demand_spike,1005,SKU-001,normal_optimized,3,1566,2078,0.753609239653513
validation,demand_spike,1005,SKU-001,normal_optimized,4,1590,2126,0.7478833490122295
validation,demand_spike,1005,SKU-001,normal_optimized,5,1694,2212,0.7658227848101266
validation,demand_spike,1005,SKU-001,service_aware,2,1780,1807,0.9850581073602657
validation,demand_spike,1005,SKU-001,service_aware,3,2073,2078,0.9975938402309913
validation,demand_spike,1005,SKU-001,service_aware,4,2117,2126,0.995766698024459
validation,demand_spike,1005,SKU-001,service_aware,5,2212,2212,1.0
validation,demand_spike,1006,SKU-001,independent,2,1797,1807,0.9944659656889873
validation,demand_spike,1006,SKU-001,independent,3,2017,2078,0.9706448508180944
validation,demand_spike,1006,SKU-001,independent,4,1970,2126,0.9266227657572906
validation,demand_spike,1006,SKU-001,independent,5,2166,2212,0.9792043399638336
validation,demand_spike,1006,SKU-001,normal_optimized,2,1480,1807,0.8190370780298838
validation,demand_spike,1006,SKU-001,normal_optimized,3,1518,2078,0.7305101058710298
validation,demand_spike,1006,SKU-001,normal_optimized,4,1539,2126,0.7238946378174976
validation,demand_spike,1006,SKU-001,normal_optimized,5,1705,2212,0.7707956600361664
validation,demand_spike,1006,SKU-001,service_aware,2,1807,1807,1.0
validation,demand_spike,1006,SKU-001,service_aware,3,2073,2078,0.9975938402309913
validation,demand_spike,1006,SKU-001,service_aware,4,2106,2126,0.9905926622765757
validation,demand_spike,1006,SKU-001,service_aware,5,2212,2212,1.0
validation,demand_spike,1007,SKU-001,independent,2,1765,1807,0.9767570558937465
validation,demand_spike,1007,SKU-001,independent,3,2048,2078,0.9855630413859481
validation,demand_spike,1007,SKU-001,independent,4,1929,2126,0.9073377234242709
validation,demand_spike,1007,SKU-001,independent,5,2130,2212,0.9629294755877035
validation,demand_spike,1007,SKU-001,normal_optimized,2,1402,1807,0.7758716104039846
validation,demand_spike,1007,SKU-001,normal_optimized,3,1692,2078,0.8142444658325313
validation,demand_spike,1007,SKU-001,normal_optimized,4,1394,2126,0.6556914393226717
validation,demand_spike,1007,SKU-001,normal_optimized,5,1510,2212,0.6826401446654611
validation,demand_spike,1007,SKU-001,service_aware,2,1799,1807,0.9955727725511898
validation,demand_spike,1007,SKU-001,service_aware,3,2078,2078,1.0
validation,demand_spike,1007,SKU-001,service_aware,4,2087,2126,0.9816556914393226
validation,demand_spike,1007,SKU-001,service_aware,5,2190,2212,0.9900542495479204
validation,demand_spike,1008,SKU-001,independent,2,1748,1807,0.9673491975650249
validation,demand_spike,1008,SKU-001,independent,3,1992,2078,0.958614051973051
validation,demand_spike,1008,SKU-001,independent,4,2041,2126,0.9600188146754468
validation,demand_spike,1008,SKU-001,independent,5,2083,2212,0.9416817359855335
validation,demand_spike,1008,SKU-001,normal_optimized,2,1391,1807,0.7697841726618705
validation,demand_spike,1008,SKU-001,normal_optimized,3,1573,2078,0.7569778633301251
validation,demand_spike,1008,SKU-001,normal_optimized,4,1525,2126,0.7173095014111006
validation,demand_spike,1008,SKU-001,normal_optimized,5,1680,2212,0.759493670886076
validation,demand_spike,1008,SKU-001,service_aware,2,1807,1807,1.0
validation,demand_spike,1008,SKU-001,service_aware,3,2065,2078,0.9937439846005774
validation,demand_spike,1008,SKU-001,service_aware,4,2125,2126,0.9995296331138288
validation,demand_spike,1008,SKU-001,service_aware,5,2200,2212,0.9945750452079566
validation,demand_spike,1009,SKU-001,independent,2,1749,1807,0.9679026009961261
validation,demand_spike,1009,SKU-001,independent,3,2027,2078,0.9754571703561117
validation,demand_spike,1009,SKU-001,independent,4,2055,2126,0.9666039510818438
validation,demand_spike,1009,SKU-001,independent,5,2162,2212,0.9773960216998192
validation,demand_spike,1009,SKU-001,normal_optimized,2,1395,1807,0.7719977863862756
validation,demand_spike,1009,SKU-001,normal_optimized,3,1542,2078,0.7420596727622714
validation,demand_spike,1009,SKU-001,normal_optimized,4,1422,2126,0.6688617121354656
validation,demand_spike,1009,SKU-001,normal_optimized,5,1573,2212,0.711121157323689
validation,demand_spike,1009,SKU-001,service_aware,2,1802,1807,0.9972329828444937
validation,demand_spike,1009,SKU-001,service_aware,3,2077,2078,0.9995187680461982
validation,demand_spike,1009,SKU-001,service_aware,4,2125,2126,0.9995296331138288
validation,demand_spike,1009,SKU-001,service_aware,5,2212,2212,1.0
validation,demand_spike,1010,SKU-001,independent,2,1764,1807,0.9762036524626453
validation,demand_spike,1010,SKU-001,independent,3,2035,2078,0.9793070259865255
validation,demand_spike,1010,SKU-001,independent,4,1964,2126,0.9238005644402634
validation,demand_spike,1010,SKU-001,independent,5,2158,2212,0.9755877034358047
validation,demand_spike,1010,SKU-001,normal_optimized,2,1383,1807,0.7653569452130603
validation,demand_spike,1010,SKU-001,normal_optimized,3,1558,2078,0.7497593840230992
validation,demand_spike,1010,SKU-001,normal_optimized,4,1446,2126,0.6801505174035748
validation,demand_spike,1010,SKU-001,normal_optimized,5,1561,2212,0.7056962025316456
validation,demand_spike,1010,SKU-001,service_aware,2,1807,1807,1.0
validation,demand_spike,1010,SKU-001,service_aware,3,2078,2078,1.0
validation,demand_spike,1010,SKU-001,service_aware,4,2104,2126,0.9896519285042333
validation,demand_spike,1010,SKU-001,service_aware,5,2212,2212,1.0
validation,demand_spike,1011,SKU-001,independent,2,1755,1807,0.9712230215827338
validation,demand_spike,1011,SKU-001,independent,3,2006,2078,0.9653512993262753
validation,demand_spike,1011,SKU-001,independent,4,2021,2126,0.9506114769520225
validation,demand_spike,1011,SKU-001,independent,5,2123,2212,0.9597649186256781
validation,demand_spike,1011,SKU-001,normal_optimized,2,1455,1807,0.805201992252352
validation,demand_spike,1011,SKU-001,normal_optimized,3,1610,2078,0.7747834456207893
validation,demand_spike,1011,SKU-001,normal_optimized,4,1476,2126,0.6942615239887112
validation,demand_spike,1011,SKU-001,normal_optimized,5,1524,2212,0.6889692585895117
validation,demand_spike,1011,SKU-001,service_aware,2,1804,1807,0.9983397897066962
validation,demand_spike,1011,SKU-001,service_aware,3,2073,2078,0.9975938402309913
validation,demand_spike,1011,SKU-001,service_aware,4,2117,2126,0.995766698024459
validation,demand_spike,1011,SKU-001,service_aware,5,2198,2212,0.9936708860759493
validation,demand_spike,1012,SKU-001,independent,2,1760,1807,0.9739900387382402
validation,demand_spike,1012,SKU-001,independent,3,1958,2078,0.9422521655437921
validation,demand_spike,1012,SKU-001,independent,4,1961,2126,0.9223894637817498
validation,demand_spike,1012,SKU-001,independent,5,2100,2212,0.9493670886075949
validation,demand_spike,1012,SKU-001,normal_optimized,2,1506,1807,0.8334255672385169
validation,demand_spike,1012,SKU-001,normal_optimized,3,1644,2078,0.7911453320500481
validation,demand_spike,1012,SKU-001,normal_optimized,4,1483,2126,0.6975540921919097
validation,demand_spike,1012,SKU-001,normal_optimized,5,1542,2212,0.6971066907775768
validation,demand_spike,1012,SKU-001,service_aware,2,1798,1807,0.9950193691200886
validation,demand_spike,1012,SKU-001,service_aware,3,2034,2078,0.9788257940327237
validation,demand_spike,1012,SKU-001,service_aware,4,2054,2126,0.9661335841956726
validation,demand_spike,1012,SKU-001,service_aware,5,2198,2212,0.9936708860759493
validation,supplier_delay,1001,SKU-001,independent,2,1564,1565,0.9993610223642172
validation,supplier_delay,1001,SKU-001,independent,3,1792,1792,1.0
validation,supplier_delay,1001,SKU-001,independent,4,1786,1789,0.9983230855226384
validation,supplier_delay,1001,SKU-001,independent,5,1886,1898,0.9936775553213909
validation,supplier_delay,1001,SKU-001,normal_optimized,2,534,1565,0.3412140575079872
validation,supplier_delay,1001,SKU-001,normal_optimized,3,550,1792,0.30691964285714285
validation,supplier_delay,1001,SKU-001,normal_optimized,4,576,1789,0.3219675796534377
validation,supplier_delay,1001,SKU-001,normal_optimized,5,641,1898,0.3377239199157007
validation,supplier_delay,1001,SKU-001,service_aware,2,1565,1565,1.0
validation,supplier_delay,1001,SKU-001,service_aware,3,1792,1792,1.0
validation,supplier_delay,1001,SKU-001,service_aware,4,1789,1789,1.0
validation,supplier_delay,1001,SKU-001,service_aware,5,1898,1898,1.0
validation,supplier_delay,1002,SKU-001,independent,2,1565,1565,1.0
validation,supplier_delay,1002,SKU-001,independent,3,1792,1792,1.0
validation,supplier_delay,1002,SKU-001,independent,4,1756,1789,0.9815539407490218
validation,supplier_delay,1002,SKU-001,independent,5,1871,1898,0.9857744994731296
validation,supplier_delay,1002,SKU-001,normal_optimized,2,477,1565,0.3047923322683706
validation,supplier_delay,1002,SKU-001,normal_optimized,3,485,1792,0.27064732142857145
validation,supplier_delay,1002,SKU-001,normal_optimized,4,588,1789,0.3286752375628843
validation,supplier_delay,1002,SKU-001,normal_optimized,5,487,1898,0.2565858798735511
validation,supplier_delay,1002,SKU-001,service_aware,2,1565,1565,1.0
validation,supplier_delay,1002,SKU-001,service_aware,3,1792,1792,1.0
validation,supplier_delay,1002,SKU-001,service_aware,4,1783,1789,0.9966461710452766
validation,supplier_delay,1002,SKU-001,service_aware,5,1898,1898,1.0
validation,supplier_delay,1003,SKU-001,independent,2,1561,1565,0.997444089456869
validation,supplier_delay,1003,SKU-001,independent,3,1789,1792,0.9983258928571429
validation,supplier_delay,1003,SKU-001,independent,4,1761,1789,0.9843487982112912
validation,supplier_delay,1003,SKU-001,independent,5,1854,1898,0.9768177028451
validation,supplier_delay,1003,SKU-001,normal_optimized,2,599,1565,0.3827476038338658
validation,supplier_delay,1003,SKU-001,normal_optimized,3,465,1792,0.25948660714285715
validation,supplier_delay,1003,SKU-001,normal_optimized,4,587,1789,0.32811626607043043
validation,supplier_delay,1003,SKU-001,normal_optimized,5,489,1898,0.2576396206533193
validation,supplier_delay,1003,SKU-001,service_aware,2,1565,1565,1.0
validation,supplier_delay,1003,SKU-001,service_aware,3,1792,1792,1.0
validation,supplier_delay,1003,SKU-001,service_aware,4,1789,1789,1.0
validation,supplier_delay,1003,SKU-001,service_aware,5,1898,1898,1.0
validation,supplier_delay,1004,SKU-001,independent,2,1558,1565,0.9955271565495207
validation,supplier_delay,1004,SKU-001,independent,3,1792,1792,1.0
validation,supplier_delay,1004,SKU-001,independent,4,1762,1789,0.9849077697037452
validation,supplier_delay,1004,SKU-001,independent,5,1874,1898,0.9873551106427819
validation,supplier_delay,1004,SKU-001,normal_optimized,2,492,1565,0.31437699680511183
validation,supplier_delay,1004,SKU-001,normal_optimized,3,416,1792,0.23214285714285715
validation,supplier_delay,1004,SKU-001,normal_optimized,4,523,1789,0.2923420905533818
validation,supplier_delay,1004,SKU-001,normal_optimized,5,603,1898,0.3177028451001054
validation,supplier_delay,1004,SKU-001,service_aware,2,1565,1565,1.0
validation,supplier_delay,1004,SKU-001,service_aware,3,1792,1792,1.0
validation,supplier_delay,1004,SKU-001,service_aware,4,1789,1789,1.0
validation,supplier_delay,1004,SKU-001,service_aware,5,1898,1898,1.0
validation,supplier_delay,1005,SKU-001,independent,2,1565,1565,1.0
validation,supplier_delay,1005,SKU-001,independent,3,1784,1792,0.9955357142857143
validation,supplier_delay,1005,SKU-001,independent,4,1789,1789,1.0
validation,supplier_delay,1005,SKU-001,independent,5,1884,1898,0.9926238145416227
validation,supplier_delay,1005,SKU-001,normal_optimized,2,665,1565,0.4249201277955272
validation,supplier_delay,1005,SKU-001,normal_optimized,3,558,1792,0.31138392857142855
validation,supplier_delay,1005,SKU-001,normal_optimized,4,605,1789,0.33817775293460034
validation,supplier_delay,1005,SKU-001,normal_optimized,5,538,1898,0.2834562697576396
validation,supplier_delay,1005,SKU-001,service_aware,2,1565,1565,1.0
validation,supplier_delay,1005,SKU-001,service_aware,3,1792,1792,1.0
validation,supplier_delay,1005,SKU-001,service_aware,4,1789,1789,1.0
validation,supplier_delay,1005,SKU-001,service_aware,5,1898,1898,1.0
validation,supplier_delay,1006,SKU-001,independent,2,1558,1565,0.9955271565495207
validation,supplier_delay,1006,SKU-001,independent,3,1779,1792,0.9927455357142857
validation,supplier_delay,1006,SKU-001,independent,4,1766,1789,0.9871436556735607
validation,supplier_delay,1006,SKU-001,independent,5,1898,1898,1.0
validation,supplier_delay,1006,SKU-001,normal_optimized,2,656,1565,0.4191693290734824
validation,supplier_delay,1006,SKU-001,normal_optimized,3,526,1792,0.2935267857142857
validation,supplier_delay,1006,SKU-001,normal_optimized,4,640,1789,0.3577417551704863
validation,supplier_delay,1006,SKU-001,normal_optimized,5,578,1898,0.30453108535300316
validation,supplier_delay,1006,SKU-001,service_aware,2,1565,1565,1.0
validation,supplier_delay,1006,SKU-001,service_aware,3,1792,1792,1.0
validation,supplier_delay,1006,SKU-001,service_aware,4,1789,1789,1.0
validation,supplier_delay,1006,SKU-001,service_aware,5,1898,1898,1.0
validation,supplier_delay,1007,SKU-001,independent,2,1565,1565,1.0
validation,supplier_delay,1007,SKU-001,independent,3,1792,1792,1.0
validation,supplier_delay,1007,SKU-001,independent,4,1718,1789,0.9603130240357741
validation,supplier_delay,1007,SKU-001,independent,5,1883,1898,0.9920969441517387
validation,supplier_delay,1007,SKU-001,normal_optimized,2,608,1565,0.38849840255591056
validation,supplier_delay,1007,SKU-001,normal_optimized,3,510,1792,0.2845982142857143
validation,supplier_delay,1007,SKU-001,normal_optimized,4,594,1789,0.3320290665176076
validation,supplier_delay,1007,SKU-001,normal_optimized,5,485,1898,0.2555321390937829
validation,supplier_delay,1007,SKU-001,service_aware,2,1565,1565,1.0
validation,supplier_delay,1007,SKU-001,service_aware,3,1792,1792,1.0
validation,supplier_delay,1007,SKU-001,service_aware,4,1783,1789,0.9966461710452766
validation,supplier_delay,1007,SKU-001,service_aware,5,1898,1898,1.0
validation,supplier_delay,1008,SKU-001,independent,2,1563,1565,0.9987220447284345
validation,supplier_delay,1008,SKU-001,independent,3,1779,1792,0.9927455357142857
validation,supplier_delay,1008,SKU-001,independent,4,1786,1789,0.9983230855226384
validation,supplier_delay,1008,SKU-001,independent,5,1874,1898,0.9873551106427819
validation,supplier_delay,1008,SKU-001,normal_optimized,2,600,1565,0.38338658146964855
validation,supplier_delay,1008,SKU-001,normal_optimized,3,538,1792,0.3002232142857143
validation,supplier_delay,1008,SKU-001,normal_optimized,4,604,1789,0.33761878144214647
validation,supplier_delay,1008,SKU-001,normal_optimized,5,531,1898,0.279768177028451
validation,supplier_delay,1008,SKU-001,service_aware,2,1565,1565,1.0
validation,supplier_delay,1008,SKU-001,service_aware,3,1792,1792,1.0
validation,supplier_delay,1008,SKU-001,service_aware,4,1789,1789,1.0
validation,supplier_delay,1008,SKU-001,service_aware,5,1898,1898,1.0
validation,supplier_delay,1009,SKU-001,independent,2,1562,1565,0.9980830670926517
validation,supplier_delay,1009,SKU-001,independent,3,1786,1792,0.9966517857142857
validation,supplier_delay,1009,SKU-001,independent,4,1789,1789,1.0
validation,supplier_delay,1009,SKU-001,independent,5,1884,1898,0.9926238145416227
validation,supplier_delay,1009,SKU-001,normal_optimized,2,606,1565,0.38722044728434507
validation,supplier_delay,1009,SKU-001,normal_optimized,3,441,1792,0.24609375
validation,supplier_delay,1009,SKU-001,normal_optimized,4,602,1789,0.33650083845723866
validation,supplier_delay,1009,SKU-001,normal_optimized,5,502,1898,0.2644889357218124
validation,supplier_delay,1009,SKU-001,service_aware,2,1565,1565,1.0
validation,supplier_delay,1009,SKU-001,service_aware,3,1792,1792,1.0
validation,supplier_delay,1009,SKU-001,service_aware,4,1789,1789,1.0
validation,supplier_delay,1009,SKU-001,service_aware,5,1898,1898,1.0
validation,supplier_delay,1010,SKU-001,independent,2,1565,1565,1.0
validation,supplier_delay,1010,SKU-001,independent,3,1779,1792,0.9927455357142857
validation,supplier_delay,1010,SKU-001,independent,4,1765,1789,0.9865846841811068
validation,supplier_delay,1010,SKU-001,independent,5,1875,1898,0.987881981032666
validation,supplier_delay,1010,SKU-001,normal_optimized,2,574,1565,0.3667731629392971
validation,supplier_delay,1010,SKU-001,normal_optimized,3,491,1792,0.2739955357142857
validation,supplier_delay,1010,SKU-001,normal_optimized,4,516,1789,0.2884292901062046
validation,supplier_delay,1010,SKU-001,normal_optimized,5,467,1898,0.24604847207586933
validation,supplier_delay,1010,SKU-001,service_aware,2,1565,1565,1.0
validation,supplier_delay,1010,SKU-001,service_aware,3,1792,1792,1.0
validation,supplier_delay,1010,SKU-001,service_aware,4,1789,1789,1.0
validation,supplier_delay,1010,SKU-001,service_aware,5,1898,1898,1.0
validation,supplier_delay,1011,SKU-001,independent,2,1565,1565,1.0
validation,supplier_delay,1011,SKU-001,independent,3,1789,1792,0.9983258928571429
validation,supplier_delay,1011,SKU-001,independent,4,1764,1789,0.9860257126886529
validation,supplier_delay,1011,SKU-001,independent,5,1874,1898,0.9873551106427819
validation,supplier_delay,1011,SKU-001,normal_optimized,2,579,1565,0.36996805111821085
validation,supplier_delay,1011,SKU-001,normal_optimized,3,526,1792,0.2935267857142857
validation,supplier_delay,1011,SKU-001,normal_optimized,4,550,1789,0.3074343208496367
validation,supplier_delay,1011,SKU-001,normal_optimized,5,445,1898,0.23445732349841938
validation,supplier_delay,1011,SKU-001,service_aware,2,1565,1565,1.0
validation,supplier_delay,1011,SKU-001,service_aware,3,1792,1792,1.0
validation,supplier_delay,1011,SKU-001,service_aware,4,1789,1789,1.0
validation,supplier_delay,1011,SKU-001,service_aware,5,1898,1898,1.0
validation,supplier_delay,1012,SKU-001,independent,2,1565,1565,1.0
validation,supplier_delay,1012,SKU-001,independent,3,1750,1792,0.9765625
validation,supplier_delay,1012,SKU-001,independent,4,1753,1789,0.9798770262716602
validation,supplier_delay,1012,SKU-001,independent,5,1876,1898,0.9884088514225501
validation,supplier_delay,1012,SKU-001,normal_optimized,2,682,1565,0.43578274760383384
validation,supplier_delay,1012,SKU-001,normal_optimized,3,612,1792,0.34151785714285715
validation,supplier_delay,1012,SKU-001,normal_optimized,4,595,1789,0.3325880380100615
validation,supplier_delay,1012,SKU-001,normal_optimized,5,590,1898,0.3108535300316122
validation,supplier_delay,1012,SKU-001,service_aware,2,1565,1565,1.0
validation,supplier_delay,1012,SKU-001,service_aware,3,1789,1792,0.9983258928571429
validation,supplier_delay,1012,SKU-001,service_aware,4,1789,1789,1.0
validation,supplier_delay,1012,SKU-001,service_aware,5,1898,1898,1.0
validation,combined_stress,1001,SKU-001,independent,2,1413,1807,0.7819590481460985
validation,combined_stress,1001,SKU-001,independent,3,1607,2078,0.773339749759384
validation,combined_stress,1001,SKU-001,independent,4,1411,2126,0.6636876763875823
validation,combined_stress,1001,SKU-001,independent,5,1614,2212,0.7296564195298373
validation,combined_stress,1001,SKU-001,normal_optimized,2,395,1807,0.21859435528500276
validation,combined_stress,1001,SKU-001,normal_optimized,3,429,2078,0.2064485081809432
validation,combined_stress,1001,SKU-001,normal_optimized,4,484,2126,0.22765757290686736
validation,combined_stress,1001,SKU-001,normal_optimized,5,520,2212,0.23508137432188064
validation,combined_stress,1001,SKU-001,service_aware,2,1598,1807,0.884338682899834
validation,combined_stress,1001,SKU-001,service_aware,3,1803,2078,0.8676612127045236
validation,combined_stress,1001,SKU-001,service_aware,4,1616,2126,0.7601128880526811
validation,combined_stress,1001,SKU-001,service_aware,5,1760,2212,0.7956600361663653
validation,combined_stress,1002,SKU-001,independent,2,1488,1807,0.823464305478694
validation,combined_stress,1002,SKU-001,independent,3,1578,2078,0.7593840230991338
validation,combined_stress,1002,SKU-001,independent,4,1451,2126,0.6825023518344309
validation,combined_stress,1002,SKU-001,independent,5,1614,2212,0.7296564195298373
validation,combined_stress,1002,SKU-001,normal_optimized,2,318,1807,0.17598229109020475
validation,combined_stress,1002,SKU-001,normal_optimized,3,356,2078,0.17131857555341676
validation,combined_stress,1002,SKU-001,normal_optimized,4,495,2126,0.2328316086547507
validation,combined_stress,1002,SKU-001,normal_optimized,5,370,2212,0.16726943942133815
validation,combined_stress,1002,SKU-001,service_aware,2,1669,1807,0.9236303265080243
validation,combined_stress,1002,SKU-001,service_aware,3,1794,2078,0.8633301251203079
validation,combined_stress,1002,SKU-001,service_aware,4,1576,2126,0.7412982126058325
validation,combined_stress,1002,SKU-001,service_aware,5,1772,2212,0.8010849909584087
validation,combined_stress,1003,SKU-001,independent,2,1412,1807,0.7814056447149972
validation,combined_stress,1003,SKU-001,independent,3,1641,2078,0.789701636188643
validation,combined_stress,1003,SKU-001,independent,4,1481,2126,0.6966133584195673
validation,combined_stress,1003,SKU-001,independent,5,1509,2212,0.6821880650994575
validation,combined_stress,1003,SKU-001,normal_optimized,2,453,1807,0.2506917542888766
validation,combined_stress,1003,SKU-001,normal_optimized,3,328,2078,0.15784408084696824
validation,combined_stress,1003,SKU-001,normal_optimized,4,487,2126,0.229068673565381
validation,combined_stress,1003,SKU-001,normal_optimized,5,410,2212,0.1853526220614828
validation,combined_stress,1003,SKU-001,service_aware,2,1621,1807,0.8970669618151632
validation,combined_stress,1003,SKU-001,service_aware,3,1846,2078,0.888354186717998
validation,combined_stress,1003,SKU-001,service_aware,4,1632,2126,0.7676387582314205
validation,combined_stress,1003,SKU-001,service_aware,5,1712,2212,0.7739602169981917
validation,combined_stress,1004,SKU-001,independent,2,1374,1807,0.7603763143331489
validation,combined_stress,1004,SKU-001,independent,3,1614,2078,0.7767083734359962
validation,combined_stress,1004,SKU-001,independent,4,1434,2126,0.6745061147695203
validation,combined_stress,1004,SKU-001,independent,5,1693,2212,0.765370705244123
validation,combined_stress,1004,SKU-001,normal_optimized,2,398,1807,0.22025456557830658
validation,combined_stress,1004,SKU-001,normal_optimized,3,279,2078,0.13426371511068336
validation,combined_stress,1004,SKU-001,normal_optimized,4,427,2126,0.20084666039510818
validation,combined_stress,1004,SKU-001,normal_optimized,5,422,2212,0.19077757685352623
validation,combined_stress,1004,SKU-001,service_aware,2,1637,1807,0.9059214167127836
validation,combined_stress,1004,SKU-001,service_aware,3,1773,2078,0.8532242540904716
validation,combined_stress,1004,SKU-001,service_aware,4,1569,2126,0.738005644402634
validation,combined_stress,1004,SKU-001,service_aware,5,1842,2212,0.8327305605786618
validation,combined_stress,1005,SKU-001,independent,2,1489,1807,0.8240177089097952
validation,combined_stress,1005,SKU-001,independent,3,1676,2078,0.8065447545717036
validation,combined_stress,1005,SKU-001,independent,4,1465,2126,0.6890874882408279
validation,combined_stress,1005,SKU-001,independent,5,1616,2212,0.7305605786618445
validation,combined_stress,1005,SKU-001,normal_optimized,2,464,1807,0.2567791920309906
validation,combined_stress,1005,SKU-001,normal_optimized,3,378,2078,0.18190567853705486
validation,combined_stress,1005,SKU-001,normal_optimized,4,487,2126,0.229068673565381
validation,combined_stress,1005,SKU-001,normal_optimized,5,423,2212,0.19122965641952983
validation,combined_stress,1005,SKU-001,service_aware,2,1641,1807,0.9081350304371887
validation,combined_stress,1005,SKU-001,service_aware,3,1877,2078,0.9032723772858517
validation,combined_stress,1005,SKU-001,service_aware,4,1625,2126,0.764346190028222
validation,combined_stress,1005,SKU-001,service_aware,5,1817,2212,0.8214285714285714
validation,combined_stress,1006,SKU-001,independent,2,1522,1807,0.8422800221361373
validation,combined_stress,1006,SKU-001,independent,3,1642,2078,0.7901828681424446
validation,combined_stress,1006,SKU-001,independent,4,1501,2126,0.7060206961429916
validation,combined_stress,1006,SKU-001,independent,5,1608,2212,0.7269439421338155
validation,combined_stress,1006,SKU-001,normal_optimized,2,456,1807,0.2523519645821804
validation,combined_stress,1006,SKU-001,normal_optimized,3,357,2078,0.1717998075072185
validation,combined_stress,1006,SKU-001,normal_optimized,4,511,2126,0.24035747883349012
validation,combined_stress,1006,SKU-001,normal_optimized,5,470,2212,0.21247739602169982
validation,combined_stress,1006,SKU-001,service_aware,2,1701,1807,0.9413392363032651
validation,combined_stress,1006,SKU-001,service_aware,3,1806,2078,0.8691049085659288
validation,combined_stress,1006,SKU-001,service_aware,4,1665,2126,0.7831608654750706
validation,combined_stress,1006,SKU-001,service_aware,5,1788,2212,0.8083182640144665
validation,combined_stress,1007,SKU-001,independent,2,1463,1807,0.8096292197011622
validation,combined_stress,1007,SKU-001,independent,3,1653,2078,0.7954764196342637
validation,combined_stress,1007,SKU-001,independent,4,1363,2126,0.6411100658513641
validation,combined_stress,1007,SKU-001,independent,5,1584,2212,0.7160940325497287
validation,combined_stress,1007,SKU-001,normal_optimized,2,420,1807,0.23242944106253458
validation,combined_stress,1007,SKU-001,normal_optimized,3,358,2078,0.17228103946102022
validation,combined_stress,1007,SKU-001,normal_optimized,4,544,2126,0.2558795860771402
validation,combined_stress,1007,SKU-001,normal_optimized,5,390,2212,0.1763110307414105
validation,combined_stress,1007,SKU-001,service_aware,2,1661,1807,0.9192030990592142
validation,combined_stress,1007,SKU-001,service_aware,3,1869,2078,0.8994225216554379
validation,combined_stress,1007,SKU-001,service_aware,4,1518,2126,0.7140169332079022
validation,combined_stress,1007,SKU-001,service_aware,5,1722,2212,0.7784810126582279
validation,combined_stress,1008,SKU-001,independent,2,1475,1807,0.8162700608743774
validation,combined_stress,1008,SKU-001,independent,3,1595,2078,0.7675649663137633
validation,combined_stress,1008,SKU-001,independent,4,1434,2126,0.6745061147695203
validation,combined_stress,1008,SKU-001,independent,5,1578,2212,0.713381555153707
validation,combined_stress,1008,SKU-001,normal_optimized,2,443,1807,0.24515771997786387
validation,combined_stress,1008,SKU-001,normal_optimized,3,380,2078,0.18286814244465832
validation,combined_stress,1008,SKU-001,normal_optimized,4,503,2126,0.23659454374412042
validation,combined_stress,1008,SKU-001,normal_optimized,5,437,2212,0.19755877034358046
validation,combined_stress,1008,SKU-001,service_aware,2,1666,1807,0.9219701162147206
validation,combined_stress,1008,SKU-001,service_aware,3,1764,2078,0.848893166506256
validation,combined_stress,1008,SKU-001,service_aware,4,1642,2126,0.7723424270931326
validation,combined_stress,1008,SKU-001,service_aware,5,1721,2212,0.7780289330922242
validation,combined_stress,1009,SKU-001,independent,2,1437,1807,0.7952407304925291
validation,combined_stress,1009,SKU-001,independent,3,1596,2078,0.7680461982675649
validation,combined_stress,1009,SKU-001,independent,4,1412,2126,0.6641580432737535
validation,combined_stress,1009,SKU-001,independent,5,1535,2212,0.6939421338155516
validation,combined_stress,1009,SKU-001,normal_optimized,2,438,1807,0.2423907028223575
validation,combined_stress,1009,SKU-001,normal_optimized,3,297,2078,0.14292589027911454
validation,combined_stress,1009,SKU-001,normal_optimized,4,520,2126,0.24459078080903104
validation,combined_stress,1009,SKU-001,normal_optimized,5,424,2212,0.19168173598553345
validation,combined_stress,1009,SKU-001,service_aware,2,1609,1807,0.8904261206419479
validation,combined_stress,1009,SKU-001,service_aware,3,1763,2078,0.8484119345524542
validation,combined_stress,1009,SKU-001,service_aware,4,1579,2126,0.7427093132643462
validation,combined_stress,1009,SKU-001,service_aware,5,1781,2212,0.8051537070524413
validation,combined_stress,1010,SKU-001,independent,2,1484,1807,0.8212506917542889
validation,combined_stress,1010,SKU-001,independent,3,1631,2078,0.7848893166506256
validation,combined_stress,1010,SKU-001,independent,4,1399,2126,0.6580432737535278
validation,combined_stress,1010,SKU-001,independent,5,1538,2212,0.6952983725135624
validation,combined_stress,1010,SKU-001,normal_optimized,2,405,1807,0.2241283895960155
validation,combined_stress,1010,SKU-001,normal_optimized,3,321,2078,0.1544754571703561
validation,combined_stress,1010,SKU-001,normal_optimized,4,458,2126,0.2154280338664158
validation,combined_stress,1010,SKU-001,normal_optimized,5,424,2212,0.19168173598553345
validation,combined_stress,1010,SKU-001,service_aware,2,1650,1807,0.9131156613171002
validation,combined_stress,1010,SKU-001,service_aware,3,1779,2078,0.856111645813282
validation,combined_stress,1010,SKU-001,service_aware,4,1573,2126,0.7398871119473189
validation,combined_stress,1010,SKU-001,service_aware,5,1713,2212,0.7744122965641953
validation,combined_stress,1011,SKU-001,independent,2,1470,1807,0.813503043718871
validation,combined_stress,1011,SKU-001,independent,3,1700,2078,0.8180943214629451
validation,combined_stress,1011,SKU-001,independent,4,1388,2126,0.6528692380056444
validation,combined_stress,1011,SKU-001,independent,5,1491,2212,0.6740506329113924
validation,combined_stress,1011,SKU-001,normal_optimized,2,411,1807,0.22744881018262314
validation,combined_stress,1011,SKU-001,normal_optimized,3,359,2078,0.17276227141482195
validation,combined_stress,1011,SKU-001,normal_optimized,4,493,2126,0.23189087488240828
validation,combined_stress,1011,SKU-001,normal_optimized,5,398,2212,0.17992766726943943
validation,combined_stress,1011,SKU-001,service_aware,2,1663,1807,0.9203099059214167
validation,combined_stress,1011,SKU-001,service_aware,3,1870,2078,0.8999037536092397
validation,combined_stress,1011,SKU-001,service_aware,4,1580,2126,0.7431796801505174
validation,combined_stress,1011,SKU-001,service_aware,5,1679,2212,0.7590415913200723
validation,combined_stress,1012,SKU-001,independent,2,1498,1807,0.8289983397897067
validation,combined_stress,1012,SKU-001,independent,3,1649,2078,0.7935514918190568
validation,combined_stress,1012,SKU-001,independent,4,1379,2126,0.6486359360301035
validation,combined_stress,1012,SKU-001,independent,5,1600,2212,0.7233273056057866
validation,combined_stress,1012,SKU-001,normal_optimized,2,494,1807,0.2733812949640288
validation,combined_stress,1012,SKU-001,normal_optimized,3,419,2078,0.2016361886429259
validation,combined_stress,1012,SKU-001,normal_optimized,4,555,2126,0.2610536218250235
validation,combined_stress,1012,SKU-001,normal_optimized,5,506,2212,0.22875226039783003
validation,combined_stress,1012,SKU-001,service_aware,2,1641,1807,0.9081350304371887
validation,combined_stress,1012,SKU-001,service_aware,3,1818,2078,0.8748796920115496
validation,combined_stress,1012,SKU-001,service_aware,4,1565,2126,0.7361241768579492
validation,combined_stress,1012,SKU-001,service_aware,5,1719,2212,0.777124773960217
test,normal,1001,SKU-001,independent,2,1684,1701,0.9900058788947678
test,normal,1001,SKU-001,independent,3,1805,1811,0.9966869133075649
test,normal,1001,SKU-001,independent,4,1903,1911,0.9958137100994244
test,normal,1001,SKU-001,independent,5,2019,2037,0.9911634756995582
test,normal,1001,SKU-001,normal_optimized,2,1538,1701,0.9041740152851264
test,normal,1001,SKU-001,normal_optimized,3,1667,1811,0.9204859193815571
test,normal,1001,SKU-001,normal_optimized,4,1748,1911,0.9147043432757719
test,normal,1001,SKU-001,normal_optimized,5,1777,2037,0.8723613156602847
test,normal,1001,SKU-001,service_aware,2,1701,1701,1.0
test,normal,1001,SKU-001,service_aware,3,1811,1811,1.0
test,normal,1001,SKU-001,service_aware,4,1911,1911,1.0
test,normal,1001,SKU-001,service_aware,5,2037,2037,1.0
test,normal,1002,SKU-001,independent,2,1701,1701,1.0
test,normal,1002,SKU-001,independent,3,1810,1811,0.9994478188845941
test,normal,1002,SKU-001,independent,4,1911,1911,1.0
test,normal,1002,SKU-001,independent,5,2031,2037,0.9970544918998527
test,normal,1002,SKU-001,normal_optimized,2,1564,1701,0.9194591416813639
test,normal,1002,SKU-001,normal_optimized,3,1641,1811,0.906129210381005
test,normal,1002,SKU-001,normal_optimized,4,1811,1911,0.9476713762428048
test,normal,1002,SKU-001,normal_optimized,5,1830,2037,0.898379970544919
test,normal,1002,SKU-001,service_aware,2,1701,1701,1.0
test,normal,1002,SKU-001,service_aware,3,1811,1811,1.0
test,normal,1002,SKU-001,service_aware,4,1911,1911,1.0
test,normal,1002,SKU-001,service_aware,5,2037,2037,1.0
test,normal,1003,SKU-001,independent,2,1701,1701,1.0
test,normal,1003,SKU-001,independent,3,1803,1811,0.9955825510767532
test,normal,1003,SKU-001,independent,4,1903,1911,0.9958137100994244
test,normal,1003,SKU-001,independent,5,2037,2037,1.0
test,normal,1003,SKU-001,normal_optimized,2,1559,1701,0.916519694297472
test,normal,1003,SKU-001,normal_optimized,3,1645,1811,0.9083379348426284
test,normal,1003,SKU-001,normal_optimized,4,1707,1911,0.8932496075353218
test,normal,1003,SKU-001,normal_optimized,5,1844,2037,0.905252822778596
test,normal,1003,SKU-001,service_aware,2,1701,1701,1.0
test,normal,1003,SKU-001,service_aware,3,1811,1811,1.0
test,normal,1003,SKU-001,service_aware,4,1911,1911,1.0
test,normal,1003,SKU-001,service_aware,5,2037,2037,1.0
test,normal,1004,SKU-001,independent,2,1684,1701,0.9900058788947678
test,normal,1004,SKU-001,independent,3,1795,1811,0.9911651021535064
test,normal,1004,SKU-001,independent,4,1911,1911,1.0
test,normal,1004,SKU-001,independent,5,2027,2037,0.9950908198330879
test,normal,1004,SKU-001,normal_optimized,2,1529,1701,0.8988830099941211
test,normal,1004,SKU-001,normal_optimized,3,1620,1811,0.8945334069574821
test,normal,1004,SKU-001,normal_optimized,4,1752,1911,0.9167974882260597
test,normal,1004,SKU-001,normal_optimized,5,1826,2037,0.8964162984781542
test,normal,1004,SKU-001,service_aware,2,1701,1701,1.0
test,normal,1004,SKU-001,service_aware,3,1811,1811,1.0
test,normal,1004,SKU-001,service_aware,4,1911,1911,1.0
test,normal,1004,SKU-001,service_aware,5,2037,2037,1.0
test,normal,1005,SKU-001,independent,2,1699,1701,0.9988242210464433
test,normal,1005,SKU-001,independent,3,1811,1811,1.0
test,normal,1005,SKU-001,independent,4,1911,1911,1.0
test,normal,1005,SKU-001,independent,5,2037,2037,1.0
test,normal,1005,SKU-001,normal_optimized,2,1535,1701,0.9024103468547913
test,normal,1005,SKU-001,normal_optimized,3,1659,1811,0.9160684704583103
test,normal,1005,SKU-001,normal_optimized,4,1790,1911,0.9366823652537938
test,normal,1005,SKU-001,normal_optimized,5,1812,2037,0.8895434462444771
test,normal,1005,SKU-001,service_aware,2,1701,1701,1.0
test,normal,1005,SKU-001,service_aware,3,1811,1811,1.0
test,normal,1005,SKU-001,service_aware,4,1911,1911,1.0
test,normal,1005,SKU-001,service_aware,5,2037,2037,1.0
test,normal,1006,SKU-001,independent,2,1692,1701,0.9947089947089947
test,normal,1006,SKU-001,independent,3,1809,1811,0.9988956377691883
test,normal,1006,SKU-001,independent,4,1911,1911,1.0
test,normal,1006,SKU-001,independent,5,2037,2037,1.0
test,normal,1006,SKU-001,normal_optimized,2,1520,1701,0.8935920047031158
test,normal,1006,SKU-001,normal_optimized,3,1630,1811,0.9000552181115405
test,normal,1006,SKU-001,normal_optimized,4,1752,1911,0.9167974882260597
test,normal,1006,SKU-001,normal_optimized,5,1858,2037,0.9121256750122729
test,normal,1006,SKU-001,service_aware,2,1701,1701,1.0
test,normal,1006,SKU-001,service_aware,3,1811,1811,1.0
test,normal,1006,SKU-001,service_aware,4,1911,1911,1.0
test,normal,1006,SKU-001,service_aware,5,2037,2037,1.0
test,normal,1007,SKU-001,independent,2,1699,1701,0.9988242210464433
test,normal,1007,SKU-001,independent,3,1811,1811,1.0
test,normal,1007,SKU-001,independent,4,1907,1911,0.9979068550497122
test,normal,1007,SKU-001,independent,5,2037,2037,1.0
test,normal,1007,SKU-001,normal_optimized,2,1532,1701,0.9006466784244562
test,normal,1007,SKU-001,normal_optimized,3,1683,1811,0.9293208172280508
test,normal,1007,SKU-001,normal_optimized,4,1717,1911,0.8984824699110413
test,normal,1007,SKU-001,normal_optimized,5,1862,2037,0.9140893470790378
test,normal,1007,SKU-001,service_aware,2,1701,1701,1.0
test,normal,1007,SKU-001,service_aware,3,1811,1811,1.0
test,normal,1007,SKU-001,service_aware,4,1911,1911,1.0
test,normal,1007,SKU-001,service_aware,5,2037,2037,1.0
test,normal,1008,SKU-001,independent,2,1691,1701,0.9941211052322163
test,normal,1008,SKU-001,independent,3,1808,1811,0.9983434566537824
test,normal,1008,SKU-001,independent,4,1911,1911,1.0
test,normal,1008,SKU-001,independent,5,2034,2037,0.9985272459499264
test,normal,1008,SKU-001,normal_optimized,2,1542,1701,0.9065255731922398
test,normal,1008,SKU-001,normal_optimized,3,1649,1811,0.9105466593042518
test,normal,1008,SKU-001,normal_optimized,4,1790,1911,0.9366823652537938
test,normal,1008,SKU-001,normal_optimized,5,1792,2037,0.8797250859106529
test,normal,1008,SKU-001,service_aware,2,1701,1701,1.0
test,normal,1008,SKU-001,service_aware,3,1811,1811,1.0
test,normal,1008,SKU-001,service_aware,4,1911,1911,1.0
test,normal,1008,SKU-001,service_aware,5,2037,2037,1.0
test,normal,1009,SKU-001,independent,2,1695,1701,0.9964726631393298
test,normal,1009,SKU-001,independent,3,1811,1811,1.0
test,normal,1009,SKU-001,independent,4,1911,1911,1.0
test,normal,1009,SKU-001,independent,5,2034,2037,0.9985272459499264
test,normal,1009,SKU-001,normal_optimized,2,1535,1701,0.9024103468547913
test,normal,1009,SKU-001,normal_optimized,3,1569,1811,0.8663721700717836
test,normal,1009,SKU-001,normal_optimized,4,1774,1911,0.9283097854526426
test,normal,1009,SKU-001,normal_optimized,5,1791,2037,0.8792341678939617
test,normal,1009,SKU-001,service_aware,2,1701,1701,1.0
test,normal,1009,SKU-001,service_aware,3,1811,1811,1.0
test,normal,1009,SKU-001,service_aware,4,1911,1911,1.0
test,normal,1009,SKU-001,service_aware,5,2037,2037,1.0
test,normal,1010,SKU-001,independent,2,1684,1701,0.9900058788947678
test,normal,1010,SKU-001,independent,3,1811,1811,1.0
test,normal,1010,SKU-001,independent,4,1911,1911,1.0
test,normal,1010,SKU-001,independent,5,2028,2037,0.9955817378497791
test,normal,1010,SKU-001,normal_optimized,2,1518,1701,0.892416225749559
test,normal,1010,SKU-001,normal_optimized,3,1709,1811,0.943677526228603
test,normal,1010,SKU-001,normal_optimized,4,1749,1911,0.9152276295133438
test,normal,1010,SKU-001,normal_optimized,5,1769,2037,0.868433971526755
test,normal,1010,SKU-001,service_aware,2,1701,1701,1.0
test,normal,1010,SKU-001,service_aware,3,1811,1811,1.0
test,normal,1010,SKU-001,service_aware,4,1911,1911,1.0
test,normal,1010,SKU-001,service_aware,5,2037,2037,1.0
test,normal,1011,SKU-001,independent,2,1688,1701,0.9923574368018813
test,normal,1011,SKU-001,independent,3,1811,1811,1.0
test,normal,1011,SKU-001,independent,4,1911,1911,1.0
test,normal,1011,SKU-001,independent,5,2024,2037,0.9936180657830143
test,normal,1011,SKU-001,normal_optimized,2,1530,1701,0.8994708994708994
test,normal,1011,SKU-001,normal_optimized,3,1712,1811,0.9453340695748206
test,normal,1011,SKU-001,normal_optimized,4,1735,1911,0.9079016221873365
test,normal,1011,SKU-001,normal_optimized,5,1782,2037,0.8748159057437408
test,normal,1011,SKU-001,service_aware,2,1701,1701,1.0
test,normal,1011,SKU-001,service_aware,3,1811,1811,1.0
test,normal,1011,SKU-001,service_aware,4,1911,1911,1.0
test,normal,1011,SKU-001,service_aware,5,2037,2037,1.0
test,normal,1012,SKU-001,independent,2,1699,1701,0.9988242210464433
test,normal,1012,SKU-001,independent,3,1808,1811,0.9983434566537824
test,normal,1012,SKU-001,independent,4,1907,1911,0.9979068550497122
test,normal,1012,SKU-001,independent,5,2029,2037,0.9960726558664703
test,normal,1012,SKU-001,normal_optimized,2,1526,1701,0.897119341563786
test,normal,1012,SKU-001,normal_optimized,3,1607,1811,0.8873550524572059
test,normal,1012,SKU-001,normal_optimized,4,1718,1911,0.8990057561486133
test,normal,1012,SKU-001,normal_optimized,5,1788,2037,0.8777614138438881
test,normal,1012,SKU-001,service_aware,2,1701,1701,1.0
test,normal,1012,SKU-001,service_aware,3,1811,1811,1.0
test,normal,1012,SKU-001,service_aware,4,1911,1911,1.0
test,normal,1012,SKU-001,service_aware,5,2037,2037,1.0
test,demand_spike,1001,SKU-001,independent,2,1902,1970,0.965482233502538
test,demand_spike,1001,SKU-001,independent,3,2018,2136,0.9447565543071161
test,demand_spike,1001,SKU-001,independent,4,2188,2210,0.9900452488687783
test,demand_spike,1001,SKU-001,independent,5,2234,2367,0.9438107308829742
test,demand_spike,1001,SKU-001,normal_optimized,2,1394,1970,0.7076142131979696
test,demand_spike,1001,SKU-001,normal_optimized,3,1429,2136,0.6690074906367042
test,demand_spike,1001,SKU-001,normal_optimized,4,1627,2210,0.7361990950226245
test,demand_spike,1001,SKU-001,normal_optimized,5,1581,2367,0.6679340937896071
test,demand_spike,1001,SKU-001,service_aware,2,1949,1970,0.9893401015228427
test,demand_spike,1001,SKU-001,service_aware,3,2099,2136,0.9826779026217228
test,demand_spike,1001,SKU-001,service_aware,4,2210,2210,1.0
test,demand_spike,1001,SKU-001,service_aware,5,2362,2367,0.9978876214617659
test,demand_spike,1002,SKU-001,independent,2,1913,1970,0.9710659898477157
test,demand_spike,1002,SKU-001,independent,3,2062,2136,0.9653558052434457
test,demand_spike,1002,SKU-001,independent,4,2157,2210,0.9760180995475113
test,demand_spike,1002,SKU-001,independent,5,2273,2367,0.9602872834811998
test,demand_spike,1002,SKU-001,normal_optimized,2,1387,1970,0.7040609137055838
test,demand_spike,1002,SKU-001,normal_optimized,3,1431,2136,0.6699438202247191
test,demand_spike,1002,SKU-001,normal_optimized,4,1678,2210,0.7592760180995475
test,demand_spike,1002,SKU-001,normal_optimized,5,1663,2367,0.7025771018166456
test,demand_spike,1002,SKU-001,service_aware,2,1969,1970,0.999492385786802
test,demand_spike,1002,SKU-001,service_aware,3,2125,2136,0.9948501872659176
test,demand_spike,1002,SKU-001,service_aware,4,2207,2210,0.9986425339366516
test,demand_spike,1002,SKU-001,service_aware,5,2351,2367,0.9932403886776511
test,demand_spike,1003,SKU-001,independent,2,1878,1970,0.9532994923857868
test,demand_spike,1003,SKU-001,independent,3,2052,2136,0.9606741573033708
test,demand_spike,1003,SKU-001,independent,4,2121,2210,0.9597285067873303
test,demand_spike,1003,SKU-001,independent,5,2282,2367,0.9640895648500212
test,demand_spike,1003,SKU-001,normal_optimized,2,1451,1970,0.7365482233502538
test,demand_spike,1003,SKU-001,normal_optimized,3,1488,2136,0.6966292134831461
test,demand_spike,1003,SKU-001,normal_optimized,4,1562,2210,0.7067873303167421
test,demand_spike,1003,SKU-001,normal_optimized,5,1764,2367,0.7452471482889734
test,demand_spike,1003,SKU-001,service_aware,2,1967,1970,0.9984771573604061
test,demand_spike,1003,SKU-001,service_aware,3,2136,2136,1.0
test,demand_spike,1003,SKU-001,service_aware,4,2205,2210,0.997737556561086
test,demand_spike,1003,SKU-001,service_aware,5,2356,2367,0.9953527672158851
test,demand_spike,1004,SKU-001,independent,2,1870,1970,0.949238578680203
test,demand_spike,1004,SKU-001,independent,3,2001,2136,0.9367977528089888
test,demand_spike,1004,SKU-001,independent,4,2137,2210,0.9669683257918552
test,demand_spike,1004,SKU-001,independent,5,2298,2367,0.9708491761723701
test,demand_spike,1004,SKU-001,normal_optimized,2,1433,1970,0.7274111675126903
test,demand_spike,1004,SKU-001,normal_optimized,3,1447,2136,0.677434456928839
test,demand_spike,1004,SKU-001,normal_optimized,4,1639,2210,0.7416289592760181
test,demand_spike,1004,SKU-001,normal_optimized,5,1715,2367,0.7245458386142797
test,demand_spike,1004,SKU-001,service_aware,2,1946,1970,0.9878172588832488
test,demand_spike,1004,SKU-001,service_aware,3,2086,2136,0.9765917602996255
test,demand_spike,1004,SKU-001,service_aware,4,2207,2210,0.9986425339366516
test,demand_spike,1004,SKU-001,service_aware,5,2351,2367,0.9932403886776511
test,demand_spike,1005,SKU-001,independent,2,1876,1970,0.9522842639593908
test,demand_spike,1005,SKU-001,independent,3,2021,2136,0.9461610486891385
test,demand_spike,1005,SKU-001,independent,4,2165,2210,0.9796380090497737
test,demand_spike,1005,SKU-001,independent,5,2315,2367,0.9780312632023659
test,demand_spike,1005,SKU-001,normal_optimized,2,1421,1970,0.7213197969543147
test,demand_spike,1005,SKU-001,normal_optimized,3,1443,2136,0.675561797752809
test,demand_spike,1005,SKU-001,normal_optimized,4,1767,2210,0.7995475113122172
test,demand_spike,1005,SKU-001,normal_optimized,5,1764,2367,0.7452471482889734
test,demand_spike,1005,SKU-001,service_aware,2,1958,1970,0.9939086294416244
test,demand_spike,1005,SKU-001,service_aware,3,2121,2136,0.9929775280898876
test,demand_spike,1005,SKU-001,service_aware,4,2210,2210,1.0
test,demand_spike,1005,SKU-001,service_aware,5,2367,2367,1.0
test,demand_spike,1006,SKU-001,independent,2,1903,1970,0.965989847715736
test,demand_spike,1006,SKU-001,independent,3,2066,2136,0.9672284644194756
test,demand_spike,1006,SKU-001,independent,4,2169,2210,0.9814479638009049
test,demand_spike,1006,SKU-001,independent,5,2276,2367,0.9615547106041402
test,demand_spike,1006,SKU-001,normal_optimized,2,1547,1970,0.7852791878172589
test,demand_spike,1006,SKU-001,normal_optimized,3,1387,2136,0.6493445692883895
test,demand_spike,1006,SKU-001,normal_optimized,4,1655,2210,0.748868778280543
test,demand_spike,1006,SKU-001,normal_optimized,5,1800,2367,0.7604562737642585
test,demand_spike,1006,SKU-001,service_aware,2,1949,1970,0.9893401015228427
test,demand_spike,1006,SKU-001,service_aware,3,2123,2136,0.9939138576779026
test,demand_spike,1006,SKU-001,service_aware,4,2210,2210,1.0
test,demand_spike,1006,SKU-001,service_aware,5,2352,2367,0.9936628643852978
test,demand_spike,1007,SKU-001,independent,2,1868,1970,0.9482233502538071
test,demand_spike,1007,SKU-001,independent,3,2031,2136,0.9508426966292135
test,demand_spike,1007,SKU-001,independent,4,2141,2210,0.9687782805429864
test,demand_spike,1007,SKU-001,independent,5,2348,2367,0.9919729615547106
test,demand_spike,1007,SKU-001,normal_optimized,2,1420,1970,0.7208121827411168
test,demand_spike,1007,SKU-001,normal_optimized,3,1589,2136,0.7439138576779026
test,demand_spike,1007,SKU-001,normal_optimized,4,1497,2210,0.6773755656108598
test,demand_spike,1007,SKU-001,normal_optimized,5,1622,2367,0.6852555978031263
test,demand_spike,1007,SKU-001,service_aware,2,1969,1970,0.999492385786802
test,demand_spike,1007,SKU-001,service_aware,3,2130,2136,0.9971910112359551
test,demand_spike,1007,SKU-001,service_aware,4,2207,2210,0.9986425339366516
test,demand_spike,1007,SKU-001,service_aware,5,2367,2367,1.0
test,demand_spike,1008,SKU-001,independent,2,1914,1970,0.9715736040609138
test,demand_spike,1008,SKU-001,independent,3,2054,2136,0.9616104868913857
test,demand_spike,1008,SKU-001,independent,4,2210,2210,1.0
test,demand_spike,1008,SKU-001,independent,5,2297,2367,0.9704267004647232
test,demand_spike,1008,SKU-001,normal_optimized,2,1471,1970,0.7467005076142132
test,demand_spike,1008,SKU-001,normal_optimized,3,1419,2136,0.6643258426966292
test,demand_spike,1008,SKU-001,normal_optimized,4,1669,2210,0.7552036199095022
test,demand_spike,1008,SKU-001,normal_optimized,5,1620,2367,0.6844106463878327
test,demand_spike,1008,SKU-001,service_aware,2,1967,1970,0.9984771573604061
test,demand_spike,1008,SKU-001,service_aware,3,2123,2136,0.9939138576779026
test,demand_spike,1008,SKU-001,service_aware,4,2210,2210,1.0
test,demand_spike,1008,SKU-001,service_aware,5,2367,2367,1.0
test,demand_spike,1009,SKU-001,independent,2,1842,1970,0.9350253807106599
test,demand_spike,1009,SKU-001,independent,3,1994,2136,0.9335205992509363
test,demand_spike,1009,SKU-001,independent,4,2166,2210,0.9800904977375565
test,demand_spike,1009,SKU-001,independent,5,2253,2367,0.9518377693282636
test,demand_spike,1009,SKU-001,normal_optimized,2,1453,1970,0.7375634517766497
test,demand_spike,1009,SKU-001,normal_optimized,3,1400,2136,0.6554307116104869
test,demand_spike,1009,SKU-001,normal_optimized,4,1659,2210,0.7506787330316742
test,demand_spike,1009,SKU-001,normal_optimized,5,1618,2367,0.683565694972539
test,demand_spike,1009,SKU-001,service_aware,2,1948,1970,0.9888324873096447
test,demand_spike,1009,SKU-001,service_aware,3,2090,2136,0.9784644194756554
test,demand_spike,1009,SKU-001,service_aware,4,2210,2210,1.0
test,demand_spike,1009,SKU-001,service_aware,5,2347,2367,0.9915504858470638
test,demand_spike,1010,SKU-001,independent,2,1851,1970,0.9395939086294416
test,demand_spike,1010,SKU-001,independent,3,2068,2136,0.9681647940074907
test,demand_spike,1010,SKU-001,independent,4,2115,2210,0.9570135746606335
test,demand_spike,1010,SKU-001,independent,5,2241,2367,0.9467680608365019
test,demand_spike,1010,SKU-001,normal_optimized,2,1356,1970,0.6883248730964467
test,demand_spike,1010,SKU-001,normal_optimized,3,1589,2136,0.7439138576779026
test,demand_spike,1010,SKU-001,normal_optimized,4,1540,2210,0.6968325791855203
test,demand_spike,1010,SKU-001,normal_optimized,5,1536,2367,0.6489226869455006
test,demand_spike,1010,SKU-001,service_aware,2,1949,1970,0.9893401015228427
test,demand_spike,1010,SKU-001,service_aware,3,2123,2136,0.9939138576779026
test,demand_spike,1010,SKU-001,service_aware,4,2203,2210,0.9968325791855204
test,demand_spike,1010,SKU-001,service_aware,5,2356,2367,0.9953527672158851
test,demand_spike,1011,SKU-001,independent,2,1836,1970,0.9319796954314721
test,demand_spike,1011,SKU-001,independent,3,2107,2136,0.9864232209737828
test,demand_spike,1011,SKU-001,independent,4,2179,2210,0.9859728506787331
test,demand_spike,1011,SKU-001,independent,5,2220,2367,0.9378960709759189
test,demand_spike,1011,SKU-001,normal_optimized,2,1450,1970,0.7360406091370558
test,demand_spike,1011,SKU-001,normal_optimized,3,1611,2136,0.7542134831460674
test,demand_spike,1011,SKU-001,normal_optimized,4,1688,2210,0.7638009049773755
test,demand_spike,1011,SKU-001,normal_optimized,5,1613,2367,0.6814533164343051
test,demand_spike,1011,SKU-001,service_aware,2,1928,1970,0.9786802030456853
test,demand_spike,1011,SKU-001,service_aware,3,2136,2136,1.0
test,demand_spike,1011,SKU-001,service_aware,4,2210,2210,1.0
test,demand_spike,1011,SKU-001,service_aware,5,2332,2367,0.9852133502323617
test,demand_spike,1012,SKU-001,independent,2,1889,1970,0.9588832487309644
test,demand_spike,1012,SKU-001,independent,3,1945,2136,0.9105805243445693
test,demand_spike,1012,SKU-001,independent,4,2155,2210,0.9751131221719457
test,demand_spike,1012,SKU-001,independent,5,2275,2367,0.9611322348964935
test,demand_spike,1012,SKU-001,normal_optimized,2,1465,1970,0.7436548223350253
test,demand_spike,1012,SKU-001,normal_optimized,3,1516,2136,0.7097378277153558
test,demand_spike,1012,SKU-001,normal_optimized,4,1580,2210,0.7149321266968326
test,demand_spike,1012,SKU-001,normal_optimized,5,1501,2367,0.6341360371778623
test,demand_spike,1012,SKU-001,service_aware,2,1962,1970,0.9959390862944163
test,demand_spike,1012,SKU-001,service_aware,3,2083,2136,0.975187265917603
test,demand_spike,1012,SKU-001,service_aware,4,2210,2210,1.0
test,demand_spike,1012,SKU-001,service_aware,5,2367,2367,1.0
test,supplier_delay,1001,SKU-001,independent,2,1669,1701,0.9811875367430923
test,supplier_delay,1001,SKU-001,independent,3,1770,1811,0.97736057426836
test,supplier_delay,1001,SKU-001,independent,4,1869,1911,0.978021978021978
test,supplier_delay,1001,SKU-001,independent,5,1987,2037,0.9754540991654393
test,supplier_delay,1001,SKU-001,normal_optimized,2,425,1701,0.2498530276308054
test,supplier_delay,1001,SKU-001,normal_optimized,3,394,1811,0.21755935946990612
test,supplier_delay,1001,SKU-001,normal_optimized,4,413,1911,0.21611721611721613
test,supplier_delay,1001,SKU-001,normal_optimized,5,414,2037,0.203240058910162
test,supplier_delay,1001,SKU-001,service_aware,2,1701,1701,1.0
test,supplier_delay,1001,SKU-001,service_aware,3,1811,1811,1.0
test,supplier_delay,1001,SKU-001,service_aware,4,1909,1911,0.998953427524856
test,supplier_delay,1001,SKU-001,service_aware,5,2037,2037,1.0
test,supplier_delay,1002,SKU-001,independent,2,1701,1701,1.0
test,supplier_delay,1002,SKU-001,independent,3,1789,1811,0.9878520154610713
test,supplier_delay,1002,SKU-001,independent,4,1880,1911,0.9837781266352695
test,supplier_delay,1002,SKU-001,independent,5,2006,2037,0.9847815414825725
test,supplier_delay,1002,SKU-001,normal_optimized,2,382,1701,0.22457378012933568
test,supplier_delay,1002,SKU-001,normal_optimized,3,276,1811,0.15240198785201547
test,supplier_delay,1002,SKU-001,normal_optimized,4,436,1911,0.228152799581371
test,supplier_delay,1002,SKU-001,normal_optimized,5,402,2037,0.19734904270986744
test,supplier_delay,1002,SKU-001,service_aware,2,1701,1701,1.0
test,supplier_delay,1002,SKU-001,service_aware,3,1811,1811,1.0
test,supplier_delay,1002,SKU-001,service_aware,4,1901,1911,0.9947671376242805
test,supplier_delay,1002,SKU-001,service_aware,5,2037,2037,1.0
test,supplier_delay,1003,SKU-001,independent,2,1701,1701,1.0
test,supplier_delay,1003,SKU-001,independent,3,1798,1811,0.992821645499724
test,supplier_delay,1003,SKU-001,independent,4,1882,1911,0.9848246991104134
test,supplier_delay,1003,SKU-001,independent,5,1994,2037,0.9788905252822778
test,supplier_delay,1003,SKU-001,normal_optimized,2,330,1701,0.19400352733686066
test,supplier_delay,1003,SKU-001,normal_optimized,3,332,1811,0.18332413031474323
test,supplier_delay,1003,SKU-001,normal_optimized,4,375,1911,0.19623233908948196
test,supplier_delay,1003,SKU-001,normal_optimized,5,326,2037,0.16003927344133528
test,supplier_delay,1003,SKU-001,service_aware,2,1701,1701,1.0
test,supplier_delay,1003,SKU-001,service_aware,3,1811,1811,1.0
test,supplier_delay,1003,SKU-001,service_aware,4,1911,1911,1.0
test,supplier_delay,1003,SKU-001,service_aware,5,2037,2037,1.0
test,supplier_delay,1004,SKU-001,independent,2,1678,1701,0.9864785420340976
test,supplier_delay,1004,SKU-001,independent,3,1771,1811,0.9779127553837659
test,supplier_delay,1004,SKU-001,independent,4,1873,1911,0.9801151229722659
test,supplier_delay,1004,SKU-001,independent,5,2011,2037,0.9872361315660285
test,supplier_delay,1004,SKU-001,normal_optimized,2,479,1701,0.28159905937683716
test,supplier_delay,1004,SKU-001,normal_optimized,3,300,1811,0.16565433462175594
test,supplier_delay,1004,SKU-001,normal_optimized,4,404,1911,0.21140763997906856
test,supplier_delay,1004,SKU-001,normal_optimized,5,310,2037,0.15218458517427588
test,supplier_delay,1004,SKU-001,service_aware,2,1701,1701,1.0
test,supplier_delay,1004,SKU-001,service_aware,3,1811,1811,1.0
test,supplier_delay,1004,SKU-001,service_aware,4,1905,1911,0.9968602825745683
test,supplier_delay,1004,SKU-001,service_aware,5,2037,2037,1.0
test,supplier_delay,1005,SKU-001,independent,2,1695,1701,0.9964726631393298
test,supplier_delay,1005,SKU-001,independent,3,1775,1811,0.9801214798453893
test,supplier_delay,1005,SKU-001,independent,4,1866,1911,0.9764521193092621
test,supplier_delay,1005,SKU-001,independent,5,1999,2037,0.9813451153657339
test,supplier_delay,1005,SKU-001,normal_optimized,2,570,1701,0.3350970017636684
test,supplier_delay,1005,SKU-001,normal_optimized,3,479,1811,0.26449475427940367
test,supplier_delay,1005,SKU-001,normal_optimized,4,421,1911,0.22030350601779172
test,supplier_delay,1005,SKU-001,normal_optimized,5,418,2037,0.20520373097692685
test,supplier_delay,1005,SKU-001,service_aware,2,1701,1701,1.0
test,supplier_delay,1005,SKU-001,service_aware,3,1794,1811,0.9906129210381005
test,supplier_delay,1005,SKU-001,service_aware,4,1899,1911,0.9937205651491365
test,supplier_delay,1005,SKU-001,service_aware,5,2037,2037,1.0
test,supplier_delay,1006,SKU-001,independent,2,1689,1701,0.9929453262786596
test,supplier_delay,1006,SKU-001,independent,3,1782,1811,0.9839867476532302
test,supplier_delay,1006,SKU-001,independent,4,1891,1911,0.989534275248561
test,supplier_delay,1006,SKU-001,independent,5,2007,2037,0.9852724594992637
test,supplier_delay,1006,SKU-001,normal_optimized,2,453,1701,0.26631393298059963
test,supplier_delay,1006,SKU-001,normal_optimized,3,405,1811,0.22363335173937052
test,supplier_delay,1006,SKU-001,normal_optimized,4,481,1911,0.25170068027210885
test,supplier_delay,1006,SKU-001,normal_optimized,5,299,2037,0.14678448699067256
test,supplier_delay,1006,SKU-001,service_aware,2,1701,1701,1.0
test,supplier_delay,1006,SKU-001,service_aware,3,1811,1811,1.0
test,supplier_delay,1006,SKU-001,service_aware,4,1911,1911,1.0
test,supplier_delay,1006,SKU-001,service_aware,5,2035,2037,0.9990181639666176
test,supplier_delay,1007,SKU-001,independent,2,1699,1701,0.9988242210464433
test,supplier_delay,1007,SKU-001,independent,3,1789,1811,0.9878520154610713
test,supplier_delay,1007,SKU-001,independent,4,1867,1911,0.9769754055468342
test,supplier_delay,1007,SKU-001,independent,5,2007,2037,0.9852724594992637
test,supplier_delay,1007,SKU-001,normal_optimized,2,493,1701,0.2898295120517343
test,supplier_delay,1007,SKU-001,normal_optimized,3,379,1811,0.20927664273881832
test,supplier_delay,1007,SKU-001,normal_optimized,4,321,1911,0.16797488226059654
test,supplier_delay,1007,SKU-001,normal_optimized,5,278,2037,0.13647520864015708
test,supplier_delay,1007,SKU-001,service_aware,2,1701,1701,1.0
test,supplier_delay,1007,SKU-001,service_aware,3,1811,1811,1.0
test,supplier_delay,1007,SKU-001,service_aware,4,1911,1911,1.0
test,supplier_delay,1007,SKU-001,service_aware,5,2037,2037,1.0
test,supplier_delay,1008,SKU-001,independent,2,1691,1701,0.9941211052322163
test,supplier_delay,1008,SKU-001,independent,3,1783,1811,0.9845389287686361
test,supplier_delay,1008,SKU-001,independent,4,1887,1911,0.9874411302982732
test,supplier_delay,1008,SKU-001,independent,5,2001,2037,0.9823269513991163
test,supplier_delay,1008,SKU-001,normal_optimized,2,496,1701,0.2915931804820694
test,supplier_delay,1008,SKU-001,normal_optimized,3,463,1811,0.25565985643291
test,supplier_delay,1008,SKU-001,normal_optimized,4,388,1911,0.2030350601779173
test,supplier_delay,1008,SKU-001,normal_optimized,5,341,2037,0.16740304369170347
test,supplier_delay,1008,SKU-001,service_aware,2,1701,1701,1.0
test,supplier_delay,1008,SKU-001,service_aware,3,1811,1811,1.0
test,supplier_delay,1008,SKU-001,service_aware,4,1911,1911,1.0
test,supplier_delay,1008,SKU-001,service_aware,5,2033,2037,0.9980363279332352
test,supplier_delay,1009,SKU-001,independent,2,1684,1701,0.9900058788947678
test,supplier_delay,1009,SKU-001,independent,3,1766,1811,0.9751518498067366
test,supplier_delay,1009,SKU-001,independent,4,1897,1911,0.9926739926739927
test,supplier_delay,1009,SKU-001,independent,5,1980,2037,0.9720176730486009
test,supplier_delay,1009,SKU-001,normal_optimized,2,443,1701,0.260435038212816
test,supplier_delay,1009,SKU-001,normal_optimized,3,354,1811,0.195472114853672
test,supplier_delay,1009,SKU-001,normal_optimized,4,404,1911,0.21140763997906856
test,supplier_delay,1009,SKU-001,normal_optimized,5,373,2037,0.18311242022582228
test,supplier_delay,1009,SKU-001,service_aware,2,1701,1701,1.0
test,supplier_delay,1009,SKU-001,service_aware,3,1808,1811,0.9983434566537824
test,supplier_delay,1009,SKU-001,service_aware,4,1911,1911,1.0
test,supplier_delay,1009,SKU-001,service_aware,5,2037,2037,1.0
test,supplier_delay,1010,SKU-001,independent,2,1683,1701,0.9894179894179894
test,supplier_delay,1010,SKU-001,independent,3,1775,1811,0.9801214798453893
test,supplier_delay,1010,SKU-001,independent,4,1896,1911,0.9921507064364207
test,supplier_delay,1010,SKU-001,independent,5,1968,2037,0.9661266568483063
test,supplier_delay,1010,SKU-001,normal_optimized,2,425,1701,0.2498530276308054
test,supplier_delay,1010,SKU-001,normal_optimized,3,460,1811,0.25400331308669244
test,supplier_delay,1010,SKU-001,normal_optimized,4,408,1911,0.21350078492935637
test,supplier_delay,1010,SKU-001,normal_optimized,5,295,2037,0.14482081492390772
test,supplier_delay,1010,SKU-001,service_aware,2,1701,1701,1.0
test,supplier_delay,1010,SKU-001,service_aware,3,1807,1811,0.9977912755383765
test,supplier_delay,1010,SKU-001,service_aware,4,1911,1911,1.0
test,supplier_delay,1010,SKU-001,service_aware,5,2037,2037,1.0
test,supplier_delay,1011,SKU-001,independent,2,1688,1701,0.9923574368018813
test,supplier_delay,1011,SKU-001,independent,3,1804,1811,0.996134732192159
test,supplier_delay,1011,SKU-001,independent,4,1902,1911,0.9952904238618524
test,supplier_delay,1011,SKU-001,independent,5,1997,2037,0.9803632793323515
test,supplier_delay,1011,SKU-001,normal_optimized,2,421,1701,0.24750146972369194
test,supplier_delay,1011,SKU-001,normal_optimized,3,433,1811,0.2390944229707344
test,supplier_delay,1011,SKU-001,normal_optimized,4,448,1911,0.23443223443223443
test,supplier_delay,1011,SKU-001,normal_optimized,5,285,2037,0.13991163475699558
test,supplier_delay,1011,SKU-001,service_aware,2,1701,1701,1.0
test,supplier_delay,1011,SKU-001,service_aware,3,1811,1811,1.0
test,supplier_delay,1011,SKU-001,service_aware,4,1911,1911,1.0
test,supplier_delay,1011,SKU-001,service_aware,5,2037,2037,1.0
test,supplier_delay,1012,SKU-001,independent,2,1691,1701,0.9941211052322163
test,supplier_delay,1012,SKU-001,independent,3,1744,1811,0.9630038652678078
test,supplier_delay,1012,SKU-001,independent,4,1847,1911,0.9665096807953951
test,supplier_delay,1012,SKU-001,independent,5,1990,2037,0.976926853215513
test,supplier_delay,1012,SKU-001,normal_optimized,2,496,1701,0.2915931804820694
test,supplier_delay,1012,SKU-001,normal_optimized,3,510,1811,0.2816123688569851
test,supplier_delay,1012,SKU-001,normal_optimized,4,358,1911,0.18733647305075876
test,supplier_delay,1012,SKU-001,normal_optimized,5,347,2037,0.17034855179185077
test,supplier_delay,1012,SKU-001,service_aware,2,1701,1701,1.0
test,supplier_delay,1012,SKU-001,service_aware,3,1807,1811,0.9977912755383765
test,supplier_delay,1012,SKU-001,service_aware,4,1911,1911,1.0
test,supplier_delay,1012,SKU-001,service_aware,5,2037,2037,1.0
test,combined_stress,1001,SKU-001,independent,2,1482,1970,0.7522842639593909
test,combined_stress,1001,SKU-001,independent,3,1483,2136,0.6942883895131086
test,combined_stress,1001,SKU-001,independent,4,1655,2210,0.748868778280543
test,combined_stress,1001,SKU-001,independent,5,1591,2367,0.6721588508660752
test,combined_stress,1001,SKU-001,normal_optimized,2,312,1970,0.15837563451776648
test,combined_stress,1001,SKU-001,normal_optimized,3,323,2136,0.15121722846441948
test,combined_stress,1001,SKU-001,normal_optimized,4,276,2210,0.1248868778280543
test,combined_stress,1001,SKU-001,normal_optimized,5,351,2367,0.1482889733840304
test,combined_stress,1001,SKU-001,service_aware,2,1646,1970,0.8355329949238579
test,combined_stress,1001,SKU-001,service_aware,3,1649,2136,0.772003745318352
test,combined_stress,1001,SKU-001,service_aware,4,1973,2210,0.8927601809954752
test,combined_stress,1001,SKU-001,service_aware,5,1947,2367,0.8225602027883396
test,combined_stress,1002,SKU-001,independent,2,1493,1970,0.7578680203045686
test,combined_stress,1002,SKU-001,independent,3,1393,2136,0.6521535580524345
test,combined_stress,1002,SKU-001,independent,4,1620,2210,0.7330316742081447
test,combined_stress,1002,SKU-001,independent,5,1646,2367,0.6953950147866498
test,combined_stress,1002,SKU-001,normal_optimized,2,289,1970,0.1467005076142132
test,combined_stress,1002,SKU-001,normal_optimized,3,219,2136,0.10252808988764045
test,combined_stress,1002,SKU-001,normal_optimized,4,326,2210,0.14751131221719457
test,combined_stress,1002,SKU-001,normal_optimized,5,321,2367,0.13561470215462612
test,combined_stress,1002,SKU-001,service_aware,2,1719,1970,0.8725888324873097
test,combined_stress,1002,SKU-001,service_aware,3,1581,2136,0.7401685393258427
test,combined_stress,1002,SKU-001,service_aware,4,1911,2210,0.8647058823529412
test,combined_stress,1002,SKU-001,service_aware,5,1995,2367,0.8428390367553865
test,combined_stress,1003,SKU-001,independent,2,1399,1970,0.7101522842639594
test,combined_stress,1003,SKU-001,independent,3,1429,2136,0.6690074906367042
test,combined_stress,1003,SKU-001,independent,4,1629,2210,0.7371040723981901
test,combined_stress,1003,SKU-001,independent,5,1629,2367,0.688212927756654
test,combined_stress,1003,SKU-001,normal_optimized,2,277,1970,0.14060913705583755
test,combined_stress,1003,SKU-001,normal_optimized,3,275,2136,0.12874531835205993
test,combined_stress,1003,SKU-001,normal_optimized,4,273,2210,0.12352941176470589
test,combined_stress,1003,SKU-001,normal_optimized,5,252,2367,0.10646387832699619
test,combined_stress,1003,SKU-001,service_aware,2,1624,1970,0.8243654822335026
test,combined_stress,1003,SKU-001,service_aware,3,1625,2136,0.7607677902621723
test,combined_stress,1003,SKU-001,service_aware,4,1870,2210,0.8461538461538461
test,combined_stress,1003,SKU-001,service_aware,5,1957,2367,0.8267849598648078
test,combined_stress,1004,SKU-001,independent,2,1477,1970,0.749746192893401
test,combined_stress,1004,SKU-001,independent,3,1435,2136,0.6718164794007491
test,combined_stress,1004,SKU-001,independent,4,1580,2210,0.7149321266968326
test,combined_stress,1004,SKU-001,independent,5,1698,2367,0.7173637515842839
test,combined_stress,1004,SKU-001,normal_optimized,2,382,1970,0.19390862944162437
test,combined_stress,1004,SKU-001,normal_optimized,3,246,2136,0.1151685393258427
test,combined_stress,1004,SKU-001,normal_optimized,4,320,2210,0.14479638009049775
test,combined_stress,1004,SKU-001,normal_optimized,5,187,2367,0.07900295732995352
test,combined_stress,1004,SKU-001,service_aware,2,1627,1970,0.8258883248730965
test,combined_stress,1004,SKU-001,service_aware,3,1612,2136,0.7546816479400749
test,combined_stress,1004,SKU-001,service_aware,4,1768,2210,0.8
test,combined_stress,1004,SKU-001,service_aware,5,2025,2367,0.8555133079847909
test,combined_stress,1005,SKU-001,independent,2,1528,1970,0.7756345177664975
test,combined_stress,1005,SKU-001,independent,3,1441,2136,0.674625468164794
test,combined_stress,1005,SKU-001,independent,4,1641,2210,0.7425339366515837
test,combined_stress,1005,SKU-001,independent,5,1675,2367,0.7076468103084073
test,combined_stress,1005,SKU-001,normal_optimized,2,446,1970,0.2263959390862944
test,combined_stress,1005,SKU-001,normal_optimized,3,403,2136,0.18867041198501872
test,combined_stress,1005,SKU-001,normal_optimized,4,268,2210,0.12126696832579185
test,combined_stress,1005,SKU-001,normal_optimized,5,299,2367,0.1263202365863963
test,combined_stress,1005,SKU-001,service_aware,2,1717,1970,0.8715736040609137
test,combined_stress,1005,SKU-001,service_aware,3,1663,2136,0.778558052434457
test,combined_stress,1005,SKU-001,service_aware,4,1971,2210,0.8918552036199096
test,combined_stress,1005,SKU-001,service_aware,5,1967,2367,0.8310097169412759
test,combined_stress,1006,SKU-001,independent,2,1514,1970,0.7685279187817259
test,combined_stress,1006,SKU-001,independent,3,1456,2136,0.6816479400749064
test,combined_stress,1006,SKU-001,independent,4,1713,2210,0.7751131221719457
test,combined_stress,1006,SKU-001,independent,5,1694,2367,0.7156738487536967
test,combined_stress,1006,SKU-001,normal_optimized,2,308,1970,0.15634517766497463
test,combined_stress,1006,SKU-001,normal_optimized,3,312,2136,0.14606741573033707
test,combined_stress,1006,SKU-001,normal_optimized,4,329,2210,0.14886877828054298
test,combined_stress,1006,SKU-001,normal_optimized,5,192,2367,0.08111533586818757
test,combined_stress,1006,SKU-001,service_aware,2,1714,1970,0.8700507614213198
test,combined_stress,1006,SKU-001,service_aware,3,1678,2136,0.7855805243445693
test,combined_stress,1006,SKU-001,service_aware,4,1960,2210,0.8868778280542986
test,combined_stress,1006,SKU-001,service_aware,5,1958,2367,0.8272074355724546
test,combined_stress,1007,SKU-001,independent,2,1495,1970,0.7588832487309645
test,combined_stress,1007,SKU-001,independent,3,1436,2136,0.6722846441947565
test,combined_stress,1007,SKU-001,independent,4,1518,2210,0.6868778280542986
test,combined_stress,1007,SKU-001,independent,5,1624,2367,0.6861005492184199
test,combined_stress,1007,SKU-001,normal_optimized,2,387,1970,0.1964467005076142
test,combined_stress,1007,SKU-001,normal_optimized,3,295,2136,0.13810861423220974
test,combined_stress,1007,SKU-001,normal_optimized,4,263,2210,0.11900452488687782
test,combined_stress,1007,SKU-001,normal_optimized,5,240,2367,0.10139416983523447
test,combined_stress,1007,SKU-001,service_aware,2,1618,1970,0.8213197969543147
test,combined_stress,1007,SKU-001,service_aware,3,1607,2136,0.7523408239700374
test,combined_stress,1007,SKU-001,service_aware,4,1789,2210,0.8095022624434389
test,combined_stress,1007,SKU-001,service_aware,5,1864,2367,0.7874947190536544
test,combined_stress,1008,SKU-001,independent,2,1444,1970,0.732994923857868
test,combined_stress,1008,SKU-001,independent,3,1429,2136,0.6690074906367042
test,combined_stress,1008,SKU-001,independent,4,1625,2210,0.7352941176470589
test,combined_stress,1008,SKU-001,independent,5,1613,2367,0.6814533164343051
test,combined_stress,1008,SKU-001,normal_optimized,2,378,1970,0.1918781725888325
test,combined_stress,1008,SKU-001,normal_optimized,3,402,2136,0.18820224719101122
test,combined_stress,1008,SKU-001,normal_optimized,4,300,2210,0.13574660633484162
test,combined_stress,1008,SKU-001,normal_optimized,5,273,2367,0.11533586818757921
test,combined_stress,1008,SKU-001,service_aware,2,1582,1970,0.8030456852791878
test,combined_stress,1008,SKU-001,service_aware,3,1574,2136,0.7368913857677902
test,combined_stress,1008,SKU-001,service_aware,4,1925,2210,0.8710407239819005
test,combined_stress,1008,SKU-001,service_aware,5,1866,2367,0.788339670468948
test,combined_stress,1009,SKU-001,independent,2,1458,1970,0.7401015228426396
test,combined_stress,1009,SKU-001,independent,3,1446,2136,0.6769662921348315
test,combined_stress,1009,SKU-001,independent,4,1596,2210,0.7221719457013575
test,combined_stress,1009,SKU-001,independent,5,1608,2367,0.679340937896071
test,combined_stress,1009,SKU-001,normal_optimized,2,318,1970,0.16142131979695432
test,combined_stress,1009,SKU-001,normal_optimized,3,284,2136,0.13295880149812733
test,combined_stress,1009,SKU-001,normal_optimized,4,298,2210,0.134841628959276
test,combined_stress,1009,SKU-001,normal_optimized,5,285,2367,0.12040557667934093
test,combined_stress,1009,SKU-001,service_aware,2,1626,1970,0.8253807106598985
test,combined_stress,1009,SKU-001,service_aware,3,1600,2136,0.7490636704119851
test,combined_stress,1009,SKU-001,service_aware,4,1892,2210,0.8561085972850678
test,combined_stress,1009,SKU-001,service_aware,5,1914,2367,0.8086185044359949
test,combined_stress,1010,SKU-001,independent,2,1451,1970,0.7365482233502538
test,combined_stress,1010,SKU-001,independent,3,1504,2136,0.704119850187266
test,combined_stress,1010,SKU-001,independent,4,1561,2210,0.7063348416289593
test,combined_stress,1010,SKU-001,independent,5,1583,2367,0.6687790452049007
test,combined_stress,1010,SKU-001,normal_optimized,2,332,1970,0.16852791878172588
test,combined_stress,1010,SKU-001,normal_optimized,3,358,2136,0.16760299625468164
test,combined_stress,1010,SKU-001,normal_optimized,4,333,2210,0.1506787330316742
test,combined_stress,1010,SKU-001,normal_optimized,5,245,2367,0.10350654837346852
test,combined_stress,1010,SKU-001,service_aware,2,1619,1970,0.8218274111675127
test,combined_stress,1010,SKU-001,service_aware,3,1691,2136,0.7916666666666666
test,combined_stress,1010,SKU-001,service_aware,4,1750,2210,0.7918552036199095
test,combined_stress,1010,SKU-001,service_aware,5,1820,2367,0.7689057879171948
test,combined_stress,1011,SKU-001,independent,2,1435,1970,0.7284263959390863
test,combined_stress,1011,SKU-001,independent,3,1529,2136,0.7158239700374532
test,combined_stress,1011,SKU-001,independent,4,1597,2210,0.7226244343891403
test,combined_stress,1011,SKU-001,independent,5,1617,2367,0.6831432192648923
test,combined_stress,1011,SKU-001,normal_optimized,2,363,1970,0.18426395939086293
test,combined_stress,1011,SKU-001,normal_optimized,3,325,2136,0.15215355805243447
test,combined_stress,1011,SKU-001,normal_optimized,4,342,2210,0.15475113122171946
test,combined_stress,1011,SKU-001,normal_optimized,5,209,2367,0.08829742289818335
test,combined_stress,1011,SKU-001,service_aware,2,1624,1970,0.8243654822335026
test,combined_stress,1011,SKU-001,service_aware,3,1745,2136,0.8169475655430711
test,combined_stress,1011,SKU-001,service_aware,4,1926,2210,0.8714932126696833
test,combined_stress,1011,SKU-001,service_aware,5,1936,2367,0.8179129700042248
test,combined_stress,1012,SKU-001,independent,2,1482,1970,0.7522842639593909
test,combined_stress,1012,SKU-001,independent,3,1490,2136,0.697565543071161
test,combined_stress,1012,SKU-001,independent,4,1473,2210,0.6665158371040724
test,combined_stress,1012,SKU-001,independent,5,1557,2367,0.6577946768060836
test,combined_stress,1012,SKU-001,normal_optimized,2,378,1970,0.1918781725888325
test,combined_stress,1012,SKU-001,normal_optimized,3,427,2136,0.1999063670411985
test,combined_stress,1012,SKU-001,normal_optimized,4,314,2210,0.1420814479638009
test,combined_stress,1012,SKU-001,normal_optimized,5,299,2367,0.1263202365863963
test,combined_stress,1012,SKU-001,service_aware,2,1678,1970,0.8517766497461929
test,combined_stress,1012,SKU-001,service_aware,3,1637,2136,0.7663857677902621
test,combined_stress,1012,SKU-001,service_aware,4,1778,2210,0.8045248868778281
test,combined_stress,1012,SKU-001,service_aware,5,1863,2367,0.7870722433460076
validation,normal,1001,SKU-002,independent,2,877,877,1.0
validation,normal,1001,SKU-002,independent,3,991,995,0.9959798994974874
validation,normal,1001,SKU-002,independent,4,1032,1036,0.9961389961389961
validation,normal,1001,SKU-002,independent,5,1153,1153,1.0
validation,normal,1001,SKU-002,normal_optimized,2,877,877,1.0
validation,normal,1001,SKU-002,normal_optimized,3,990,995,0.9949748743718593
validation,normal,1001,SKU-002,normal_optimized,4,1032,1036,0.9961389961389961
validation,normal,1001,SKU-002,normal_optimized,5,1148,1153,0.9956634865568084
validation,normal,1001,SKU-002,service_aware,2,877,877,1.0
validation,normal,1001,SKU-002,service_aware,3,995,995,1.0
validation,normal,1001,SKU-002,service_aware,4,1036,1036,1.0
validation,normal,1001,SKU-002,service_aware,5,1153,1153,1.0
validation,normal,1002,SKU-002,independent,2,877,877,1.0
validation,normal,1002,SKU-002,independent,3,995,995,1.0
validation,normal,1002,SKU-002,independent,4,1035,1036,0.999034749034749
validation,normal,1002,SKU-002,independent,5,1153,1153,1.0
validation,normal,1002,SKU-002,normal_optimized,2,877,877,1.0
validation,normal,1002,SKU-002,normal_optimized,3,995,995,1.0
validation,normal,1002,SKU-002,normal_optimized,4,1031,1036,0.9951737451737451
validation,normal,1002,SKU-002,normal_optimized,5,1147,1153,0.99479618386817
validation,normal,1002,SKU-002,service_aware,2,877,877,1.0
validation,normal,1002,SKU-002,service_aware,3,995,995,1.0
validation,normal,1002,SKU-002,service_aware,4,1036,1036,1.0
validation,normal,1002,SKU-002,service_aware,5,1153,1153,1.0
validation,normal,1003,SKU-002,independent,2,874,877,0.9965792474344356
validation,normal,1003,SKU-002,independent,3,994,995,0.9989949748743718
validation,normal,1003,SKU-002,independent,4,1036,1036,1.0
validation,normal,1003,SKU-002,independent,5,1153,1153,1.0
validation,normal,1003,SKU-002,normal_optimized,2,872,877,0.9942987457240593
validation,normal,1003,SKU-002,normal_optimized,3,988,995,0.992964824120603
validation,normal,1003,SKU-002,normal_optimized,4,1030,1036,0.9942084942084942
validation,normal,1003,SKU-002,normal_optimized,5,1152,1153,0.9991326973113617
validation,normal,1003,SKU-002,service_aware,2,877,877,1.0
validation,normal,1003,SKU-002,service_aware,3,995,995,1.0
validation,normal,1003,SKU-002,service_aware,4,1036,1036,1.0
validation,normal,1003,SKU-002,service_aware,5,1153,1153,1.0
validation,normal,1004,SKU-002,independent,2,877,877,1.0
validation,normal,1004,SKU-002,independent,3,995,995,1.0
validation,normal,1004,SKU-002,independent,4,1035,1036,0.999034749034749
validation,normal,1004,SKU-002,independent,5,1153,1153,1.0
validation,normal,1004,SKU-002,normal_optimized,2,875,877,0.9977194982896237
validation,normal,1004,SKU-002,normal_optimized,3,989,995,0.9939698492462311
validation,normal,1004,SKU-002,normal_optimized,4,1035,1036,0.999034749034749
validation,normal,1004,SKU-002,normal_optimized,5,1153,1153,1.0
validation,normal,1004,SKU-002,service_aware,2,877,877,1.0
validation,normal,1004,SKU-002,service_aware,3,995,995,1.0
validation,normal,1004,SKU-002,service_aware,4,1036,1036,1.0
validation,normal,1004,SKU-002,service_aware,5,1153,1153,1.0
validation,normal,1005,SKU-002,independent,2,874,877,0.9965792474344356
validation,normal,1005,SKU-002,independent,3,994,995,0.9989949748743718
validation,normal,1005,SKU-002,independent,4,1036,1036,1.0
validation,normal,1005,SKU-002,independent,5,1153,1153,1.0
validation,normal,1005,SKU-002,normal_optimized,2,874,877,0.9965792474344356
validation,normal,1005,SKU-002,normal_optimized,3,985,995,0.9899497487437185
validation,normal,1005,SKU-002,normal_optimized,4,1036,1036,1.0
validation,normal,1005,SKU-002,normal_optimized,5,1153,1153,1.0
validation,normal,1005,SKU-002,service_aware,2,877,877,1.0
validation,normal,1005,SKU-002,service_aware,3,995,995,1.0
validation,normal,1005,SKU-002,service_aware,4,1036,1036,1.0
validation,normal,1005,SKU-002,service_aware,5,1153,1153,1.0
validation,normal,1006,SKU-002,independent,2,877,877,1.0
validation,normal,1006,SKU-002,independent,3,995,995,1.0
validation,normal,1006,SKU-002,independent,4,1036,1036,1.0
validation,normal,1006,SKU-002,independent,5,1153,1153,1.0
validation,normal,1006,SKU-002,normal_optimized,2,877,877,1.0
validation,normal,1006,SKU-002,normal_optimized,3,995,995,1.0
validation,normal,1006,SKU-002,normal_optimized,4,1035,1036,0.999034749034749
validation,normal,1006,SKU-002,normal_optimized,5,1152,1153,0.9991326973113617
validation,normal,1006,SKU-002,service_aware,2,877,877,1.0
validation,normal,1006,SKU-002,service_aware,3,995,995,1.0
validation,normal,1006,SKU-002,service_aware,4,1036,1036,1.0
validation,normal,1006,SKU-002,service_aware,5,1153,1153,1.0
validation,normal,1007,SKU-002,independent,2,875,877,0.9977194982896237
validation,normal,1007,SKU-002,independent,3,993,995,0.9979899497487437
validation,normal,1007,SKU-002,independent,4,1035,1036,0.999034749034749
validation,normal,1007,SKU-002,independent,5,1153,1153,1.0
validation,normal,1007,SKU-002,normal_optimized,2,868,877,0.9897377423033067
validation,normal,1007,SKU-002,normal_optimized,3,993,995,0.9979899497487437
validation,normal,1007,SKU-002,normal_optimized,4,1035,1036,0.999034749034749
validation,normal,1007,SKU-002,normal_optimized,5,1153,1153,1.0
validation,normal,1007,SKU-002,service_aware,2,877,877,1.0
validation,normal,1007,SKU-002,service_aware,3,995,995,1.0
validation,normal,1007,SKU-002,service_aware,4,1036,1036,1.0
validation,normal,1007,SKU-002,service_aware,5,1153,1153,1.0
validation,normal,1008,SKU-002,independent,2,877,877,1.0
validation,normal,1008,SKU-002,independent,3,995,995,1.0
validation,normal,1008,SKU-002,independent,4,1024,1036,0.9884169884169884
validation,normal,1008,SKU-002,independent,5,1153,1153,1.0
validation,normal,1008,SKU-002,normal_optimized,2,877,877,1.0
validation,normal,1008,SKU-002,normal_optimized,3,994,995,0.9989949748743718
validation,normal,1008,SKU-002,normal_optimized,4,1024,1036,0.9884169884169884
validation,normal,1008,SKU-002,normal_optimized,5,1138,1153,0.986990459670425
validation,normal,1008,SKU-002,service_aware,2,877,877,1.0
validation,normal,1008,SKU-002,service_aware,3,995,995,1.0
validation,normal,1008,SKU-002,service_aware,4,1036,1036,1.0
validation,normal,1008,SKU-002,service_aware,5,1153,1153,1.0
validation,normal,1009,SKU-002,independent,2,872,877,0.9942987457240593
validation,normal,1009,SKU-002,independent,3,994,995,0.9989949748743718
validation,normal,1009,SKU-002,independent,4,1032,1036,0.9961389961389961
validation,normal,1009,SKU-002,independent,5,1152,1153,0.9991326973113617
validation,normal,1009,SKU-002,normal_optimized,2,872,877,0.9942987457240593
validation,normal,1009,SKU-002,normal_optimized,3,982,995,0.9869346733668342
validation,normal,1009,SKU-002,normal_optimized,4,1031,1036,0.9951737451737451
validation,normal,1009,SKU-002,normal_optimized,5,1152,1153,0.9991326973113617
validation,normal,1009,SKU-002,service_aware,2,877,877,1.0
validation,normal,1009,SKU-002,service_aware,3,995,995,1.0
validation,normal,1009,SKU-002,service_aware,4,1036,1036,1.0
validation,normal,1009,SKU-002,service_aware,5,1153,1153,1.0
validation,normal,1010,SKU-002,independent,2,877,877,1.0
validation,normal,1010,SKU-002,independent,3,994,995,0.9989949748743718
validation,normal,1010,SKU-002,independent,4,1025,1036,0.9893822393822393
validation,normal,1010,SKU-002,independent,5,1153,1153,1.0
validation,normal,1010,SKU-002,normal_optimized,2,877,877,1.0
validation,normal,1010,SKU-002,normal_optimized,3,983,995,0.9879396984924623
validation,normal,1010,SKU-002,normal_optimized,4,1020,1036,0.9845559845559846
validation,normal,1010,SKU-002,normal_optimized,5,1148,1153,0.9956634865568084
validation,normal,1010,SKU-002,service_aware,2,877,877,1.0
validation,normal,1010,SKU-002,service_aware,3,995,995,1.0
validation,normal,1010,SKU-002,service_aware,4,1036,1036,1.0
validation,normal,1010,SKU-002,service_aware,5,1153,1153,1.0
validation,normal,1011,SKU-002,independent,2,877,877,1.0
validation,normal,1011,SKU-002,independent,3,992,995,0.9969849246231156
validation,normal,1011,SKU-002,independent,4,1029,1036,0.9932432432432432
validation,normal,1011,SKU-002,independent,5,1153,1153,1.0
validation,normal,1011,SKU-002,normal_optimized,2,875,877,0.9977194982896237
validation,normal,1011,SKU-002,normal_optimized,3,988,995,0.992964824120603
validation,normal,1011,SKU-002,normal_optimized,4,1027,1036,0.9913127413127413
validation,normal,1011,SKU-002,normal_optimized,5,1140,1153,0.9887250650477016
validation,normal,1011,SKU-002,service_aware,2,877,877,1.0
validation,normal,1011,SKU-002,service_aware,3,995,995,1.0
validation,normal,1011,SKU-002,service_aware,4,1036,1036,1.0
validation,normal,1011,SKU-002,service_aware,5,1153,1153,1.0
validation,normal,1012,SKU-002,independent,2,877,877,1.0
validation,normal,1012,SKU-002,independent,3,995,995,1.0
validation,normal,1012,SKU-002,independent,4,1036,1036,1.0
validation,normal,1012,SKU-002,independent,5,1149,1153,0.9965307892454467
validation,normal,1012,SKU-002,normal_optimized,2,862,877,0.9828962371721779
validation,normal,1012,SKU-002,normal_optimized,3,978,995,0.9829145728643216
validation,normal,1012,SKU-002,normal_optimized,4,1033,1036,0.997104247104247
validation,normal,1012,SKU-002,normal_optimized,5,1142,1153,0.9904596704249783
validation,normal,1012,SKU-002,service_aware,2,877,877,1.0
validation,normal,1012,SKU-002,service_aware,3,995,995,1.0
validation,normal,1012,SKU-002,service_aware,4,1036,1036,1.0
validation,normal,1012,SKU-002,service_aware,5,1153,1153,1.0
validation,demand_spike,1001,SKU-002,independent,2,994,1014,0.980276134122288
validation,demand_spike,1001,SKU-002,independent,3,1084,1160,0.9344827586206896
validation,demand_spike,1001,SKU-002,independent,4,1142,1207,0.9461474730737366
validation,demand_spike,1001,SKU-002,independent,5,1290,1350,0.9555555555555556
validation,demand_spike,1001,SKU-002,normal_optimized,2,913,1014,0.9003944773175543
validation,demand_spike,1001,SKU-002,normal_optimized,3,960,1160,0.8275862068965517
validation,demand_spike,1001,SKU-002,normal_optimized,4,1050,1207,0.8699254349627175
validation,demand_spike,1001,SKU-002,normal_optimized,5,1195,1350,0.8851851851851852
validation,demand_spike,1001,SKU-002,service_aware,2,1011,1014,0.9970414201183432
validation,demand_spike,1001,SKU-002,service_aware,3,1141,1160,0.9836206896551725
validation,demand_spike,1001,SKU-002,service_aware,4,1193,1207,0.9884009942004971
validation,demand_spike,1001,SKU-002,service_aware,5,1335,1350,0.9888888888888889
validation,demand_spike,1002,SKU-002,independent,2,1011,1014,0.9970414201183432
validation,demand_spike,1002,SKU-002,independent,3,1115,1160,0.9612068965517241
validation,demand_spike,1002,SKU-002,independent,4,1185,1207,0.9817729908864954
validation,demand_spike,1002,SKU-002,independent,5,1301,1350,0.9637037037037037
validation,demand_spike,1002,SKU-002,normal_optimized,2,975,1014,0.9615384615384616
validation,demand_spike,1002,SKU-002,normal_optimized,3,1070,1160,0.9224137931034483
validation,demand_spike,1002,SKU-002,normal_optimized,4,1074,1207,0.8898094449047225
validation,demand_spike,1002,SKU-002,normal_optimized,5,1184,1350,0.8770370370370371
validation,demand_spike,1002,SKU-002,service_aware,2,1014,1014,1.0
validation,demand_spike,1002,SKU-002,service_aware,3,1159,1160,0.9991379310344828
validation,demand_spike,1002,SKU-002,service_aware,4,1200,1207,0.9942004971002486
validation,demand_spike,1002,SKU-002,service_aware,5,1350,1350,1.0
validation,demand_spike,1003,SKU-002,independent,2,989,1014,0.97534516765286
validation,demand_spike,1003,SKU-002,independent,3,1091,1160,0.9405172413793104
validation,demand_spike,1003,SKU-002,independent,4,1178,1207,0.975973487986744
validation,demand_spike,1003,SKU-002,independent,5,1262,1350,0.9348148148148148
validation,demand_spike,1003,SKU-002,normal_optimized,2,951,1014,0.9378698224852071
validation,demand_spike,1003,SKU-002,normal_optimized,3,966,1160,0.8327586206896552
validation,demand_spike,1003,SKU-002,normal_optimized,4,1072,1207,0.8881524440762221
validation,demand_spike,1003,SKU-002,normal_optimized,5,1122,1350,0.8311111111111111
validation,demand_spike,1003,SKU-002,service_aware,2,1014,1014,1.0
validation,demand_spike,1003,SKU-002,service_aware,3,1159,1160,0.9991379310344828
validation,demand_spike,1003,SKU-002,service_aware,4,1207,1207,1.0
validation,demand_spike,1003,SKU-002,service_aware,5,1338,1350,0.9911111111111112
validation,demand_spike,1004,SKU-002,independent,2,1006,1014,0.9921104536489151
validation,demand_spike,1004,SKU-002,independent,3,1127,1160,0.971551724137931
validation,demand_spike,1004,SKU-002,independent,4,1127,1207,0.9337199668599834
validation,demand_spike,1004,SKU-002,independent,5,1297,1350,0.9607407407407408
validation,demand_spike,1004,SKU-002,normal_optimized,2,961,1014,0.9477317554240631
validation,demand_spike,1004,SKU-002,normal_optimized,3,1032,1160,0.8896551724137931
validation,demand_spike,1004,SKU-002,normal_optimized,4,1035,1207,0.8574979287489644
validation,demand_spike,1004,SKU-002,normal_optimized,5,1172,1350,0.8681481481481481
validation,demand_spike,1004,SKU-002,service_aware,2,1014,1014,1.0
validation,demand_spike,1004,SKU-002,service_aware,3,1160,1160,1.0
validation,demand_spike,1004,SKU-002,service_aware,4,1199,1207,0.9933719966859983
validation,demand_spike,1004,SKU-002,service_aware,5,1348,1350,0.9985185185185185
validation,demand_spike,1005,SKU-002,independent,2,996,1014,0.9822485207100592
validation,demand_spike,1005,SKU-002,independent,3,1087,1160,0.9370689655172414
validation,demand_spike,1005,SKU-002,independent,4,1166,1207,0.9660314830157415
validation,demand_spike,1005,SKU-002,independent,5,1324,1350,0.9807407407407407
validation,demand_spike,1005,SKU-002,normal_optimized,2,960,1014,0.9467455621301775
validation,demand_spike,1005,SKU-002,normal_optimized,3,1008,1160,0.8689655172413793
validation,demand_spike,1005,SKU-002,normal_optimized,4,1106,1207,0.9163214581607291
validation,demand_spike,1005,SKU-002,normal_optimized,5,1248,1350,0.9244444444444444
validation,demand_spike,1005,SKU-002,service_aware,2,1014,1014,1.0
validation,demand_spike,1005,SKU-002,service_aware,3,1146,1160,0.9879310344827587
validation,demand_spike,1005,SKU-002,service_aware,4,1207,1207,1.0
validation,demand_spike,1005,SKU-002,service_aware,5,1350,1350,1.0
validation,demand_spike,1006,SKU-002,independent,2,1010,1014,0.9960552268244576
validation,demand_spike,1006,SKU-002,independent,3,1138,1160,0.9810344827586207
validation,demand_spike,1006,SKU-002,independent,4,1176,1207,0.9743164871582436
validation,demand_spike,1006,SKU-002,independent,5,1295,1350,0.9592592592592593
validation,demand_spike,1006,SKU-002,normal_optimized,2,980,1014,0.9664694280078896
validation,demand_spike,1006,SKU-002,normal_optimized,3,1079,1160,0.9301724137931034
validation,demand_spike,1006,SKU-002,normal_optimized,4,1066,1207,0.8831814415907208
validation,demand_spike,1006,SKU-002,normal_optimized,5,1096,1350,0.8118518518518518
validation,demand_spike,1006,SKU-002,service_aware,2,1014,1014,1.0
validation,demand_spike,1006,SKU-002,service_aware,3,1160,1160,1.0
validation,demand_spike,1006,SKU-002,service_aware,4,1206,1207,0.9991714995857498
validation,demand_spike,1006,SKU-002,service_aware,5,1336,1350,0.9896296296296296
validation,demand_spike,1007,SKU-002,independent,2,997,1014,0.9832347140039448
validation,demand_spike,1007,SKU-002,independent,3,1099,1160,0.9474137931034483
validation,demand_spike,1007,SKU-002,independent,4,1144,1207,0.947804473902237
validation,demand_spike,1007,SKU-002,independent,5,1315,1350,0.9740740740740741
validation,demand_spike,1007,SKU-002,normal_optimized,2,953,1014,0.9398422090729783
validation,demand_spike,1007,SKU-002,normal_optimized,3,1032,1160,0.8896551724137931
validation,demand_spike,1007,SKU-002,normal_optimized,4,1096,1207,0.908036454018227
validation,demand_spike,1007,SKU-002,normal_optimized,5,1221,1350,0.9044444444444445
validation,demand_spike,1007,SKU-002,service_aware,2,1014,1014,1.0
validation,demand_spike,1007,SKU-002,service_aware,3,1151,1160,0.9922413793103448
validation,demand_spike,1007,SKU-002,service_aware,4,1194,1207,0.9892294946147473
validation,demand_spike,1007,SKU-002,service_aware,5,1350,1350,1.0
validation,demand_spike,1008,SKU-002,independent,2,1000,1014,0.9861932938856016
validation,demand_spike,1008,SKU-002,independent,3,1137,1160,0.9801724137931035
validation,demand_spike,1008,SKU-002,independent,4,1143,1207,0.9469759734879868
validation,demand_spike,1008,SKU-002,independent,5,1305,1350,0.9666666666666667
validation,demand_spike,1008,SKU-002,normal_optimized,2,973,1014,0.9595660749506904
validation,demand_spike,1008,SKU-002,normal_optimized,3,1077,1160,0.928448275862069
validation,demand_spike,1008,SKU-002,normal_optimized,4,1070,1207,0.8864954432477217
validation,demand_spike,1008,SKU-002,normal_optimized,5,1209,1350,0.8955555555555555
validation,demand_spike,1008,SKU-002,service_aware,2,1014,1014,1.0
validation,demand_spike,1008,SKU-002,service_aware,3,1160,1160,1.0
validation,demand_spike,1008,SKU-002,service_aware,4,1188,1207,0.9842584921292461
validation,demand_spike,1008,SKU-002,service_aware,5,1350,1350,1.0
validation,demand_spike,1009,SKU-002,independent,2,1006,1014,0.9921104536489151
validation,demand_spike,1009,SKU-002,independent,3,1115,1160,0.9612068965517241
validation,demand_spike,1009,SKU-002,independent,4,1166,1207,0.9660314830157415
validation,demand_spike,1009,SKU-002,independent,5,1289,1350,0.9548148148148148
validation,demand_spike,1009,SKU-002,normal_optimized,2,972,1014,0.9585798816568047
validation,demand_spike,1009,SKU-002,normal_optimized,3,1067,1160,0.9198275862068965
validation,demand_spike,1009,SKU-002,normal_optimized,4,1107,1207,0.9171499585749793
validation,demand_spike,1009,SKU-002,normal_optimized,5,1146,1350,0.8488888888888889
validation,demand_spike,1009,SKU-002,service_aware,2,1014,1014,1.0
validation,demand_spike,1009,SKU-002,service_aware,3,1151,1160,0.9922413793103448
validation,demand_spike,1009,SKU-002,service_aware,4,1207,1207,1.0
validation,demand_spike,1009,SKU-002,service_aware,5,1350,1350,1.0
validation,demand_spike,1010,SKU-002,independent,2,1007,1014,0.9930966469428008
validation,demand_spike,1010,SKU-002,independent,3,1089,1160,0.9387931034482758
validation,demand_spike,1010,SKU-002,independent,4,1122,1207,0.9295774647887324
validation,demand_spike,1010,SKU-002,independent,5,1308,1350,0.9688888888888889
validation,demand_spike,1010,SKU-002,normal_optimized,2,967,1014,0.9536489151873767
validation,demand_spike,1010,SKU-002,normal_optimized,3,1045,1160,0.9008620689655172
validation,demand_spike,1010,SKU-002,normal_optimized,4,1034,1207,0.8566694283347142
validation,demand_spike,1010,SKU-002,normal_optimized,5,1138,1350,0.8429629629629629
validation,demand_spike,1010,SKU-002,service_aware,2,1014,1014,1.0
validation,demand_spike,1010,SKU-002,service_aware,3,1146,1160,0.9879310344827587
validation,demand_spike,1010,SKU-002,service_aware,4,1181,1207,0.9784589892294946
validation,demand_spike,1010,SKU-002,service_aware,5,1336,1350,0.9896296296296296
validation,demand_spike,1011,SKU-002,independent,2,1010,1014,0.9960552268244576
validation,demand_spike,1011,SKU-002,independent,3,1087,1160,0.9370689655172414
validation,demand_spike,1011,SKU-002,independent,4,1171,1207,0.9701739850869926
validation,demand_spike,1011,SKU-002,independent,5,1285,1350,0.9518518518518518
validation,demand_spike,1011,SKU-002,normal_optimized,2,971,1014,0.9575936883629191
validation,demand_spike,1011,SKU-002,normal_optimized,3,1008,1160,0.8689655172413793
validation,demand_spike,1011,SKU-002,normal_optimized,4,1059,1207,0.8773819386909694
validation,demand_spike,1011,SKU-002,normal_optimized,5,1146,1350,0.8488888888888889
validation,demand_spike,1011,SKU-002,service_aware,2,1014,1014,1.0
validation,demand_spike,1011,SKU-002,service_aware,3,1149,1160,0.9905172413793103
validation,demand_spike,1011,SKU-002,service_aware,4,1207,1207,1.0
validation,demand_spike,1011,SKU-002,service_aware,5,1348,1350,0.9985185185185185
validation,demand_spike,1012,SKU-002,independent,2,1005,1014,0.9911242603550295
validation,demand_spike,1012,SKU-002,independent,3,1124,1160,0.9689655172413794
validation,demand_spike,1012,SKU-002,independent,4,1149,1207,0.951946975973488
validation,demand_spike,1012,SKU-002,independent,5,1332,1350,0.9866666666666667
validation,demand_spike,1012,SKU-002,normal_optimized,2,977,1014,0.9635108481262328
validation,demand_spike,1012,SKU-002,normal_optimized,3,1037,1160,0.8939655172413793
validation,demand_spike,1012,SKU-002,normal_optimized,4,1064,1207,0.8815244407622204
validation,demand_spike,1012,SKU-002,normal_optimized,5,1182,1350,0.8755555555555555
validation,demand_spike,1012,SKU-002,service_aware,2,1014,1014,1.0
validation,demand_spike,1012,SKU-002,service_aware,3,1160,1160,1.0
validation,demand_spike,1012,SKU-002,service_aware,4,1200,1207,0.9942004971002486
validation,demand_spike,1012,SKU-002,service_aware,5,1350,1350,1.0
validation,supplier_delay,1001,SKU-002,independent,2,838,877,0.9555302166476625
validation,supplier_delay,1001,SKU-002,independent,3,963,995,0.9678391959798995
validation,supplier_delay,1001,SKU-002,independent,4,1020,1036,0.9845559845559846
validation,supplier_delay,1001,SKU-002,independent,5,1124,1153,0.9748482220294883
validation,supplier_delay,1001,SKU-002,normal_optimized,2,552,877,0.629418472063854
validation,supplier_delay,1001,SKU-002,normal_optimized,3,588,995,0.5909547738693467
validation,supplier_delay,1001,SKU-002,normal_optimized,4,611,1036,0.5897683397683398
validation,supplier_delay,1001,SKU-002,normal_optimized,5,636,1153,0.5516045099739809
validation,supplier_delay,1001,SKU-002,service_aware,2,870,877,0.992018244013683
validation,supplier_delay,1001,SKU-002,service_aware,3,995,995,1.0
validation,supplier_delay,1001,SKU-002,service_aware,4,1036,1036,1.0
validation,supplier_delay,1001,SKU-002,service_aware,5,1152,1153,0.9991326973113617
validation,supplier_delay,1002,SKU-002,independent,2,842,877,0.9600912200684151
validation,supplier_delay,1002,SKU-002,independent,3,955,995,0.9597989949748744
validation,supplier_delay,1002,SKU-002,independent,4,997,1036,0.9623552123552124
validation,supplier_delay,1002,SKU-002,independent,5,1104,1153,0.9575021682567216
validation,supplier_delay,1002,SKU-002,normal_optimized,2,644,877,0.734321550741163
validation,supplier_delay,1002,SKU-002,normal_optimized,3,664,995,0.6673366834170854
validation,supplier_delay,1002,SKU-002,normal_optimized,4,567,1036,0.5472972972972973
validation,supplier_delay,1002,SKU-002,normal_optimized,5,606,1153,0.5255854293148309
validation,supplier_delay,1002,SKU-002,service_aware,2,877,877,1.0
validation,supplier_delay,1002,SKU-002,service_aware,3,987,995,0.9919597989949749
validation,supplier_delay,1002,SKU-002,service_aware,4,1036,1036,1.0
validation,supplier_delay,1002,SKU-002,service_aware,5,1144,1153,0.9921942758022549
validation,supplier_delay,1003,SKU-002,independent,2,859,877,0.9794754846066135
validation,supplier_delay,1003,SKU-002,independent,3,977,995,0.9819095477386934
validation,supplier_delay,1003,SKU-002,independent,4,1016,1036,0.9806949806949807
validation,supplier_delay,1003,SKU-002,independent,5,1132,1153,0.981786643538595
validation,supplier_delay,1003,SKU-002,normal_optimized,2,586,877,0.6681870011402509
validation,supplier_delay,1003,SKU-002,normal_optimized,3,595,995,0.5979899497487438
validation,supplier_delay,1003,SKU-002,normal_optimized,4,599,1036,0.5781853281853282
validation,supplier_delay,1003,SKU-002,normal_optimized,5,608,1153,0.5273200346921075
validation,supplier_delay,1003,SKU-002,service_aware,2,877,877,1.0
validation,supplier_delay,1003,SKU-002,service_aware,3,995,995,1.0
validation,supplier_delay,1003,SKU-002,service_aware,4,1036,1036,1.0
validation,supplier_delay,1003,SKU-002,service_aware,5,1153,1153,1.0
validation,supplier_delay,1004,SKU-002,independent,2,854,877,0.9737742303306728
validation,supplier_delay,1004,SKU-002,independent,3,955,995,0.9597989949748744
validation,supplier_delay,1004,SKU-002,independent,4,1014,1036,0.9787644787644788
validation,supplier_delay,1004,SKU-002,independent,5,1112,1153,0.9644405897658282
validation,supplier_delay,1004,SKU-002,normal_optimized,2,627,877,0.7149372862029647
validation,supplier_delay,1004,SKU-002,normal_optimized,3,633,995,0.6361809045226131
validation,supplier_delay,1004,SKU-002,normal_optimized,4,590,1036,0.5694980694980695
validation,supplier_delay,1004,SKU-002,normal_optimized,5,579,1153,0.5021682567215958
validation,supplier_delay,1004,SKU-002,service_aware,2,877,877,1.0
validation,supplier_delay,1004,SKU-002,service_aware,3,995,995,1.0
validation,supplier_delay,1004,SKU-002,service_aware,4,1036,1036,1.0
validation,supplier_delay,1004,SKU-002,service_aware,5,1153,1153,1.0
validation,supplier_delay,1005,SKU-002,independent,2,842,877,0.9600912200684151
validation,supplier_delay,1005,SKU-002,independent,3,958,995,0.9628140703517588
validation,supplier_delay,1005,SKU-002,independent,4,1033,1036,0.997104247104247
validation,supplier_delay,1005,SKU-002,independent,5,1128,1153,0.9783174327840416
validation,supplier_delay,1005,SKU-002,normal_optimized,2,607,877,0.6921322690992018
validation,supplier_delay,1005,SKU-002,normal_optimized,3,628,995,0.6311557788944724
validation,supplier_delay,1005,SKU-002,normal_optimized,4,669,1036,0.6457528957528957
validation,supplier_delay,1005,SKU-002,normal_optimized,5,613,1153,0.5316565481352992
validation,supplier_delay,1005,SKU-002,service_aware,2,870,877,0.992018244013683
validation,supplier_delay,1005,SKU-002,service_aware,3,995,995,1.0
validation,supplier_delay,1005,SKU-002,service_aware,4,1036,1036,1.0
validation,supplier_delay,1005,SKU-002,service_aware,5,1153,1153,1.0
validation,supplier_delay,1006,SKU-002,independent,2,860,877,0.9806157354618016
validation,supplier_delay,1006,SKU-002,independent,3,973,995,0.9778894472361809
validation,supplier_delay,1006,SKU-002,independent,4,1027,1036,0.9913127413127413
validation,supplier_delay,1006,SKU-002,independent,5,1138,1153,0.986990459670425
validation,supplier_delay,1006,SKU-002,normal_optimized,2,634,877,0.7229190421892816
validation,supplier_delay,1006,SKU-002,normal_optimized,3,704,995,0.7075376884422111
validation,supplier_delay,1006,SKU-002,normal_optimized,4,625,1036,0.6032818532818532
validation,supplier_delay,1006,SKU-002,normal_optimized,5,598,1153,0.5186470078057241
validation,supplier_delay,1006,SKU-002,service_aware,2,877,877,1.0
validation,supplier_delay,1006,SKU-002,service_aware,3,995,995,1.0
validation,supplier_delay,1006,SKU-002,service_aware,4,1036,1036,1.0
validation,supplier_delay,1006,SKU-002,service_aware,5,1153,1153,1.0
validation,supplier_delay,1007,SKU-002,independent,2,831,877,0.9475484606613455
validation,supplier_delay,1007,SKU-002,independent,3,970,995,0.9748743718592965
validation,supplier_delay,1007,SKU-002,independent,4,997,1036,0.9623552123552124
validation,supplier_delay,1007,SKU-002,independent,5,1114,1153,0.9661751951431049
validation,supplier_delay,1007,SKU-002,normal_optimized,2,635,877,0.7240592930444698
validation,supplier_delay,1007,SKU-002,normal_optimized,3,718,995,0.721608040201005
validation,supplier_delay,1007,SKU-002,normal_optimized,4,545,1036,0.5260617760617761
validation,supplier_delay,1007,SKU-002,normal_optimized,5,629,1153,0.5455333911535126
validation,supplier_delay,1007,SKU-002,service_aware,2,877,877,1.0
validation,supplier_delay,1007,SKU-002,service_aware,3,995,995,1.0
validation,supplier_delay,1007,SKU-002,service_aware,4,1036,1036,1.0
validation,supplier_delay,1007,SKU-002,service_aware,5,1147,1153,0.99479618386817
validation,supplier_delay,1008,SKU-002,independent,2,849,877,0.9680729760547321
validation,supplier_delay,1008,SKU-002,independent,3,974,995,0.978894472361809
validation,supplier_delay,1008,SKU-002,independent,4,1010,1036,0.974903474903475
validation,supplier_delay,1008,SKU-002,independent,5,1124,1153,0.9748482220294883
validation,supplier_delay,1008,SKU-002,normal_optimized,2,642,877,0.7320410490307868
validation,supplier_delay,1008,SKU-002,normal_optimized,3,645,995,0.6482412060301508
validation,supplier_delay,1008,SKU-002,normal_optimized,4,618,1036,0.5965250965250966
validation,supplier_delay,1008,SKU-002,normal_optimized,5,694,1153,0.6019080659150043
validation,supplier_delay,1008,SKU-002,service_aware,2,877,877,1.0
validation,supplier_delay,1008,SKU-002,service_aware,3,995,995,1.0
validation,supplier_delay,1008,SKU-002,service_aware,4,1035,1036,0.999034749034749
validation,supplier_delay,1008,SKU-002,service_aware,5,1153,1153,1.0
validation,supplier_delay,1009,SKU-002,independent,2,843,877,0.9612314709236032
validation,supplier_delay,1009,SKU-002,independent,3,949,995,0.9537688442211055
validation,supplier_delay,1009,SKU-002,independent,4,1025,1036,0.9893822393822393
validation,supplier_delay,1009,SKU-002,independent,5,1133,1153,0.9826539462272333
validation,supplier_delay,1009,SKU-002,normal_optimized,2,599,877,0.6830102622576967
validation,supplier_delay,1009,SKU-002,normal_optimized,3,602,995,0.6050251256281407
validation,supplier_delay,1009,SKU-002,normal_optimized,4,643,1036,0.6206563706563707
validation,supplier_delay,1009,SKU-002,normal_optimized,5,729,1153,0.632263660017346
validation,supplier_delay,1009,SKU-002,service_aware,2,867,877,0.9885974914481186
validation,supplier_delay,1009,SKU-002,service_aware,3,995,995,1.0
validation,supplier_delay,1009,SKU-002,service_aware,4,1036,1036,1.0
validation,supplier_delay,1009,SKU-002,service_aware,5,1153,1153,1.0
validation,supplier_delay,1010,SKU-002,independent,2,854,877,0.9737742303306728
validation,supplier_delay,1010,SKU-002,independent,3,963,995,0.9678391959798995
validation,supplier_delay,1010,SKU-002,independent,4,1009,1036,0.9739382239382239
validation,supplier_delay,1010,SKU-002,independent,5,1108,1153,0.9609713790112749
validation,supplier_delay,1010,SKU-002,normal_optimized,2,640,877,0.7297605473204105
validation,supplier_delay,1010,SKU-002,normal_optimized,3,674,995,0.6773869346733669
validation,supplier_delay,1010,SKU-002,normal_optimized,4,601,1036,0.5801158301158301
validation,supplier_delay,1010,SKU-002,normal_optimized,5,643,1153,0.5576756287944492
validation,supplier_delay,1010,SKU-002,service_aware,2,874,877,0.9965792474344356
validation,supplier_delay,1010,SKU-002,service_aware,3,994,995,0.9989949748743718
validation,supplier_delay,1010,SKU-002,service_aware,4,1036,1036,1.0
validation,supplier_delay,1010,SKU-002,service_aware,5,1153,1153,1.0
validation,supplier_delay,1011,SKU-002,independent,2,845,877,0.9635119726339795
validation,supplier_delay,1011,SKU-002,independent,3,964,995,0.9688442211055276
validation,supplier_delay,1011,SKU-002,independent,4,1010,1036,0.974903474903475
validation,supplier_delay,1011,SKU-002,independent,5,1135,1153,0.98438855160451
validation,supplier_delay,1011,SKU-002,normal_optimized,2,632,877,0.7206385404789054
validation,supplier_delay,1011,SKU-002,normal_optimized,3,591,995,0.5939698492462312
validation,supplier_delay,1011,SKU-002,normal_optimized,4,681,1036,0.6573359073359073
validation,supplier_delay,1011,SKU-002,normal_optimized,5,642,1153,0.5568083261058109
validation,supplier_delay,1011,SKU-002,service_aware,2,870,877,0.992018244013683
validation,supplier_delay,1011,SKU-002,service_aware,3,995,995,1.0
validation,supplier_delay,1011,SKU-002,service_aware,4,1036,1036,1.0
validation,supplier_delay,1011,SKU-002,service_aware,5,1153,1153,1.0
validation,supplier_delay,1012,SKU-002,independent,2,837,877,0.9543899657924744
validation,supplier_delay,1012,SKU-002,independent,3,948,995,0.9527638190954774
validation,supplier_delay,1012,SKU-002,independent,4,1025,1036,0.9893822393822393
validation,supplier_delay,1012,SKU-002,independent,5,1076,1153,0.9332176929748482
validation,supplier_delay,1012,SKU-002,normal_optimized,2,583,877,0.6647662485746865
validation,supplier_delay,1012,SKU-002,normal_optimized,3,704,995,0.7075376884422111
validation,supplier_delay,1012,SKU-002,normal_optimized,4,601,1036,0.5801158301158301
validation,supplier_delay,1012,SKU-002,normal_optimized,5,667,1153,0.5784908933217693
validation,supplier_delay,1012,SKU-002,service_aware,2,865,877,0.9863169897377423
validation,supplier_delay,1012,SKU-002,service_aware,3,992,995,0.9969849246231156
validation,supplier_delay,1012,SKU-002,service_aware,4,1036,1036,1.0
validation,supplier_delay,1012,SKU-002,service_aware,5,1140,1153,0.9887250650477016
validation,combined_stress,1001,SKU-002,independent,2,711,1014,0.7011834319526628
validation,combined_stress,1001,SKU-002,independent,3,781,1160,0.6732758620689655
validation,combined_stress,1001,SKU-002,independent,4,855,1207,0.7083678541839271
validation,combined_stress,1001,SKU-002,independent,5,961,1350,0.7118518518518518
validation,combined_stress,1001,SKU-002,normal_optimized,2,410,1014,0.40433925049309666
validation,combined_stress,1001,SKU-002,normal_optimized,3,460,1160,0.39655172413793105
validation,combined_stress,1001,SKU-002,normal_optimized,4,463,1207,0.3835956917978459
validation,combined_stress,1001,SKU-002,normal_optimized,5,440,1350,0.32592592592592595
validation,combined_stress,1001,SKU-002,service_aware,2,851,1014,0.8392504930966469
validation,combined_stress,1001,SKU-002,service_aware,3,905,1160,0.7801724137931034
validation,combined_stress,1001,SKU-002,service_aware,4,970,1207,0.8036454018227009
validation,combined_stress,1001,SKU-002,service_aware,5,1091,1350,0.8081481481481482
validation,combined_stress,1002,SKU-002,independent,2,789,1014,0.7781065088757396
validation,combined_stress,1002,SKU-002,independent,3,817,1160,0.7043103448275863
validation,combined_stress,1002,SKU-002,independent,4,815,1207,0.6752278376139188
validation,combined_stress,1002,SKU-002,independent,5,900,1350,0.6666666666666666
validation,combined_stress,1002,SKU-002,normal_optimized,2,490,1014,0.4832347140039448
validation,combined_stress,1002,SKU-002,normal_optimized,3,487,1160,0.41982758620689653
validation,combined_stress,1002,SKU-002,normal_optimized,4,410,1207,0.3396851698425849
validation,combined_stress,1002,SKU-002,normal_optimized,5,429,1350,0.31777777777777777
validation,combined_stress,1002,SKU-002,service_aware,2,946,1014,0.9329388560157791
validation,combined_stress,1002,SKU-002,service_aware,3,986,1160,0.85
validation,combined_stress,1002,SKU-002,service_aware,4,978,1207,0.8102734051367025
validation,combined_stress,1002,SKU-002,service_aware,5,1053,1350,0.78
validation,combined_stress,1003,SKU-002,independent,2,762,1014,0.7514792899408284
validation,combined_stress,1003,SKU-002,independent,3,789,1160,0.6801724137931034
validation,combined_stress,1003,SKU-002,independent,4,861,1207,0.7133388566694283
validation,combined_stress,1003,SKU-002,independent,5,907,1350,0.6718518518518518
validation,combined_stress,1003,SKU-002,normal_optimized,2,444,1014,0.4378698224852071
validation,combined_stress,1003,SKU-002,normal_optimized,3,455,1160,0.3922413793103448
validation,combined_stress,1003,SKU-002,normal_optimized,4,444,1207,0.36785418392709196
validation,combined_stress,1003,SKU-002,normal_optimized,5,461,1350,0.3414814814814815
validation,combined_stress,1003,SKU-002,service_aware,2,887,1014,0.8747534516765286
validation,combined_stress,1003,SKU-002,service_aware,3,932,1160,0.803448275862069
validation,combined_stress,1003,SKU-002,service_aware,4,1006,1207,0.8334714167357083
validation,combined_stress,1003,SKU-002,service_aware,5,1049,1350,0.7770370370370371
validation,combined_stress,1004,SKU-002,independent,2,809,1014,0.7978303747534516
validation,combined_stress,1004,SKU-002,independent,3,844,1160,0.7275862068965517
validation,combined_stress,1004,SKU-002,independent,4,815,1207,0.6752278376139188
validation,combined_stress,1004,SKU-002,independent,5,854,1350,0.6325925925925926
validation,combined_stress,1004,SKU-002,normal_optimized,2,499,1014,0.4921104536489152
validation,combined_stress,1004,SKU-002,normal_optimized,3,492,1160,0.4241379310344828
validation,combined_stress,1004,SKU-002,normal_optimized,4,447,1207,0.37033968516984256
validation,combined_stress,1004,SKU-002,normal_optimized,5,423,1350,0.31333333333333335
validation,combined_stress,1004,SKU-002,service_aware,2,922,1014,0.9092702169625246
validation,combined_stress,1004,SKU-002,service_aware,3,969,1160,0.8353448275862069
validation,combined_stress,1004,SKU-002,service_aware,4,920,1207,0.7622203811101905
validation,combined_stress,1004,SKU-002,service_aware,5,1027,1350,0.7607407407407407
validation,combined_stress,1005,SKU-002,independent,2,755,1014,0.7445759368836292
validation,combined_stress,1005,SKU-002,independent,3,813,1160,0.7008620689655173
validation,combined_stress,1005,SKU-002,independent,4,889,1207,0.7365368682684341
validation,combined_stress,1005,SKU-002,independent,5,906,1350,0.6711111111111111
validation,combined_stress,1005,SKU-002,normal_optimized,2,448,1014,0.4418145956607495
validation,combined_stress,1005,SKU-002,normal_optimized,3,493,1160,0.425
validation,combined_stress,1005,SKU-002,normal_optimized,4,511,1207,0.4233637116818558
validation,combined_stress,1005,SKU-002,normal_optimized,5,424,1350,0.31407407407407406
validation,combined_stress,1005,SKU-002,service_aware,2,878,1014,0.8658777120315582
validation,combined_stress,1005,SKU-002,service_aware,3,965,1160,0.8318965517241379
validation,combined_stress,1005,SKU-002,service_aware,4,997,1207,0.8260149130074566
validation,combined_stress,1005,SKU-002,service_aware,5,1070,1350,0.7925925925925926
validation,combined_stress,1006,SKU-002,independent,2,822,1014,0.8106508875739645
validation,combined_stress,1006,SKU-002,independent,3,883,1160,0.7612068965517241
validation,combined_stress,1006,SKU-002,independent,4,877,1207,0.7265948632974316
validation,combined_stress,1006,SKU-002,independent,5,905,1350,0.6703703703703704
validation,combined_stress,1006,SKU-002,normal_optimized,2,448,1014,0.4418145956607495
validation,combined_stress,1006,SKU-002,normal_optimized,3,511,1160,0.44051724137931036
validation,combined_stress,1006,SKU-002,normal_optimized,4,468,1207,0.3877381938690969
validation,combined_stress,1006,SKU-002,normal_optimized,5,446,1350,0.33037037037037037
validation,combined_stress,1006,SKU-002,service_aware,2,971,1014,0.9575936883629191
validation,combined_stress,1006,SKU-002,service_aware,3,1064,1160,0.9172413793103448
validation,combined_stress,1006,SKU-002,service_aware,4,957,1207,0.7928748964374482
validation,combined_stress,1006,SKU-002,service_aware,5,1004,1350,0.7437037037037038
validation,combined_stress,1007,SKU-002,independent,2,800,1014,0.7889546351084813
validation,combined_stress,1007,SKU-002,independent,3,830,1160,0.7155172413793104
validation,combined_stress,1007,SKU-002,independent,4,838,1207,0.6942833471416736
validation,combined_stress,1007,SKU-002,independent,5,895,1350,0.662962962962963
validation,combined_stress,1007,SKU-002,normal_optimized,2,499,1014,0.4921104536489152
validation,combined_stress,1007,SKU-002,normal_optimized,3,539,1160,0.4646551724137931
validation,combined_stress,1007,SKU-002,normal_optimized,4,387,1207,0.32062966031483014
validation,combined_stress,1007,SKU-002,normal_optimized,5,439,1350,0.3251851851851852
validation,combined_stress,1007,SKU-002,service_aware,2,939,1014,0.9260355029585798
validation,combined_stress,1007,SKU-002,service_aware,3,1012,1160,0.8724137931034482
validation,combined_stress,1007,SKU-002,service_aware,4,974,1207,0.8069594034797017
validation,combined_stress,1007,SKU-002,service_aware,5,1054,1350,0.7807407407407407
validation,combined_stress,1008,SKU-002,independent,2,799,1014,0.7879684418145957
validation,combined_stress,1008,SKU-002,independent,3,846,1160,0.7293103448275862
validation,combined_stress,1008,SKU-002,independent,4,838,1207,0.6942833471416736
validation,combined_stress,1008,SKU-002,independent,5,917,1350,0.6792592592592592
validation,combined_stress,1008,SKU-002,normal_optimized,2,457,1014,0.45069033530571995
validation,combined_stress,1008,SKU-002,normal_optimized,3,475,1160,0.40948275862068967
validation,combined_stress,1008,SKU-002,normal_optimized,4,473,1207,0.39188069594034797
validation,combined_stress,1008,SKU-002,normal_optimized,5,488,1350,0.36148148148148146
validation,combined_stress,1008,SKU-002,service_aware,2,960,1014,0.9467455621301775
validation,combined_stress,1008,SKU-002,service_aware,3,992,1160,0.8551724137931035
validation,combined_stress,1008,SKU-002,service_aware,4,957,1207,0.7928748964374482
validation,combined_stress,1008,SKU-002,service_aware,5,1094,1350,0.8103703703703704
validation,combined_stress,1009,SKU-002,independent,2,839,1014,0.8274161735700197
validation,combined_stress,1009,SKU-002,independent,3,800,1160,0.6896551724137931
validation,combined_stress,1009,SKU-002,independent,4,895,1207,0.7415078707539354
validation,combined_stress,1009,SKU-002,independent,5,924,1350,0.6844444444444444
validation,combined_stress,1009,SKU-002,normal_optimized,2,449,1014,0.4428007889546351
validation,combined_stress,1009,SKU-002,normal_optimized,3,454,1160,0.3913793103448276
validation,combined_stress,1009,SKU-002,normal_optimized,4,496,1207,0.4109362054681027
validation,combined_stress,1009,SKU-002,normal_optimized,5,542,1350,0.4014814814814815
validation,combined_stress,1009,SKU-002,service_aware,2,968,1014,0.9546351084812623
validation,combined_stress,1009,SKU-002,service_aware,3,990,1160,0.853448275862069
validation,combined_stress,1009,SKU-002,service_aware,4,1015,1207,0.8409279204639603
validation,combined_stress,1009,SKU-002,service_aware,5,1067,1350,0.7903703703703704
validation,combined_stress,1010,SKU-002,independent,2,788,1014,0.777120315581854
validation,combined_stress,1010,SKU-002,independent,3,826,1160,0.7120689655172414
validation,combined_stress,1010,SKU-002,independent,4,879,1207,0.728251864125932
validation,combined_stress,1010,SKU-002,independent,5,902,1350,0.6681481481481482
validation,combined_stress,1010,SKU-002,normal_optimized,2,461,1014,0.4546351084812623
validation,combined_stress,1010,SKU-002,normal_optimized,3,487,1160,0.41982758620689653
validation,combined_stress,1010,SKU-002,normal_optimized,4,449,1207,0.371996685998343
validation,combined_stress,1010,SKU-002,normal_optimized,5,470,1350,0.34814814814814815
validation,combined_stress,1010,SKU-002,service_aware,2,943,1014,0.9299802761341223
validation,combined_stress,1010,SKU-002,service_aware,3,1004,1160,0.8655172413793103
validation,combined_stress,1010,SKU-002,service_aware,4,986,1207,0.8169014084507042
validation,combined_stress,1010,SKU-002,service_aware,5,1061,1350,0.7859259259259259
validation,combined_stress,1011,SKU-002,independent,2,796,1014,0.7850098619329389
validation,combined_stress,1011,SKU-002,independent,3,821,1160,0.7077586206896552
validation,combined_stress,1011,SKU-002,independent,4,855,1207,0.7083678541839271
validation,combined_stress,1011,SKU-002,independent,5,873,1350,0.6466666666666666
validation,combined_stress,1011,SKU-002,normal_optimized,2,447,1014,0.4408284023668639
validation,combined_stress,1011,SKU-002,normal_optimized,3,439,1160,0.378448275862069
validation,combined_stress,1011,SKU-002,normal_optimized,4,510,1207,0.4225352112676056
validation,combined_stress,1011,SKU-002,normal_optimized,5,482,1350,0.35703703703703704
validation,combined_stress,1011,SKU-002,service_aware,2,938,1014,0.9250493096646942
validation,combined_stress,1011,SKU-002,service_aware,3,959,1160,0.8267241379310345
validation,combined_stress,1011,SKU-002,service_aware,4,1037,1207,0.8591549295774648
validation,combined_stress,1011,SKU-002,service_aware,5,1012,1350,0.7496296296296296
validation,combined_stress,1012,SKU-002,independent,2,830,1014,0.8185404339250493
validation,combined_stress,1012,SKU-002,independent,3,865,1160,0.7456896551724138
validation,combined_stress,1012,SKU-002,independent,4,845,1207,0.700082850041425
validation,combined_stress,1012,SKU-002,independent,5,895,1350,0.662962962962963
validation,combined_stress,1012,SKU-002,normal_optimized,2,432,1014,0.4260355029585799
validation,combined_stress,1012,SKU-002,normal_optimized,3,528,1160,0.45517241379310347
validation,combined_stress,1012,SKU-002,normal_optimized,4,430,1207,0.35625517812758906
validation,combined_stress,1012,SKU-002,normal_optimized,5,479,1350,0.3548148148148148
validation,combined_stress,1012,SKU-002,service_aware,2,950,1014,0.9368836291913215
validation,combined_stress,1012,SKU-002,service_aware,3,1019,1160,0.878448275862069
validation,combined_stress,1012,SKU-002,service_aware,4,1000,1207,0.8285004142502072
validation,combined_stress,1012,SKU-002,service_aware,5,1067,1350,0.7903703703703704
test,normal,1001,SKU-002,independent,2,915,926,0.9881209503239741
test,normal,1001,SKU-002,independent,3,958,959,0.9989572471324296
test,normal,1001,SKU-002,independent,4,1098,1103,0.9954669084315503
test,normal,1001,SKU-002,independent,5,1129,1134,0.9955908289241623
test,normal,1001,SKU-002,normal_optimized,2,915,926,0.9881209503239741
test,normal,1001,SKU-002,normal_optimized,3,950,959,0.9906152241918665
test,normal,1001,SKU-002,normal_optimized,4,1088,1103,0.986400725294651
test,normal,1001,SKU-002,normal_optimized,5,1117,1134,0.9850088183421517
test,normal,1001,SKU-002,service_aware,2,926,926,1.0
test,normal,1001,SKU-002,service_aware,3,959,959,1.0
test,normal,1001,SKU-002,service_aware,4,1103,1103,1.0
test,normal,1001,SKU-002,service_aware,5,1134,1134,1.0
test,normal,1002,SKU-002,independent,2,923,926,0.9967602591792657
test,normal,1002,SKU-002,independent,3,953,959,0.9937434827945777
test,normal,1002,SKU-002,independent,4,1100,1103,0.9972801450589301
test,normal,1002,SKU-002,independent,5,1126,1134,0.9929453262786596
test,normal,1002,SKU-002,normal_optimized,2,921,926,0.9946004319654428
test,normal,1002,SKU-002,normal_optimized,3,936,959,0.9760166840458812
test,normal,1002,SKU-002,normal_optimized,4,1091,1103,0.9891205802357208
test,normal,1002,SKU-002,normal_optimized,5,1119,1134,0.9867724867724867
test,normal,1002,SKU-002,service_aware,2,926,926,1.0
test,normal,1002,SKU-002,service_aware,3,959,959,1.0
test,normal,1002,SKU-002,service_aware,4,1103,1103,1.0
test,normal,1002,SKU-002,service_aware,5,1134,1134,1.0
test,normal,1003,SKU-002,independent,2,924,926,0.9978401727861771
test,normal,1003,SKU-002,independent,3,959,959,1.0
test,normal,1003,SKU-002,independent,4,1079,1103,0.9782411604714415
test,normal,1003,SKU-002,independent,5,1133,1134,0.9991181657848325
test,normal,1003,SKU-002,normal_optimized,2,915,926,0.9881209503239741
test,normal,1003,SKU-002,normal_optimized,3,948,959,0.9885297184567258
test,normal,1003,SKU-002,normal_optimized,4,1079,1103,0.9782411604714415
test,normal,1003,SKU-002,normal_optimized,5,1119,1134,0.9867724867724867
test,normal,1003,SKU-002,service_aware,2,926,926,1.0
test,normal,1003,SKU-002,service_aware,3,959,959,1.0
test,normal,1003,SKU-002,service_aware,4,1102,1103,0.99909338168631
test,normal,1003,SKU-002,service_aware,5,1134,1134,1.0
test,normal,1004,SKU-002,independent,2,923,926,0.9967602591792657
test,normal,1004,SKU-002,independent,3,957,959,0.9979144942648592
test,normal,1004,SKU-002,independent,4,1082,1103,0.9809610154125114
test,normal,1004,SKU-002,independent,5,1126,1134,0.9929453262786596
test,normal,1004,SKU-002,normal_optimized,2,923,926,0.9967602591792657
test,normal,1004,SKU-002,normal_optimized,3,957,959,0.9979144942648592
test,normal,1004,SKU-002,normal_optimized,4,1082,1103,0.9809610154125114
test,normal,1004,SKU-002,normal_optimized,5,1123,1134,0.9902998236331569
test,normal,1004,SKU-002,service_aware,2,926,926,1.0
test,normal,1004,SKU-002,service_aware,3,959,959,1.0
test,normal,1004,SKU-002,service_aware,4,1102,1103,0.99909338168631
test,normal,1004,SKU-002,service_aware,5,1134,1134,1.0
test,normal,1005,SKU-002,independent,2,920,926,0.9935205183585313
test,normal,1005,SKU-002,independent,3,958,959,0.9989572471324296
test,normal,1005,SKU-002,independent,4,1098,1103,0.9954669084315503
test,normal,1005,SKU-002,independent,5,1129,1134,0.9955908289241623
test,normal,1005,SKU-002,normal_optimized,2,920,926,0.9935205183585313
test,normal,1005,SKU-002,normal_optimized,3,951,959,0.9916579770594369
test,normal,1005,SKU-002,normal_optimized,4,1086,1103,0.9845874886672711
test,normal,1005,SKU-002,normal_optimized,5,1127,1134,0.9938271604938271
test,normal,1005,SKU-002,service_aware,2,926,926,1.0
test,normal,1005,SKU-002,service_aware,3,959,959,1.0
test,normal,1005,SKU-002,service_aware,4,1103,1103,1.0
test,normal,1005,SKU-002,service_aware,5,1134,1134,1.0
test,normal,1006,SKU-002,independent,2,918,926,0.9913606911447084
test,normal,1006,SKU-002,independent,3,959,959,1.0
test,normal,1006,SKU-002,independent,4,1089,1103,0.9873073436083409
test,normal,1006,SKU-002,independent,5,1128,1134,0.9947089947089947
test,normal,1006,SKU-002,normal_optimized,2,917,926,0.990280777537797
test,normal,1006,SKU-002,normal_optimized,3,949,959,0.9895724713242962
test,normal,1006,SKU-002,normal_optimized,4,1077,1103,0.9764279238440616
test,normal,1006,SKU-002,normal_optimized,5,1117,1134,0.9850088183421517
test,normal,1006,SKU-002,service_aware,2,926,926,1.0
test,normal,1006,SKU-002,service_aware,3,959,959,1.0
test,normal,1006,SKU-002,service_aware,4,1102,1103,0.99909338168631
test,normal,1006,SKU-002,service_aware,5,1134,1134,1.0
test,normal,1007,SKU-002,independent,2,926,926,1.0
test,normal,1007,SKU-002,independent,3,959,959,1.0
test,normal,1007,SKU-002,independent,4,1103,1103,1.0
test,normal,1007,SKU-002,independent,5,1129,1134,0.9955908289241623
test,normal,1007,SKU-002,normal_optimized,2,919,926,0.9924406047516199
test,normal,1007,SKU-002,normal_optimized,3,947,959,0.9874869655891554
test,normal,1007,SKU-002,normal_optimized,4,1095,1103,0.9927470534904805
test,normal,1007,SKU-002,normal_optimized,5,1123,1134,0.9902998236331569
test,normal,1007,SKU-002,service_aware,2,926,926,1.0
test,normal,1007,SKU-002,service_aware,3,959,959,1.0
test,normal,1007,SKU-002,service_aware,4,1103,1103,1.0
test,normal,1007,SKU-002,service_aware,5,1134,1134,1.0
test,normal,1008,SKU-002,independent,2,925,926,0.9989200863930886
test,normal,1008,SKU-002,independent,3,959,959,1.0
test,normal,1008,SKU-002,independent,4,1102,1103,0.99909338168631
test,normal,1008,SKU-002,independent,5,1133,1134,0.9991181657848325
test,normal,1008,SKU-002,normal_optimized,2,911,926,0.9838012958963283
test,normal,1008,SKU-002,normal_optimized,3,959,959,1.0
test,normal,1008,SKU-002,normal_optimized,4,1101,1103,0.9981867633726201
test,normal,1008,SKU-002,normal_optimized,5,1126,1134,0.9929453262786596
test,normal,1008,SKU-002,service_aware,2,926,926,1.0
test,normal,1008,SKU-002,service_aware,3,959,959,1.0
test,normal,1008,SKU-002,service_aware,4,1103,1103,1.0
test,normal,1008,SKU-002,service_aware,5,1134,1134,1.0
test,normal,1009,SKU-002,independent,2,920,926,0.9935205183585313
test,normal,1009,SKU-002,independent,3,959,959,1.0
test,normal,1009,SKU-002,independent,4,1084,1103,0.9827742520398912
test,normal,1009,SKU-002,independent,5,1132,1134,0.9982363315696648
test,normal,1009,SKU-002,normal_optimized,2,916,926,0.9892008639308856
test,normal,1009,SKU-002,normal_optimized,3,959,959,1.0
test,normal,1009,SKU-002,normal_optimized,4,1075,1103,0.9746146872166818
test,normal,1009,SKU-002,normal_optimized,5,1131,1134,0.9973544973544973
test,normal,1009,SKU-002,service_aware,2,926,926,1.0
test,normal,1009,SKU-002,service_aware,3,959,959,1.0
test,normal,1009,SKU-002,service_aware,4,1102,1103,0.99909338168631
test,normal,1009,SKU-002,service_aware,5,1134,1134,1.0
test,normal,1010,SKU-002,independent,2,923,926,0.9967602591792657
test,normal,1010,SKU-002,independent,3,959,959,1.0
test,normal,1010,SKU-002,independent,4,1099,1103,0.9963735267452403
test,normal,1010,SKU-002,independent,5,1131,1134,0.9973544973544973
test,normal,1010,SKU-002,normal_optimized,2,923,926,0.9967602591792657
test,normal,1010,SKU-002,normal_optimized,3,954,959,0.9947862356621481
test,normal,1010,SKU-002,normal_optimized,4,1089,1103,0.9873073436083409
test,normal,1010,SKU-002,normal_optimized,5,1119,1134,0.9867724867724867
test,normal,1010,SKU-002,service_aware,2,926,926,1.0
test,normal,1010,SKU-002,service_aware,3,959,959,1.0
test,normal,1010,SKU-002,service_aware,4,1103,1103,1.0
test,normal,1010,SKU-002,service_aware,5,1134,1134,1.0
test,normal,1011,SKU-002,independent,2,924,926,0.9978401727861771
test,normal,1011,SKU-002,independent,3,959,959,1.0
test,normal,1011,SKU-002,independent,4,1093,1103,0.9909338168631007
test,normal,1011,SKU-002,independent,5,1128,1134,0.9947089947089947
test,normal,1011,SKU-002,normal_optimized,2,914,926,0.9870410367170627
test,normal,1011,SKU-002,normal_optimized,3,951,959,0.9916579770594369
test,normal,1011,SKU-002,normal_optimized,4,1091,1103,0.9891205802357208
test,normal,1011,SKU-002,normal_optimized,5,1111,1134,0.9797178130511464
test,normal,1011,SKU-002,service_aware,2,926,926,1.0
test,normal,1011,SKU-002,service_aware,3,959,959,1.0
test,normal,1011,SKU-002,service_aware,4,1103,1103,1.0
test,normal,1011,SKU-002,service_aware,5,1134,1134,1.0
test,normal,1012,SKU-002,independent,2,920,926,0.9935205183585313
test,normal,1012,SKU-002,independent,3,959,959,1.0
test,normal,1012,SKU-002,independent,4,1079,1103,0.9782411604714415
test,normal,1012,SKU-002,independent,5,1134,1134,1.0
test,normal,1012,SKU-002,normal_optimized,2,902,926,0.9740820734341252
test,normal,1012,SKU-002,normal_optimized,3,952,959,0.9927007299270073
test,normal,1012,SKU-002,normal_optimized,4,1056,1103,0.957388939256573
test,normal,1012,SKU-002,normal_optimized,5,1127,1134,0.9938271604938271
test,normal,1012,SKU-002,service_aware,2,926,926,1.0
test,normal,1012,SKU-002,service_aware,3,959,959,1.0
test,normal,1012,SKU-002,service_aware,4,1102,1103,0.99909338168631
test,normal,1012,SKU-002,service_aware,5,1134,1134,1.0
test,demand_spike,1001,SKU-002,independent,2,1022,1082,0.944547134935305
test,demand_spike,1001,SKU-002,independent,3,1061,1123,0.9447907390917186
test,demand_spike,1001,SKU-002,independent,4,1174,1289,0.9107835531419706
test,demand_spike,1001,SKU-002,independent,5,1184,1331,0.8895567242674681
test,demand_spike,1001,SKU-002,normal_optimized,2,902,1082,0.833641404805915
test,demand_spike,1001,SKU-002,normal_optimized,3,941,1123,0.8379341050756901
test,demand_spike,1001,SKU-002,normal_optimized,4,1054,1289,0.8176881303335919
test,demand_spike,1001,SKU-002,normal_optimized,5,1112,1331,0.8354620586025545
test,demand_spike,1001,SKU-002,service_aware,2,1067,1082,0.9861367837338263
test,demand_spike,1001,SKU-002,service_aware,3,1112,1123,0.9902048085485308
test,demand_spike,1001,SKU-002,service_aware,4,1254,1289,0.9728471683475562
test,demand_spike,1001,SKU-002,service_aware,5,1279,1331,0.9609316303531179
test,demand_spike,1002,SKU-002,independent,2,1040,1082,0.9611829944547134
test,demand_spike,1002,SKU-002,independent,3,1096,1123,0.9759572573463936
test,demand_spike,1002,SKU-002,independent,4,1203,1289,0.9332816136539953
test,demand_spike,1002,SKU-002,independent,5,1259,1331,0.9459053343350864
test,demand_spike,1002,SKU-002,normal_optimized,2,986,1082,0.911275415896488
test,demand_spike,1002,SKU-002,normal_optimized,3,1002,1123,0.8922528940338379
test,demand_spike,1002,SKU-002,normal_optimized,4,1080,1289,0.8378588052754073
test,demand_spike,1002,SKU-002,normal_optimized,5,1118,1331,0.8399699474079639
test,demand_spike,1002,SKU-002,service_aware,2,1076,1082,0.9944547134935305
test,demand_spike,1002,SKU-002,service_aware,3,1119,1123,0.9964381121994658
test,demand_spike,1002,SKU-002,service_aware,4,1267,1289,0.9829325058184639
test,demand_spike,1002,SKU-002,service_aware,5,1317,1331,0.9894815927873779
test,demand_spike,1003,SKU-002,independent,2,1047,1082,0.967652495378928
test,demand_spike,1003,SKU-002,independent,3,1059,1123,0.9430097951914514
test,demand_spike,1003,SKU-002,independent,4,1206,1289,0.9356089992242048
test,demand_spike,1003,SKU-002,independent,5,1224,1331,0.9196093163035312
test,demand_spike,1003,SKU-002,normal_optimized,2,947,1082,0.8752310536044362
test,demand_spike,1003,SKU-002,normal_optimized,3,880,1123,0.7836153161175423
test,demand_spike,1003,SKU-002,normal_optimized,4,1058,1289,0.8207913110938713
test,demand_spike,1003,SKU-002,normal_optimized,5,1052,1331,0.7903831705484599
test,demand_spike,1003,SKU-002,service_aware,2,1082,1082,1.0
test,demand_spike,1003,SKU-002,service_aware,3,1119,1123,0.9964381121994658
test,demand_spike,1003,SKU-002,service_aware,4,1268,1289,0.9837083010085338
test,demand_spike,1003,SKU-002,service_aware,5,1311,1331,0.9849737039819685
test,demand_spike,1004,SKU-002,independent,2,1043,1082,0.9639556377079482
test,demand_spike,1004,SKU-002,independent,3,1077,1123,0.9590382902938558
test,demand_spike,1004,SKU-002,independent,4,1159,1289,0.8991466252909232
test,demand_spike,1004,SKU-002,independent,5,1220,1331,0.9166040570999249
test,demand_spike,1004,SKU-002,normal_optimized,2,961,1082,0.8881700554528651
test,demand_spike,1004,SKU-002,normal_optimized,3,936,1123,0.8334817453250223
test,demand_spike,1004,SKU-002,normal_optimized,4,1041,1289,0.8076027928626842
test,demand_spike,1004,SKU-002,normal_optimized,5,1056,1331,0.7933884297520661
test,demand_spike,1004,SKU-002,service_aware,2,1071,1082,0.9898336414048059
test,demand_spike,1004,SKU-002,service_aware,3,1121,1123,0.9982190560997328
test,demand_spike,1004,SKU-002,service_aware,4,1257,1289,0.9751745539177658
test,demand_spike,1004,SKU-002,service_aware,5,1307,1331,0.9819684447783621
test,demand_spike,1005,SKU-002,independent,2,1026,1082,0.9482439926062847
test,demand_spike,1005,SKU-002,independent,3,1099,1123,0.9786286731967943
test,demand_spike,1005,SKU-002,independent,4,1229,1289,0.9534522885958107
test,demand_spike,1005,SKU-002,independent,5,1249,1331,0.9383921863260706
test,demand_spike,1005,SKU-002,normal_optimized,2,975,1082,0.9011090573012939
test,demand_spike,1005,SKU-002,normal_optimized,3,987,1123,0.8788958147818343
test,demand_spike,1005,SKU-002,normal_optimized,4,1118,1289,0.8673390224980605
test,demand_spike,1005,SKU-002,normal_optimized,5,1146,1331,0.8610067618332081
test,demand_spike,1005,SKU-002,service_aware,2,1071,1082,0.9898336414048059
test,demand_spike,1005,SKU-002,service_aware,3,1122,1123,0.9991095280498664
test,demand_spike,1005,SKU-002,service_aware,4,1269,1289,0.9844840961986036
test,demand_spike,1005,SKU-002,service_aware,5,1311,1331,0.9849737039819685
test,demand_spike,1006,SKU-002,independent,2,1042,1082,0.9630314232902033
test,demand_spike,1006,SKU-002,independent,3,1099,1123,0.9786286731967943
test,demand_spike,1006,SKU-002,independent,4,1201,1289,0.9317300232738557
test,demand_spike,1006,SKU-002,independent,5,1186,1331,0.8910593538692713
test,demand_spike,1006,SKU-002,normal_optimized,2,993,1082,0.9177449168207024
test,demand_spike,1006,SKU-002,normal_optimized,3,1064,1123,0.9474621549421193
test,demand_spike,1006,SKU-002,normal_optimized,4,1012,1289,0.7851047323506595
test,demand_spike,1006,SKU-002,normal_optimized,5,1034,1331,0.7768595041322314
test,demand_spike,1006,SKU-002,service_aware,2,1081,1082,0.9990757855822551
test,demand_spike,1006,SKU-002,service_aware,3,1119,1123,0.9964381121994658
test,demand_spike,1006,SKU-002,service_aware,4,1270,1289,0.9852598913886734
test,demand_spike,1006,SKU-002,service_aware,5,1293,1331,0.97145003756574
test,demand_spike,1007,SKU-002,independent,2,1060,1082,0.9796672828096118
test,demand_spike,1007,SKU-002,independent,3,1063,1123,0.9465716829919858
test,demand_spike,1007,SKU-002,independent,4,1219,1289,0.9456943366951125
test,demand_spike,1007,SKU-002,independent,5,1242,1331,0.9331329827197595
test,demand_spike,1007,SKU-002,normal_optimized,2,952,1082,0.8798521256931608
test,demand_spike,1007,SKU-002,normal_optimized,3,951,1123,0.8468388245770259
test,demand_spike,1007,SKU-002,normal_optimized,4,1120,1289,0.8688906128782001
test,demand_spike,1007,SKU-002,normal_optimized,5,1130,1331,0.8489857250187829
test,demand_spike,1007,SKU-002,service_aware,2,1082,1082,1.0
test,demand_spike,1007,SKU-002,service_aware,3,1111,1123,0.9893143365983972
test,demand_spike,1007,SKU-002,service_aware,4,1272,1289,0.9868114817688131
test,demand_spike,1007,SKU-002,service_aware,5,1303,1331,0.9789631855747558
test,demand_spike,1008,SKU-002,independent,2,1050,1082,0.9704251386321626
test,demand_spike,1008,SKU-002,independent,3,1109,1123,0.98753339269813
test,demand_spike,1008,SKU-002,independent,4,1217,1289,0.9441427463149729
test,demand_spike,1008,SKU-002,independent,5,1281,1331,0.9624342599549212
test,demand_spike,1008,SKU-002,normal_optimized,2,993,1082,0.9177449168207024
test,demand_spike,1008,SKU-002,normal_optimized,3,1011,1123,0.9002671415850401
test,demand_spike,1008,SKU-002,normal_optimized,4,1125,1289,0.8727695888285493
test,demand_spike,1008,SKU-002,normal_optimized,5,1159,1331,0.8707738542449286
test,demand_spike,1008,SKU-002,service_aware,2,1082,1082,1.0
test,demand_spike,1008,SKU-002,service_aware,3,1123,1123,1.0
test,demand_spike,1008,SKU-002,service_aware,4,1283,1289,0.9953452288595811
test,demand_spike,1008,SKU-002,service_aware,5,1319,1331,0.990984222389181
test,demand_spike,1009,SKU-002,independent,2,1049,1082,0.9695009242144177
test,demand_spike,1009,SKU-002,independent,3,1088,1123,0.968833481745325
test,demand_spike,1009,SKU-002,independent,4,1186,1289,0.9200930954228084
test,demand_spike,1009,SKU-002,independent,5,1213,1331,0.9113448534936138
test,demand_spike,1009,SKU-002,normal_optimized,2,1016,1082,0.9390018484288355
test,demand_spike,1009,SKU-002,normal_optimized,3,1049,1123,0.9341050756901158
test,demand_spike,1009,SKU-002,normal_optimized,4,1079,1289,0.8370830100853375
test,demand_spike,1009,SKU-002,normal_optimized,5,1094,1331,0.821938392186326
test,demand_spike,1009,SKU-002,service_aware,2,1081,1082,0.9990757855822551
test,demand_spike,1009,SKU-002,service_aware,3,1112,1123,0.9902048085485308
test,demand_spike,1009,SKU-002,service_aware,4,1266,1289,0.9821567106283942
test,demand_spike,1009,SKU-002,service_aware,5,1308,1331,0.9827197595792637
test,demand_spike,1010,SKU-002,independent,2,1049,1082,0.9695009242144177
test,demand_spike,1010,SKU-002,independent,3,1068,1123,0.9510240427426536
test,demand_spike,1010,SKU-002,independent,4,1188,1289,0.921644685802948
test,demand_spike,1010,SKU-002,independent,5,1240,1331,0.9316303531179564
test,demand_spike,1010,SKU-002,normal_optimized,2,968,1082,0.8946395563770795
test,demand_spike,1010,SKU-002,normal_optimized,3,997,1123,0.8878005342831701
test,demand_spike,1010,SKU-002,normal_optimized,4,1060,1289,0.8223429014740109
test,demand_spike,1010,SKU-002,normal_optimized,5,1099,1331,0.8256949661908339
test,demand_spike,1010,SKU-002,service_aware,2,1070,1082,0.988909426987061
test,demand_spike,1010,SKU-002,service_aware,3,1116,1123,0.993766696349065
test,demand_spike,1010,SKU-002,service_aware,4,1277,1289,0.9906904577191621
test,demand_spike,1010,SKU-002,service_aware,5,1313,1331,0.9864763335837716
test,demand_spike,1011,SKU-002,independent,2,1065,1082,0.9842883548983364
test,demand_spike,1011,SKU-002,independent,3,1062,1123,0.9456812110418522
test,demand_spike,1011,SKU-002,independent,4,1171,1289,0.9084561675717611
test,demand_spike,1011,SKU-002,independent,5,1225,1331,0.9203606311044328
test,demand_spike,1011,SKU-002,normal_optimized,2,987,1082,0.9121996303142329
test,demand_spike,1011,SKU-002,normal_optimized,3,1003,1123,0.8931433659839715
test,demand_spike,1011,SKU-002,normal_optimized,4,1019,1289,0.7905352986811481
test,demand_spike,1011,SKU-002,normal_optimized,5,1105,1331,0.8302028549962435
test,demand_spike,1011,SKU-002,service_aware,2,1082,1082,1.0
test,demand_spike,1011,SKU-002,service_aware,3,1109,1123,0.98753339269813
test,demand_spike,1011,SKU-002,service_aware,4,1263,1289,0.9798293250581847
test,demand_spike,1011,SKU-002,service_aware,5,1296,1331,0.9737039819684448
test,demand_spike,1012,SKU-002,independent,2,1036,1082,0.9574861367837338
test,demand_spike,1012,SKU-002,independent,3,1076,1123,0.9581478183437222
test,demand_spike,1012,SKU-002,independent,4,1159,1289,0.8991466252909232
test,demand_spike,1012,SKU-002,independent,5,1262,1331,0.9481592787377912
test,demand_spike,1012,SKU-002,normal_optimized,2,987,1082,0.9121996303142329
test,demand_spike,1012,SKU-002,normal_optimized,3,1012,1123,0.9011576135351737
test,demand_spike,1012,SKU-002,normal_optimized,4,1052,1289,0.8161365399534523
test,demand_spike,1012,SKU-002,normal_optimized,5,1154,1331,0.8670172802404207
test,demand_spike,1012,SKU-002,service_aware,2,1070,1082,0.988909426987061
test,demand_spike,1012,SKU-002,service_aware,3,1114,1123,0.9919857524487978
test,demand_spike,1012,SKU-002,service_aware,4,1233,1289,0.95655546935609
test,demand_spike,1012,SKU-002,service_aware,5,1318,1331,0.9902329075882795
test,supplier_delay,1001,SKU-002,independent,2,859,926,0.927645788336933
test,supplier_delay,1001,SKU-002,independent,3,918,959,0.9572471324296142
test,supplier_delay,1001,SKU-002,independent,4,1024,1103,0.928377153218495
test,supplier_delay,1001,SKU-002,independent,5,1073,1134,0.9462081128747796
test,supplier_delay,1001,SKU-002,normal_optimized,2,515,926,0.5561555075593952
test,supplier_delay,1001,SKU-002,normal_optimized,3,614,959,0.6402502606882169
test,supplier_delay,1001,SKU-002,normal_optimized,4,609,1103,0.5521305530371714
test,supplier_delay,1001,SKU-002,normal_optimized,5,609,1134,0.5370370370370371
test,supplier_delay,1001,SKU-002,service_aware,2,922,926,0.9956803455723542
test,supplier_delay,1001,SKU-002,service_aware,3,957,959,0.9979144942648592
test,supplier_delay,1001,SKU-002,service_aware,4,1088,1103,0.986400725294651
test,supplier_delay,1001,SKU-002,service_aware,5,1131,1134,0.9973544973544973
test,supplier_delay,1002,SKU-002,independent,2,881,926,0.9514038876889849
test,supplier_delay,1002,SKU-002,independent,3,908,959,0.9468196037539103
test,supplier_delay,1002,SKU-002,independent,4,1093,1103,0.9909338168631007
test,supplier_delay,1002,SKU-002,independent,5,1041,1134,0.917989417989418
test,supplier_delay,1002,SKU-002,normal_optimized,2,613,926,0.661987041036717
test,supplier_delay,1002,SKU-002,normal_optimized,3,661,959,0.6892596454640251
test,supplier_delay,1002,SKU-002,normal_optimized,4,591,1103,0.5358114233907525
test,supplier_delay,1002,SKU-002,normal_optimized,5,584,1134,0.5149911816578483
test,supplier_delay,1002,SKU-002,service_aware,2,923,926,0.9967602591792657
test,supplier_delay,1002,SKU-002,service_aware,3,949,959,0.9895724713242962
test,supplier_delay,1002,SKU-002,service_aware,4,1103,1103,1.0
test,supplier_delay,1002,SKU-002,service_aware,5,1131,1134,0.9973544973544973
test,supplier_delay,1003,SKU-002,independent,2,869,926,0.9384449244060475
test,supplier_delay,1003,SKU-002,independent,3,923,959,0.9624608967674662
test,supplier_delay,1003,SKU-002,independent,4,1047,1103,0.9492293744333635
test,supplier_delay,1003,SKU-002,independent,5,1027,1134,0.9056437389770723
test,supplier_delay,1003,SKU-002,normal_optimized,2,567,926,0.6123110151187905
test,supplier_delay,1003,SKU-002,normal_optimized,3,600,959,0.6256517205422315
test,supplier_delay,1003,SKU-002,normal_optimized,4,590,1103,0.5349048050770625
test,supplier_delay,1003,SKU-002,normal_optimized,5,525,1134,0.46296296296296297
test,supplier_delay,1003,SKU-002,service_aware,2,923,926,0.9967602591792657
test,supplier_delay,1003,SKU-002,service_aware,3,959,959,1.0
test,supplier_delay,1003,SKU-002,service_aware,4,1097,1103,0.9945602901178604
test,supplier_delay,1003,SKU-002,service_aware,5,1125,1134,0.9920634920634921
test,supplier_delay,1004,SKU-002,independent,2,893,926,0.9643628509719222
test,supplier_delay,1004,SKU-002,independent,3,925,959,0.9645464025026069
test,supplier_delay,1004,SKU-002,independent,4,1027,1103,0.9310970081595649
test,supplier_delay,1004,SKU-002,independent,5,1075,1134,0.9479717813051146
test,supplier_delay,1004,SKU-002,normal_optimized,2,555,926,0.5993520518358532
test,supplier_delay,1004,SKU-002,normal_optimized,3,610,959,0.6360792492179353
test,supplier_delay,1004,SKU-002,normal_optimized,4,558,1103,0.5058930190389845
test,supplier_delay,1004,SKU-002,normal_optimized,5,585,1134,0.5158730158730159
test,supplier_delay,1004,SKU-002,service_aware,2,926,926,1.0
test,supplier_delay,1004,SKU-002,service_aware,3,958,959,0.9989572471324296
test,supplier_delay,1004,SKU-002,service_aware,4,1095,1103,0.9927470534904805
test,supplier_delay,1004,SKU-002,service_aware,5,1134,1134,1.0
test,supplier_delay,1005,SKU-002,independent,2,905,926,0.9773218142548596
test,supplier_delay,1005,SKU-002,independent,3,931,959,0.9708029197080292
test,supplier_delay,1005,SKU-002,independent,4,1040,1103,0.942883046237534
test,supplier_delay,1005,SKU-002,independent,5,1094,1134,0.9647266313932981
test,supplier_delay,1005,SKU-002,normal_optimized,2,593,926,0.6403887688984882
test,supplier_delay,1005,SKU-002,normal_optimized,3,643,959,0.670490093847758
test,supplier_delay,1005,SKU-002,normal_optimized,4,670,1103,0.6074342701722575
test,supplier_delay,1005,SKU-002,normal_optimized,5,564,1134,0.4973544973544973
test,supplier_delay,1005,SKU-002,service_aware,2,926,926,1.0
test,supplier_delay,1005,SKU-002,service_aware,3,958,959,0.9989572471324296
test,supplier_delay,1005,SKU-002,service_aware,4,1093,1103,0.9909338168631007
test,supplier_delay,1005,SKU-002,service_aware,5,1134,1134,1.0
test,supplier_delay,1006,SKU-002,independent,2,887,926,0.9578833693304536
test,supplier_delay,1006,SKU-002,independent,3,927,959,0.9666319082377477
test,supplier_delay,1006,SKU-002,independent,4,1019,1103,0.9238440616500453
test,supplier_delay,1006,SKU-002,independent,5,1072,1134,0.9453262786596119
test,supplier_delay,1006,SKU-002,normal_optimized,2,620,926,0.6695464362850972
test,supplier_delay,1006,SKU-002,normal_optimized,3,684,959,0.7132429614181439
test,supplier_delay,1006,SKU-002,normal_optimized,4,575,1103,0.5213055303717135
test,supplier_delay,1006,SKU-002,normal_optimized,5,548,1134,0.48324514991181655
test,supplier_delay,1006,SKU-002,service_aware,2,926,926,1.0
test,supplier_delay,1006,SKU-002,service_aware,3,959,959,1.0
test,supplier_delay,1006,SKU-002,service_aware,4,1099,1103,0.9963735267452403
test,supplier_delay,1006,SKU-002,service_aware,5,1130,1134,0.9964726631393298
test,supplier_delay,1007,SKU-002,independent,2,882,926,0.9524838012958964
test,supplier_delay,1007,SKU-002,independent,3,905,959,0.9436913451511991
test,supplier_delay,1007,SKU-002,independent,4,1055,1103,0.956482320942883
test,supplier_delay,1007,SKU-002,independent,5,1084,1134,0.9559082892416225
test,supplier_delay,1007,SKU-002,normal_optimized,2,553,926,0.5971922246220303
test,supplier_delay,1007,SKU-002,normal_optimized,3,650,959,0.6777893639207507
test,supplier_delay,1007,SKU-002,normal_optimized,4,564,1103,0.5113327289211242
test,supplier_delay,1007,SKU-002,normal_optimized,5,610,1134,0.5379188712522046
test,supplier_delay,1007,SKU-002,service_aware,2,924,926,0.9978401727861771
test,supplier_delay,1007,SKU-002,service_aware,3,958,959,0.9989572471324296
test,supplier_delay,1007,SKU-002,service_aware,4,1102,1103,0.99909338168631
test,supplier_delay,1007,SKU-002,service_aware,5,1129,1134,0.9955908289241623
test,supplier_delay,1008,SKU-002,independent,2,863,926,0.9319654427645788
test,supplier_delay,1008,SKU-002,independent,3,951,959,0.9916579770594369
test,supplier_delay,1008,SKU-002,independent,4,1061,1103,0.9619220308250227
test,supplier_delay,1008,SKU-002,independent,5,1105,1134,0.9744268077601411
test,supplier_delay,1008,SKU-002,normal_optimized,2,619,926,0.6684665226781857
test,supplier_delay,1008,SKU-002,normal_optimized,3,646,959,0.6736183524504692
test,supplier_delay,1008,SKU-002,normal_optimized,4,621,1103,0.5630099728014506
test,supplier_delay,1008,SKU-002,normal_optimized,5,592,1134,0.5220458553791887
test,supplier_delay,1008,SKU-002,service_aware,2,918,926,0.9913606911447084
test,supplier_delay,1008,SKU-002,service_aware,3,959,959,1.0
test,supplier_delay,1008,SKU-002,service_aware,4,1103,1103,1.0
test,supplier_delay,1008,SKU-002,service_aware,5,1134,1134,1.0
test,supplier_delay,1009,SKU-002,independent,2,889,926,0.9600431965442765
test,supplier_delay,1009,SKU-002,independent,3,935,959,0.9749739311783108
test,supplier_delay,1009,SKU-002,independent,4,1037,1103,0.9401631912964642
test,supplier_delay,1009,SKU-002,independent,5,1092,1134,0.9629629629629629
test,supplier_delay,1009,SKU-002,normal_optimized,2,585,926,0.6317494600431965
test,supplier_delay,1009,SKU-002,normal_optimized,3,637,959,0.6642335766423357
test,supplier_delay,1009,SKU-002,normal_optimized,4,615,1103,0.557570262919311
test,supplier_delay,1009,SKU-002,normal_optimized,5,611,1134,0.5388007054673721
test,supplier_delay,1009,SKU-002,service_aware,2,921,926,0.9946004319654428
test,supplier_delay,1009,SKU-002,service_aware,3,959,959,1.0
test,supplier_delay,1009,SKU-002,service_aware,4,1097,1103,0.9945602901178604
test,supplier_delay,1009,SKU-002,service_aware,5,1134,1134,1.0
test,supplier_delay,1010,SKU-002,independent,2,886,926,0.9568034557235421
test,supplier_delay,1010,SKU-002,independent,3,922,959,0.9614181438998958
test,supplier_delay,1010,SKU-002,independent,4,1027,1103,0.9310970081595649
test,supplier_delay,1010,SKU-002,independent,5,1104,1134,0.9735449735449735
test,supplier_delay,1010,SKU-002,normal_optimized,2,603,926,0.6511879049676026
test,supplier_delay,1010,SKU-002,normal_optimized,3,662,959,0.6903023983315955
test,supplier_delay,1010,SKU-002,normal_optimized,4,575,1103,0.5213055303717135
test,supplier_delay,1010,SKU-002,normal_optimized,5,586,1134,0.5167548500881834
test,supplier_delay,1010,SKU-002,service_aware,2,925,926,0.9989200863930886
test,supplier_delay,1010,SKU-002,service_aware,3,959,959,1.0
test,supplier_delay,1010,SKU-002,service_aware,4,1085,1103,0.9836808703535811
test,supplier_delay,1010,SKU-002,service_aware,5,1134,1134,1.0
test,supplier_delay,1011,SKU-002,independent,2,883,926,0.9535637149028078
test,supplier_delay,1011,SKU-002,independent,3,927,959,0.9666319082377477
test,supplier_delay,1011,SKU-002,independent,4,1052,1103,0.9537624660018132
test,supplier_delay,1011,SKU-002,independent,5,1075,1134,0.9479717813051146
test,supplier_delay,1011,SKU-002,normal_optimized,2,563,926,0.6079913606911447
test,supplier_delay,1011,SKU-002,normal_optimized,3,633,959,0.6600625651720542
test,supplier_delay,1011,SKU-002,normal_optimized,4,656,1103,0.5947416137805984
test,supplier_delay,1011,SKU-002,normal_optimized,5,608,1134,0.5361552028218695
test,supplier_delay,1011,SKU-002,service_aware,2,919,926,0.9924406047516199
test,supplier_delay,1011,SKU-002,service_aware,3,959,959,1.0
test,supplier_delay,1011,SKU-002,service_aware,4,1103,1103,1.0
test,supplier_delay,1011,SKU-002,service_aware,5,1130,1134,0.9964726631393298
test,supplier_delay,1012,SKU-002,independent,2,855,926,0.9233261339092873
test,supplier_delay,1012,SKU-002,independent,3,949,959,0.9895724713242962
test,supplier_delay,1012,SKU-002,independent,4,1030,1103,0.9338168631006346
test,supplier_delay,1012,SKU-002,independent,5,1076,1134,0.9488536155202821
test,supplier_delay,1012,SKU-002,normal_optimized,2,549,926,0.5928725701943844
test,supplier_delay,1012,SKU-002,normal_optimized,3,663,959,0.6913451511991658
test,supplier_delay,1012,SKU-002,normal_optimized,4,613,1103,0.5557570262919311
test,supplier_delay,1012,SKU-002,normal_optimized,5,668,1134,0.5890652557319224
test,supplier_delay,1012,SKU-002,service_aware,2,916,926,0.9892008639308856
test,supplier_delay,1012,SKU-002,service_aware,3,959,959,1.0
test,supplier_delay,1012,SKU-002,service_aware,4,1095,1103,0.9927470534904805
test,supplier_delay,1012,SKU-002,service_aware,5,1128,1134,0.9947089947089947
test,combined_stress,1001,SKU-002,independent,2,693,1082,0.6404805914972274
test,combined_stress,1001,SKU-002,independent,3,723,1123,0.6438112199465716
test,combined_stress,1001,SKU-002,independent,4,865,1289,0.6710628394103957
test,combined_stress,1001,SKU-002,independent,5,939,1331,0.7054845980465815
test,combined_stress,1001,SKU-002,normal_optimized,2,417,1082,0.3853974121996303
test,combined_stress,1001,SKU-002,normal_optimized,3,481,1123,0.42831700801424755
test,combined_stress,1001,SKU-002,normal_optimized,4,483,1289,0.37470907680372384
test,combined_stress,1001,SKU-002,normal_optimized,5,488,1331,0.3666416228399699
test,combined_stress,1001,SKU-002,service_aware,2,816,1082,0.7541589648798521
test,combined_stress,1001,SKU-002,service_aware,3,892,1123,0.7943009795191451
test,combined_stress,1001,SKU-002,service_aware,4,944,1289,0.7323506594259116
test,combined_stress,1001,SKU-002,service_aware,5,1002,1331,0.7528174305033809
test,combined_stress,1002,SKU-002,independent,2,755,1082,0.6977818853974121
test,combined_stress,1002,SKU-002,independent,3,739,1123,0.6580587711487088
test,combined_stress,1002,SKU-002,independent,4,866,1289,0.6718386346004654
test,combined_stress,1002,SKU-002,independent,5,834,1331,0.6265965439519159
test,combined_stress,1002,SKU-002,normal_optimized,2,460,1082,0.42513863216266173
test,combined_stress,1002,SKU-002,normal_optimized,3,509,1123,0.45325022261798753
test,combined_stress,1002,SKU-002,normal_optimized,4,479,1289,0.3716058960434445
test,combined_stress,1002,SKU-002,normal_optimized,5,486,1331,0.3651389932381668
test,combined_stress,1002,SKU-002,service_aware,2,911,1082,0.8419593345656192
test,combined_stress,1002,SKU-002,service_aware,3,949,1123,0.8450578806767587
test,combined_stress,1002,SKU-002,service_aware,4,961,1289,0.7455391776570985
test,combined_stress,1002,SKU-002,service_aware,5,952,1331,0.7152516904583021
test,combined_stress,1003,SKU-002,independent,2,725,1082,0.6700554528650647
test,combined_stress,1003,SKU-002,independent,3,761,1123,0.6776491540516474
test,combined_stress,1003,SKU-002,independent,4,811,1289,0.6291698991466252
test,combined_stress,1003,SKU-002,independent,5,822,1331,0.6175807663410969
test,combined_stress,1003,SKU-002,normal_optimized,2,450,1082,0.41589648798521256
test,combined_stress,1003,SKU-002,normal_optimized,3,504,1123,0.44879786286731965
test,combined_stress,1003,SKU-002,normal_optimized,4,461,1289,0.35764158262218776
test,combined_stress,1003,SKU-002,normal_optimized,5,410,1331,0.3080390683696469
test,combined_stress,1003,SKU-002,service_aware,2,840,1082,0.7763401109057301
test,combined_stress,1003,SKU-002,service_aware,3,886,1123,0.7889581478183437
test,combined_stress,1003,SKU-002,service_aware,4,963,1289,0.7470907680372382
test,combined_stress,1003,SKU-002,service_aware,5,955,1331,0.7175056348610067
test,combined_stress,1004,SKU-002,independent,2,756,1082,0.6987060998151571
test,combined_stress,1004,SKU-002,independent,3,751,1123,0.6687444345503116
test,combined_stress,1004,SKU-002,independent,4,840,1289,0.6516679596586501
test,combined_stress,1004,SKU-002,independent,5,848,1331,0.637114951164538
test,combined_stress,1004,SKU-002,normal_optimized,2,461,1082,0.42606284658040666
test,combined_stress,1004,SKU-002,normal_optimized,3,507,1123,0.4514692787177204
test,combined_stress,1004,SKU-002,normal_optimized,4,450,1289,0.3491078355314197
test,combined_stress,1004,SKU-002,normal_optimized,5,464,1331,0.3486100676183321
test,combined_stress,1004,SKU-002,service_aware,2,845,1082,0.7809611829944547
test,combined_stress,1004,SKU-002,service_aware,3,896,1123,0.7978628673196795
test,combined_stress,1004,SKU-002,service_aware,4,951,1289,0.7377812257564003
test,combined_stress,1004,SKU-002,service_aware,5,987,1331,0.7415477084898573
test,combined_stress,1005,SKU-002,independent,2,756,1082,0.6987060998151571
test,combined_stress,1005,SKU-002,independent,3,779,1123,0.6936776491540516
test,combined_stress,1005,SKU-002,independent,4,857,1289,0.664856477889837
test,combined_stress,1005,SKU-002,independent,5,942,1331,0.7077385424492862
test,combined_stress,1005,SKU-002,normal_optimized,2,466,1082,0.43068391866913125
test,combined_stress,1005,SKU-002,normal_optimized,3,513,1123,0.4568121104185218
test,combined_stress,1005,SKU-002,normal_optimized,4,492,1289,0.3816912335143522
test,combined_stress,1005,SKU-002,normal_optimized,5,404,1331,0.3035311795642374
test,combined_stress,1005,SKU-002,service_aware,2,869,1082,0.8031423290203327
test,combined_stress,1005,SKU-002,service_aware,3,914,1123,0.8138913624220837
test,combined_stress,1005,SKU-002,service_aware,4,1011,1289,0.7843289371605896
test,combined_stress,1005,SKU-002,service_aware,5,1046,1331,0.7858752817430503
test,combined_stress,1006,SKU-002,independent,2,796,1082,0.7356746765249538
test,combined_stress,1006,SKU-002,independent,3,831,1123,0.7399821905609973
test,combined_stress,1006,SKU-002,independent,4,855,1289,0.6633048875096974
test,combined_stress,1006,SKU-002,independent,5,890,1331,0.6686701728024043
test,combined_stress,1006,SKU-002,normal_optimized,2,467,1082,0.4316081330868762
test,combined_stress,1006,SKU-002,normal_optimized,3,486,1123,0.4327693677649154
test,combined_stress,1006,SKU-002,normal_optimized,4,470,1289,0.3646237393328161
test,combined_stress,1006,SKU-002,normal_optimized,5,426,1331,0.32006010518407213
test,combined_stress,1006,SKU-002,service_aware,2,948,1082,0.8761552680221811
test,combined_stress,1006,SKU-002,service_aware,3,1022,1123,0.9100623330365093
test,combined_stress,1006,SKU-002,service_aware,4,947,1289,0.734678044996121
test,combined_stress,1006,SKU-002,service_aware,5,983,1331,0.7385424492862509
test,combined_stress,1007,SKU-002,independent,2,722,1082,0.66728280961183
test,combined_stress,1007,SKU-002,independent,3,758,1123,0.6749777382012466
test,combined_stress,1007,SKU-002,independent,4,823,1289,0.6384794414274632
test,combined_stress,1007,SKU-002,independent,5,896,1331,0.6731780616078137
test,combined_stress,1007,SKU-002,normal_optimized,2,449,1082,0.41497227356746763
test,combined_stress,1007,SKU-002,normal_optimized,3,522,1123,0.46482635796972394
test,combined_stress,1007,SKU-002,normal_optimized,4,448,1289,0.3475562451512801
test,combined_stress,1007,SKU-002,normal_optimized,5,464,1331,0.3486100676183321
test,combined_stress,1007,SKU-002,service_aware,2,849,1082,0.7846580406654344
test,combined_stress,1007,SKU-002,service_aware,3,904,1123,0.804986642920748
test,combined_stress,1007,SKU-002,service_aware,4,954,1289,0.7401086113266098
test,combined_stress,1007,SKU-002,service_aware,5,1012,1331,0.7603305785123967
test,combined_stress,1008,SKU-002,independent,2,729,1082,0.6737523105360443
test,combined_stress,1008,SKU-002,independent,3,795,1123,0.7079252003561888
test,combined_stress,1008,SKU-002,independent,4,851,1289,0.6602017067494181
test,combined_stress,1008,SKU-002,independent,5,871,1331,0.6543951915852743
test,combined_stress,1008,SKU-002,normal_optimized,2,460,1082,0.42513863216266173
test,combined_stress,1008,SKU-002,normal_optimized,3,514,1123,0.4577025823686554
test,combined_stress,1008,SKU-002,normal_optimized,4,481,1289,0.37315748642358415
test,combined_stress,1008,SKU-002,normal_optimized,5,423,1331,0.3178061607813674
test,combined_stress,1008,SKU-002,service_aware,2,903,1082,0.8345656192236599
test,combined_stress,1008,SKU-002,service_aware,3,922,1123,0.8210151380231523
test,combined_stress,1008,SKU-002,service_aware,4,977,1289,0.7579519006982157
test,combined_stress,1008,SKU-002,service_aware,5,1022,1331,0.7678437265214124
test,combined_stress,1009,SKU-002,independent,2,789,1082,0.7292051756007394
test,combined_stress,1009,SKU-002,independent,3,803,1123,0.7150489759572574
test,combined_stress,1009,SKU-002,independent,4,880,1289,0.682699767261443
test,combined_stress,1009,SKU-002,independent,5,874,1331,0.6566491359879789
test,combined_stress,1009,SKU-002,normal_optimized,2,425,1082,0.3927911275415896
test,combined_stress,1009,SKU-002,normal_optimized,3,468,1123,0.41674087266251114
test,combined_stress,1009,SKU-002,normal_optimized,4,482,1289,0.373933281613654
test,combined_stress,1009,SKU-002,normal_optimized,5,505,1331,0.3794139744552968
test,combined_stress,1009,SKU-002,service_aware,2,938,1082,0.866913123844732
test,combined_stress,1009,SKU-002,service_aware,3,976,1123,0.8691006233303651
test,combined_stress,1009,SKU-002,service_aware,4,988,1289,0.7664856477889838
test,combined_stress,1009,SKU-002,service_aware,5,945,1331,0.709992486851991
test,combined_stress,1010,SKU-002,independent,2,738,1082,0.6820702402957486
test,combined_stress,1010,SKU-002,independent,3,765,1123,0.6812110418521816
test,combined_stress,1010,SKU-002,independent,4,860,1289,0.6671838634600465
test,combined_stress,1010,SKU-002,independent,5,888,1331,0.667167543200601
test,combined_stress,1010,SKU-002,normal_optimized,2,483,1082,0.4463955637707948
test,combined_stress,1010,SKU-002,normal_optimized,3,501,1123,0.44612644701691895
test,combined_stress,1010,SKU-002,normal_optimized,4,468,1289,0.3630721489526765
test,combined_stress,1010,SKU-002,normal_optimized,5,438,1331,0.3290758827948911
test,combined_stress,1010,SKU-002,service_aware,2,865,1082,0.7994454713493531
test,combined_stress,1010,SKU-002,service_aware,3,945,1123,0.8414959928762245
test,combined_stress,1010,SKU-002,service_aware,4,951,1289,0.7377812257564003
test,combined_stress,1010,SKU-002,service_aware,5,986,1331,0.7407963936889557
test,combined_stress,1011,SKU-002,independent,2,724,1082,0.6691312384473198
test,combined_stress,1011,SKU-002,independent,3,762,1123,0.678539626001781
test,combined_stress,1011,SKU-002,independent,4,907,1289,0.7036462373933282
test,combined_stress,1011,SKU-002,independent,5,861,1331,0.6468820435762584
test,combined_stress,1011,SKU-002,normal_optimized,2,417,1082,0.3853974121996303
test,combined_stress,1011,SKU-002,normal_optimized,3,470,1123,0.41852181656277826
test,combined_stress,1011,SKU-002,normal_optimized,4,518,1289,0.4018619084561676
test,combined_stress,1011,SKU-002,normal_optimized,5,460,1331,0.3456048084147258
test,combined_stress,1011,SKU-002,service_aware,2,874,1082,0.8077634011090573
test,combined_stress,1011,SKU-002,service_aware,3,916,1123,0.8156723063223509
test,combined_stress,1011,SKU-002,service_aware,4,1017,1289,0.7889837083010085
test,combined_stress,1011,SKU-002,service_aware,5,989,1331,0.7430503380916604
test,combined_stress,1012,SKU-002,independent,2,758,1082,0.7005545286506469
test,combined_stress,1012,SKU-002,independent,3,846,1123,0.7533392698130009
test,combined_stress,1012,SKU-002,independent,4,869,1289,0.674166020170675
test,combined_stress,1012,SKU-002,independent,5,908,1331,0.6821938392186326
test,combined_stress,1012,SKU-002,normal_optimized,2,403,1082,0.3724584103512015
test,combined_stress,1012,SKU-002,normal_optimized,3,489,1123,0.43544078361531613
test,combined_stress,1012,SKU-002,normal_optimized,4,466,1289,0.36152055857253684
test,combined_stress,1012,SKU-002,normal_optimized,5,465,1331,0.34936138241923365
test,combined_stress,1012,SKU-002,service_aware,2,918,1082,0.8484288354898336
test,combined_stress,1012,SKU-002,service_aware,3,984,1123,0.8762243989314337
test,combined_stress,1012,SKU-002,service_aware,4,1014,1289,0.7866563227307991
test,combined_stress,1012,SKU-002,service_aware,5,1064,1331,0.7993989481592787
validation,normal,1001,SKU-003,independent,2,373,377,0.9893899204244032
validation,normal,1001,SKU-003,independent,3,380,394,0.9644670050761421
validation,normal,1001,SKU-003,independent,4,411,412,0.9975728155339806
validation,normal,1001,SKU-003,independent,5,454,455,0.9978021978021978
validation,normal,1001,SKU-003,normal_optimized,2,365,377,0.9681697612732095
validation,normal,1001,SKU-003,normal_optimized,3,376,394,0.9543147208121827
validation,normal,1001,SKU-003,normal_optimized,4,410,412,0.9951456310679612
validation,normal,1001,SKU-003,normal_optimized,5,449,455,0.9868131868131869
validation,normal,1001,SKU-003,service_aware,2,373,377,0.9893899204244032
validation,normal,1001,SKU-003,service_aware,3,380,394,0.9644670050761421
validation,normal,1001,SKU-003,service_aware,4,411,412,0.9975728155339806
validation,normal,1001,SKU-003,service_aware,5,454,455,0.9978021978021978
validation,normal,1002,SKU-003,independent,2,373,377,0.9893899204244032
validation,normal,1002,SKU-003,independent,3,389,394,0.9873096446700508
validation,normal,1002,SKU-003,independent,4,412,412,1.0
validation,normal,1002,SKU-003,independent,5,455,455,1.0
validation,normal,1002,SKU-003,normal_optimized,2,366,377,0.9708222811671088
validation,normal,1002,SKU-003,normal_optimized,3,383,394,0.9720812182741116
validation,normal,1002,SKU-003,normal_optimized,4,402,412,0.9757281553398058
validation,normal,1002,SKU-003,normal_optimized,5,449,455,0.9868131868131869
validation,normal,1002,SKU-003,service_aware,2,373,377,0.9893899204244032
validation,normal,1002,SKU-003,service_aware,3,389,394,0.9873096446700508
validation,normal,1002,SKU-003,service_aware,4,412,412,1.0
validation,normal,1002,SKU-003,service_aware,5,455,455,1.0
validation,normal,1003,SKU-003,independent,2,373,377,0.9893899204244032
validation,normal,1003,SKU-003,independent,3,388,394,0.9847715736040609
validation,normal,1003,SKU-003,independent,4,408,412,0.9902912621359223
validation,normal,1003,SKU-003,independent,5,452,455,0.9934065934065934
validation,normal,1003,SKU-003,normal_optimized,2,367,377,0.9734748010610079
validation,normal,1003,SKU-003,normal_optimized,3,358,394,0.9086294416243654
validation,normal,1003,SKU-003,normal_optimized,4,403,412,0.9781553398058253
validation,normal,1003,SKU-003,normal_optimized,5,445,455,0.978021978021978
validation,normal,1003,SKU-003,service_aware,2,373,377,0.9893899204244032
validation,normal,1003,SKU-003,service_aware,3,388,394,0.9847715736040609
validation,normal,1003,SKU-003,service_aware,4,408,412,0.9902912621359223
validation,normal,1003,SKU-003,service_aware,5,452,455,0.9934065934065934
validation,normal,1004,SKU-003,independent,2,373,377,0.9893899204244032
validation,normal,1004,SKU-003,independent,3,387,394,0.9822335025380711
validation,normal,1004,SKU-003,independent,4,408,412,0.9902912621359223
validation,normal,1004,SKU-003,independent,5,454,455,0.9978021978021978
validation,normal,1004,SKU-003,normal_optimized,2,365,377,0.9681697612732095
validation,normal,1004,SKU-003,normal_optimized,3,367,394,0.9314720812182741
validation,normal,1004,SKU-003,normal_optimized,4,406,412,0.9854368932038835
validation,normal,1004,SKU-003,normal_optimized,5,451,455,0.9912087912087912
validation,normal,1004,SKU-003,service_aware,2,373,377,0.9893899204244032
validation,normal,1004,SKU-003,service_aware,3,387,394,0.9822335025380711
validation,normal,1004,SKU-003,service_aware,4,408,412,0.9902912621359223
validation,normal,1004,SKU-003,service_aware,5,454,455,0.9978021978021978
validation,normal,1005,SKU-003,independent,2,370,377,0.9814323607427056
validation,normal,1005,SKU-003,independent,3,387,394,0.9822335025380711
validation,normal,1005,SKU-003,independent,4,408,412,0.9902912621359223
validation,normal,1005,SKU-003,independent,5,455,455,1.0
validation,normal,1005,SKU-003,normal_optimized,2,370,377,0.9814323607427056
validation,normal,1005,SKU-003,normal_optimized,3,377,394,0.9568527918781726
validation,normal,1005,SKU-003,normal_optimized,4,403,412,0.9781553398058253
validation,normal,1005,SKU-003,normal_optimized,5,452,455,0.9934065934065934
validation,normal,1005,SKU-003,service_aware,2,370,377,0.9814323607427056
validation,normal,1005,SKU-003,service_aware,3,387,394,0.9822335025380711
validation,normal,1005,SKU-003,service_aware,4,408,412,0.9902912621359223
validation,normal,1005,SKU-003,service_aware,5,455,455,1.0
validation,normal,1006,SKU-003,independent,2,373,377,0.9893899204244032
validation,normal,1006,SKU-003,independent,3,387,394,0.9822335025380711
validation,normal,1006,SKU-003,independent,4,411,412,0.9975728155339806
validation,normal,1006,SKU-003,independent,5,455,455,1.0
validation,normal,1006,SKU-003,normal_optimized,2,369,377,0.9787798408488063
validation,normal,1006,SKU-003,normal_optimized,3,378,394,0.9593908629441624
validation,normal,1006,SKU-003,normal_optimized,4,403,412,0.9781553398058253
validation,normal,1006,SKU-003,normal_optimized,5,452,455,0.9934065934065934
validation,normal,1006,SKU-003,service_aware,2,373,377,0.9893899204244032
validation,normal,1006,SKU-003,service_aware,3,387,394,0.9822335025380711
validation,normal,1006,SKU-003,service_aware,4,411,412,0.9975728155339806
validation,normal,1006,SKU-003,service_aware,5,455,455,1.0
validation,normal,1007,SKU-003,independent,2,369,377,0.9787798408488063
validation,normal,1007,SKU-003,independent,3,382,394,0.9695431472081218
validation,normal,1007,SKU-003,independent,4,409,412,0.9927184466019418
validation,normal,1007,SKU-003,independent,5,455,455,1.0
validation,normal,1007,SKU-003,normal_optimized,2,367,377,0.9734748010610079
validation,normal,1007,SKU-003,normal_optimized,3,371,394,0.9416243654822335
validation,normal,1007,SKU-003,normal_optimized,4,405,412,0.9830097087378641
validation,normal,1007,SKU-003,normal_optimized,5,455,455,1.0
validation,normal,1007,SKU-003,service_aware,2,369,377,0.9787798408488063
validation,normal,1007,SKU-003,service_aware,3,382,394,0.9695431472081218
validation,normal,1007,SKU-003,service_aware,4,409,412,0.9927184466019418
validation,normal,1007,SKU-003,service_aware,5,455,455,1.0
validation,normal,1008,SKU-003,independent,2,373,377,0.9893899204244032
validation,normal,1008,SKU-003,independent,3,384,394,0.9746192893401016
validation,normal,1008,SKU-003,independent,4,412,412,1.0
validation,normal,1008,SKU-003,independent,5,454,455,0.9978021978021978
validation,normal,1008,SKU-003,normal_optimized,2,371,377,0.9840848806366048
validation,normal,1008,SKU-003,normal_optimized,3,375,394,0.9517766497461929
validation,normal,1008,SKU-003,normal_optimized,4,402,412,0.9757281553398058
validation,normal,1008,SKU-003,normal_optimized,5,448,455,0.9846153846153847
validation,normal,1008,SKU-003,service_aware,2,373,377,0.9893899204244032
validation,normal,1008,SKU-003,service_aware,3,384,394,0.9746192893401016
validation,normal,1008,SKU-003,service_aware,4,412,412,1.0
validation,normal,1008,SKU-003,service_aware,5,454,455,0.9978021978021978
validation,normal,1009,SKU-003,independent,2,369,377,0.9787798408488063
validation,normal,1009,SKU-003,independent,3,389,394,0.9873096446700508
validation,normal,1009,SKU-003,independent,4,405,412,0.9830097087378641
validation,normal,1009,SKU-003,independent,5,453,455,0.9956043956043956
validation,normal,1009,SKU-003,normal_optimized,2,369,377,0.9787798408488063
validation,normal,1009,SKU-003,normal_optimized,3,363,394,0.9213197969543148
validation,normal,1009,SKU-003,normal_optimized,4,403,412,0.9781553398058253
validation,normal,1009,SKU-003,normal_optimized,5,453,455,0.9956043956043956
validation,normal,1009,SKU-003,service_aware,2,369,377,0.9787798408488063
validation,normal,1009,SKU-003,service_aware,3,389,394,0.9873096446700508
validation,normal,1009,SKU-003,service_aware,4,405,412,0.9830097087378641
validation,normal,1009,SKU-003,service_aware,5,453,455,0.9956043956043956
validation,normal,1010,SKU-003,independent,2,368,377,0.9761273209549072
validation,normal,1010,SKU-003,independent,3,384,394,0.9746192893401016
validation,normal,1010,SKU-003,independent,4,412,412,1.0
validation,normal,1010,SKU-003,independent,5,451,455,0.9912087912087912
validation,normal,1010,SKU-003,normal_optimized,2,359,377,0.9522546419098143
validation,normal,1010,SKU-003,normal_optimized,3,363,394,0.9213197969543148
validation,normal,1010,SKU-003,normal_optimized,4,408,412,0.9902912621359223
validation,normal,1010,SKU-003,normal_optimized,5,450,455,0.989010989010989
validation,normal,1010,SKU-003,service_aware,2,368,377,0.9761273209549072
validation,normal,1010,SKU-003,service_aware,3,384,394,0.9746192893401016
validation,normal,1010,SKU-003,service_aware,4,412,412,1.0
validation,normal,1010,SKU-003,service_aware,5,451,455,0.9912087912087912
validation,normal,1011,SKU-003,independent,2,371,377,0.9840848806366048
validation,normal,1011,SKU-003,independent,3,387,394,0.9822335025380711
validation,normal,1011,SKU-003,independent,4,407,412,0.9878640776699029
validation,normal,1011,SKU-003,independent,5,453,455,0.9956043956043956
validation,normal,1011,SKU-003,normal_optimized,2,371,377,0.9840848806366048
validation,normal,1011,SKU-003,normal_optimized,3,387,394,0.9822335025380711
validation,normal,1011,SKU-003,normal_optimized,4,404,412,0.9805825242718447
validation,normal,1011,SKU-003,normal_optimized,5,453,455,0.9956043956043956
validation,normal,1011,SKU-003,service_aware,2,371,377,0.9840848806366048
validation,normal,1011,SKU-003,service_aware,3,387,394,0.9822335025380711
validation,normal,1011,SKU-003,service_aware,4,407,412,0.9878640776699029
validation,normal,1011,SKU-003,service_aware,5,453,455,0.9956043956043956
validation,normal,1012,SKU-003,independent,2,377,377,1.0
validation,normal,1012,SKU-003,independent,3,391,394,0.9923857868020305
validation,normal,1012,SKU-003,independent,4,412,412,1.0
validation,normal,1012,SKU-003,independent,5,454,455,0.9978021978021978
validation,normal,1012,SKU-003,normal_optimized,2,374,377,0.9920424403183024
validation,normal,1012,SKU-003,normal_optimized,3,386,394,0.9796954314720813
validation,normal,1012,SKU-003,normal_optimized,4,412,412,1.0
validation,normal,1012,SKU-003,normal_optimized,5,454,455,0.9978021978021978
validation,normal,1012,SKU-003,service_aware,2,377,377,1.0
validation,normal,1012,SKU-003,service_aware,3,391,394,0.9923857868020305
validation,normal,1012,SKU-003,service_aware,4,412,412,1.0
validation,normal,1012,SKU-003,service_aware,5,454,455,0.9978021978021978
validation,demand_spike,1001,SKU-003,independent,2,402,449,0.8953229398663697
validation,demand_spike,1001,SKU-003,independent,3,421,484,0.8698347107438017
validation,demand_spike,1001,SKU-003,independent,4,451,484,0.9318181818181818
validation,demand_spike,1001,SKU-003,independent,5,503,538,0.9349442379182156
validation,demand_spike,1001,SKU-003,normal_optimized,2,380,449,0.8463251670378619
validation,demand_spike,1001,SKU-003,normal_optimized,3,373,484,0.7706611570247934
validation,demand_spike,1001,SKU-003,normal_optimized,4,445,484,0.9194214876033058
validation,demand_spike,1001,SKU-003,normal_optimized,5,483,538,0.8977695167286245
validation,demand_spike,1001,SKU-003,service_aware,2,420,449,0.9354120267260579
validation,demand_spike,1001,SKU-003,service_aware,3,438,484,0.9049586776859504
validation,demand_spike,1001,SKU-003,service_aware,4,462,484,0.9545454545454546
validation,demand_spike,1001,SKU-003,service_aware,5,512,538,0.9516728624535316
validation,demand_spike,1002,SKU-003,independent,2,421,449,0.9376391982182628
validation,demand_spike,1002,SKU-003,independent,3,431,484,0.890495867768595
validation,demand_spike,1002,SKU-003,independent,4,473,484,0.9772727272727273
validation,demand_spike,1002,SKU-003,independent,5,527,538,0.9795539033457249
validation,demand_spike,1002,SKU-003,normal_optimized,2,379,449,0.844097995545657
validation,demand_spike,1002,SKU-003,normal_optimized,3,368,484,0.7603305785123967
validation,demand_spike,1002,SKU-003,normal_optimized,4,449,484,0.9276859504132231
validation,demand_spike,1002,SKU-003,normal_optimized,5,489,538,0.9089219330855018
validation,demand_spike,1002,SKU-003,service_aware,2,424,449,0.9443207126948775
validation,demand_spike,1002,SKU-003,service_aware,3,450,484,0.9297520661157025
validation,demand_spike,1002,SKU-003,service_aware,4,473,484,0.9772727272727273
validation,demand_spike,1002,SKU-003,service_aware,5,527,538,0.9795539033457249
validation,demand_spike,1003,SKU-003,independent,2,401,449,0.8930957683741648
validation,demand_spike,1003,SKU-003,independent,3,372,484,0.768595041322314
validation,demand_spike,1003,SKU-003,independent,4,463,484,0.9566115702479339
validation,demand_spike,1003,SKU-003,independent,5,501,538,0.9312267657992565
validation,demand_spike,1003,SKU-003,normal_optimized,2,376,449,0.8374164810690423
validation,demand_spike,1003,SKU-003,normal_optimized,3,334,484,0.6900826446280992
validation,demand_spike,1003,SKU-003,normal_optimized,4,431,484,0.890495867768595
validation,demand_spike,1003,SKU-003,normal_optimized,5,461,538,0.8568773234200744
validation,demand_spike,1003,SKU-003,service_aware,2,435,449,0.9688195991091314
validation,demand_spike,1003,SKU-003,service_aware,3,405,484,0.8367768595041323
validation,demand_spike,1003,SKU-003,service_aware,4,463,484,0.9566115702479339
validation,demand_spike,1003,SKU-003,service_aware,5,513,538,0.9535315985130112
validation,demand_spike,1004,SKU-003,independent,2,402,449,0.8953229398663697
validation,demand_spike,1004,SKU-003,independent,3,407,484,0.8409090909090909
validation,demand_spike,1004,SKU-003,independent,4,472,484,0.9752066115702479
validation,demand_spike,1004,SKU-003,independent,5,511,538,0.949814126394052
validation,demand_spike,1004,SKU-003,normal_optimized,2,379,449,0.844097995545657
validation,demand_spike,1004,SKU-003,normal_optimized,3,372,484,0.768595041322314
validation,demand_spike,1004,SKU-003,normal_optimized,4,436,484,0.9008264462809917
validation,demand_spike,1004,SKU-003,normal_optimized,5,481,538,0.8940520446096655
validation,demand_spike,1004,SKU-003,service_aware,2,423,449,0.9420935412026726
validation,demand_spike,1004,SKU-003,service_aware,3,439,484,0.9070247933884298
validation,demand_spike,1004,SKU-003,service_aware,4,476,484,0.9834710743801653
validation,demand_spike,1004,SKU-003,service_aware,5,526,538,0.9776951672862454
validation,demand_spike,1005,SKU-003,independent,2,409,449,0.910913140311804
validation,demand_spike,1005,SKU-003,independent,3,400,484,0.8264462809917356
validation,demand_spike,1005,SKU-003,independent,4,468,484,0.9669421487603306
validation,demand_spike,1005,SKU-003,independent,5,507,538,0.9423791821561338
validation,demand_spike,1005,SKU-003,normal_optimized,2,374,449,0.8329621380846325
validation,demand_spike,1005,SKU-003,normal_optimized,3,354,484,0.731404958677686
validation,demand_spike,1005,SKU-003,normal_optimized,4,442,484,0.9132231404958677
validation,demand_spike,1005,SKU-003,normal_optimized,5,479,538,0.8903345724907064
validation,demand_spike,1005,SKU-003,service_aware,2,413,449,0.9198218262806236
validation,demand_spike,1005,SKU-003,service_aware,3,433,484,0.8946280991735537
validation,demand_spike,1005,SKU-003,service_aware,4,468,484,0.9669421487603306
validation,demand_spike,1005,SKU-003,service_aware,5,512,538,0.9516728624535316
validation,demand_spike,1006,SKU-003,independent,2,401,449,0.8930957683741648
validation,demand_spike,1006,SKU-003,independent,3,399,484,0.8243801652892562
validation,demand_spike,1006,SKU-003,independent,4,479,484,0.9896694214876033
validation,demand_spike,1006,SKU-003,independent,5,514,538,0.9553903345724907
validation,demand_spike,1006,SKU-003,normal_optimized,2,379,449,0.844097995545657
validation,demand_spike,1006,SKU-003,normal_optimized,3,349,484,0.7210743801652892
validation,demand_spike,1006,SKU-003,normal_optimized,4,458,484,0.9462809917355371
validation,demand_spike,1006,SKU-003,normal_optimized,5,473,538,0.879182156133829
validation,demand_spike,1006,SKU-003,service_aware,2,421,449,0.9376391982182628
validation,demand_spike,1006,SKU-003,service_aware,3,428,484,0.8842975206611571
validation,demand_spike,1006,SKU-003,service_aware,4,479,484,0.9896694214876033
validation,demand_spike,1006,SKU-003,service_aware,5,524,538,0.9739776951672863
validation,demand_spike,1007,SKU-003,independent,2,403,449,0.8975501113585747
validation,demand_spike,1007,SKU-003,independent,3,397,484,0.8202479338842975
validation,demand_spike,1007,SKU-003,independent,4,476,484,0.9834710743801653
validation,demand_spike,1007,SKU-003,independent,5,530,538,0.9851301115241635
validation,demand_spike,1007,SKU-003,normal_optimized,2,366,449,0.8151447661469933
validation,demand_spike,1007,SKU-003,normal_optimized,3,345,484,0.7128099173553719
validation,demand_spike,1007,SKU-003,normal_optimized,4,444,484,0.9173553719008265
validation,demand_spike,1007,SKU-003,normal_optimized,5,482,538,0.895910780669145
validation,demand_spike,1007,SKU-003,service_aware,2,406,449,0.9042316258351893
validation,demand_spike,1007,SKU-003,service_aware,3,425,484,0.878099173553719
validation,demand_spike,1007,SKU-003,service_aware,4,477,484,0.9855371900826446
validation,demand_spike,1007,SKU-003,service_aware,5,530,538,0.9851301115241635
validation,demand_spike,1008,SKU-003,independent,2,423,449,0.9420935412026726
validation,demand_spike,1008,SKU-003,independent,3,413,484,0.8533057851239669
validation,demand_spike,1008,SKU-003,independent,4,476,484,0.9834710743801653
validation,demand_spike,1008,SKU-003,independent,5,508,538,0.9442379182156134
validation,demand_spike,1008,SKU-003,normal_optimized,2,387,449,0.8619153674832962
validation,demand_spike,1008,SKU-003,normal_optimized,3,362,484,0.7479338842975206
validation,demand_spike,1008,SKU-003,normal_optimized,4,446,484,0.9214876033057852
validation,demand_spike,1008,SKU-003,normal_optimized,5,497,538,0.9237918215613383
validation,demand_spike,1008,SKU-003,service_aware,2,424,449,0.9443207126948775
validation,demand_spike,1008,SKU-003,service_aware,3,423,484,0.8739669421487604
validation,demand_spike,1008,SKU-003,service_aware,4,476,484,0.9834710743801653
validation,demand_spike,1008,SKU-003,service_aware,5,512,538,0.9516728624535316
validation,demand_spike,1009,SKU-003,independent,2,419,449,0.933184855233853
validation,demand_spike,1009,SKU-003,independent,3,409,484,0.8450413223140496
validation,demand_spike,1009,SKU-003,independent,4,452,484,0.9338842975206612
validation,demand_spike,1009,SKU-003,independent,5,508,538,0.9442379182156134
validation,demand_spike,1009,SKU-003,normal_optimized,2,377,449,0.8396436525612472
validation,demand_spike,1009,SKU-003,normal_optimized,3,365,484,0.7541322314049587
validation,demand_spike,1009,SKU-003,normal_optimized,4,442,484,0.9132231404958677
validation,demand_spike,1009,SKU-003,normal_optimized,5,498,538,0.9256505576208178
validation,demand_spike,1009,SKU-003,service_aware,2,429,449,0.955456570155902
validation,demand_spike,1009,SKU-003,service_aware,3,431,484,0.890495867768595
validation,demand_spike,1009,SKU-003,service_aware,4,454,484,0.9380165289256198
validation,demand_spike,1009,SKU-003,service_aware,5,523,538,0.9721189591078067
validation,demand_spike,1010,SKU-003,independent,2,380,449,0.8463251670378619
validation,demand_spike,1010,SKU-003,independent,3,379,484,0.7830578512396694
validation,demand_spike,1010,SKU-003,independent,4,481,484,0.993801652892562
validation,demand_spike,1010,SKU-003,independent,5,503,538,0.9349442379182156
validation,demand_spike,1010,SKU-003,normal_optimized,2,369,449,0.821826280623608
validation,demand_spike,1010,SKU-003,normal_optimized,3,352,484,0.7272727272727273
validation,demand_spike,1010,SKU-003,normal_optimized,4,456,484,0.9421487603305785
validation,demand_spike,1010,SKU-003,normal_optimized,5,457,538,0.8494423791821561
validation,demand_spike,1010,SKU-003,service_aware,2,405,449,0.9020044543429844
validation,demand_spike,1010,SKU-003,service_aware,3,412,484,0.8512396694214877
validation,demand_spike,1010,SKU-003,service_aware,4,483,484,0.9979338842975206
validation,demand_spike,1010,SKU-003,service_aware,5,516,538,0.9591078066914498
validation,demand_spike,1011,SKU-003,independent,2,424,449,0.9443207126948775
validation,demand_spike,1011,SKU-003,independent,3,421,484,0.8698347107438017
validation,demand_spike,1011,SKU-003,independent,4,458,484,0.9462809917355371
validation,demand_spike,1011,SKU-003,independent,5,511,538,0.949814126394052
validation,demand_spike,1011,SKU-003,normal_optimized,2,391,449,0.8708240534521158
validation,demand_spike,1011,SKU-003,normal_optimized,3,372,484,0.768595041322314
validation,demand_spike,1011,SKU-003,normal_optimized,4,432,484,0.8925619834710744
validation,demand_spike,1011,SKU-003,normal_optimized,5,471,538,0.8754646840148699
validation,demand_spike,1011,SKU-003,service_aware,2,428,449,0.9532293986636972
validation,demand_spike,1011,SKU-003,service_aware,3,440,484,0.9090909090909091
validation,demand_spike,1011,SKU-003,service_aware,4,471,484,0.9731404958677686
validation,demand_spike,1011,SKU-003,service_aware,5,518,538,0.9628252788104089
validation,demand_spike,1012,SKU-003,independent,2,407,449,0.9064587973273942
validation,demand_spike,1012,SKU-003,independent,3,414,484,0.8553719008264463
validation,demand_spike,1012,SKU-003,independent,4,463,484,0.9566115702479339
validation,demand_spike,1012,SKU-003,independent,5,505,538,0.9386617100371747
validation,demand_spike,1012,SKU-003,normal_optimized,2,388,449,0.8641425389755011
validation,demand_spike,1012,SKU-003,normal_optimized,3,358,484,0.7396694214876033
validation,demand_spike,1012,SKU-003,normal_optimized,4,442,484,0.9132231404958677
validation,demand_spike,1012,SKU-003,normal_optimized,5,482,538,0.895910780669145
validation,demand_spike,1012,SKU-003,service_aware,2,420,449,0.9354120267260579
validation,demand_spike,1012,SKU-003,service_aware,3,429,484,0.8863636363636364
validation,demand_spike,1012,SKU-003,service_aware,4,470,484,0.9710743801652892
validation,demand_spike,1012,SKU-003,service_aware,5,505,538,0.9386617100371747
validation,supplier_delay,1001,SKU-003,independent,2,360,377,0.9549071618037135
validation,supplier_delay,1001,SKU-003,independent,3,366,394,0.9289340101522843
validation,supplier_delay,1001,SKU-003,independent,4,398,412,0.9660194174757282
validation,supplier_delay,1001,SKU-003,independent,5,449,455,0.9868131868131869
validation,supplier_delay,1001,SKU-003,normal_optimized,2,271,377,0.7188328912466844
validation,supplier_delay,1001,SKU-003,normal_optimized,3,218,394,0.5532994923857868
validation,supplier_delay,1001,SKU-003,normal_optimized,4,290,412,0.7038834951456311
validation,supplier_delay,1001,SKU-003,normal_optimized,5,333,455,0.7318681318681318
validation,supplier_delay,1001,SKU-003,service_aware,2,373,377,0.9893899204244032
validation,supplier_delay,1001,SKU-003,service_aware,3,380,394,0.9644670050761421
validation,supplier_delay,1001,SKU-003,service_aware,4,411,412,0.9975728155339806
validation,supplier_delay,1001,SKU-003,service_aware,5,454,455,0.9978021978021978
validation,supplier_delay,1002,SKU-003,independent,2,351,377,0.9310344827586207
validation,supplier_delay,1002,SKU-003,independent,3,362,394,0.9187817258883249
validation,supplier_delay,1002,SKU-003,independent,4,383,412,0.9296116504854369
validation,supplier_delay,1002,SKU-003,independent,5,438,455,0.9626373626373627
validation,supplier_delay,1002,SKU-003,normal_optimized,2,270,377,0.7161803713527851
validation,supplier_delay,1002,SKU-003,normal_optimized,3,248,394,0.6294416243654822
validation,supplier_delay,1002,SKU-003,normal_optimized,4,258,412,0.6262135922330098
validation,supplier_delay,1002,SKU-003,normal_optimized,5,280,455,0.6153846153846154
validation,supplier_delay,1002,SKU-003,service_aware,2,377,377,1.0
validation,supplier_delay,1002,SKU-003,service_aware,3,389,394,0.9873096446700508
validation,supplier_delay,1002,SKU-003,service_aware,4,411,412,0.9975728155339806
validation,supplier_delay,1002,SKU-003,service_aware,5,455,455,1.0
validation,supplier_delay,1003,SKU-003,independent,2,354,377,0.9389920424403183
validation,supplier_delay,1003,SKU-003,independent,3,349,394,0.8857868020304569
validation,supplier_delay,1003,SKU-003,independent,4,392,412,0.9514563106796117
validation,supplier_delay,1003,SKU-003,independent,5,430,455,0.945054945054945
validation,supplier_delay,1003,SKU-003,normal_optimized,2,272,377,0.7214854111405835
validation,supplier_delay,1003,SKU-003,normal_optimized,3,207,394,0.5253807106598984
validation,supplier_delay,1003,SKU-003,normal_optimized,4,271,412,0.6577669902912622
validation,supplier_delay,1003,SKU-003,normal_optimized,5,304,455,0.6681318681318681
validation,supplier_delay,1003,SKU-003,service_aware,2,366,377,0.9708222811671088
validation,supplier_delay,1003,SKU-003,service_aware,3,384,394,0.9746192893401016
validation,supplier_delay,1003,SKU-003,service_aware,4,408,412,0.9902912621359223
validation,supplier_delay,1003,SKU-003,service_aware,5,452,455,0.9934065934065934
validation,supplier_delay,1004,SKU-003,independent,2,353,377,0.9363395225464191
validation,supplier_delay,1004,SKU-003,independent,3,349,394,0.8857868020304569
validation,supplier_delay,1004,SKU-003,independent,4,396,412,0.9611650485436893
validation,supplier_delay,1004,SKU-003,independent,5,452,455,0.9934065934065934
validation,supplier_delay,1004,SKU-003,normal_optimized,2,267,377,0.7082228116710876
validation,supplier_delay,1004,SKU-003,normal_optimized,3,235,394,0.5964467005076142
validation,supplier_delay,1004,SKU-003,normal_optimized,4,290,412,0.7038834951456311
validation,supplier_delay,1004,SKU-003,normal_optimized,5,294,455,0.6461538461538462
validation,supplier_delay,1004,SKU-003,service_aware,2,369,377,0.9787798408488063
validation,supplier_delay,1004,SKU-003,service_aware,3,380,394,0.9644670050761421
validation,supplier_delay,1004,SKU-003,service_aware,4,408,412,0.9902912621359223
validation,supplier_delay,1004,SKU-003,service_aware,5,454,455,0.9978021978021978
validation,supplier_delay,1005,SKU-003,independent,2,353,377,0.9363395225464191
validation,supplier_delay,1005,SKU-003,independent,3,359,394,0.9111675126903553
validation,supplier_delay,1005,SKU-003,independent,4,385,412,0.9344660194174758
validation,supplier_delay,1005,SKU-003,independent,5,448,455,0.9846153846153847
validation,supplier_delay,1005,SKU-003,normal_optimized,2,265,377,0.7029177718832891
validation,supplier_delay,1005,SKU-003,normal_optimized,3,209,394,0.5304568527918782
validation,supplier_delay,1005,SKU-003,normal_optimized,4,269,412,0.6529126213592233
validation,supplier_delay,1005,SKU-003,normal_optimized,5,301,455,0.6615384615384615
validation,supplier_delay,1005,SKU-003,service_aware,2,370,377,0.9814323607427056
validation,supplier_delay,1005,SKU-003,service_aware,3,385,394,0.9771573604060914
validation,supplier_delay,1005,SKU-003,service_aware,4,408,412,0.9902912621359223
validation,supplier_delay,1005,SKU-003,service_aware,5,455,455,1.0
validation,supplier_delay,1006,SKU-003,independent,2,366,377,0.9708222811671088
validation,supplier_delay,1006,SKU-003,independent,3,359,394,0.9111675126903553
validation,supplier_delay,1006,SKU-003,independent,4,392,412,0.9514563106796117
validation,supplier_delay,1006,SKU-003,independent,5,454,455,0.9978021978021978
validation,supplier_delay,1006,SKU-003,normal_optimized,2,277,377,0.7347480106100795
validation,supplier_delay,1006,SKU-003,normal_optimized,3,224,394,0.5685279187817259
validation,supplier_delay,1006,SKU-003,normal_optimized,4,251,412,0.6092233009708737
validation,supplier_delay,1006,SKU-003,normal_optimized,5,266,455,0.5846153846153846
validation,supplier_delay,1006,SKU-003,service_aware,2,373,377,0.9893899204244032
validation,supplier_delay,1006,SKU-003,service_aware,3,387,394,0.9822335025380711
validation,supplier_delay,1006,SKU-003,service_aware,4,410,412,0.9951456310679612
validation,supplier_delay,1006,SKU-003,service_aware,5,455,455,1.0
validation,supplier_delay,1007,SKU-003,independent,2,352,377,0.9336870026525199
validation,supplier_delay,1007,SKU-003,independent,3,357,394,0.9060913705583756
validation,supplier_delay,1007,SKU-003,independent,4,387,412,0.9393203883495146
validation,supplier_delay,1007,SKU-003,independent,5,451,455,0.9912087912087912
validation,supplier_delay,1007,SKU-003,normal_optimized,2,264,377,0.7002652519893899
validation,supplier_delay,1007,SKU-003,normal_optimized,3,236,394,0.5989847715736041
validation,supplier_delay,1007,SKU-003,normal_optimized,4,260,412,0.6310679611650486
validation,supplier_delay,1007,SKU-003,normal_optimized,5,302,455,0.6637362637362637
validation,supplier_delay,1007,SKU-003,service_aware,2,365,377,0.9681697612732095
validation,supplier_delay,1007,SKU-003,service_aware,3,381,394,0.9670050761421319
validation,supplier_delay,1007,SKU-003,service_aware,4,409,412,0.9927184466019418
validation,supplier_delay,1007,SKU-003,service_aware,5,455,455,1.0
validation,supplier_delay,1008,SKU-003,independent,2,362,377,0.9602122015915119
validation,supplier_delay,1008,SKU-003,independent,3,352,394,0.8934010152284264
validation,supplier_delay,1008,SKU-003,independent,4,398,412,0.9660194174757282
validation,supplier_delay,1008,SKU-003,independent,5,443,455,0.9736263736263736
validation,supplier_delay,1008,SKU-003,normal_optimized,2,267,377,0.7082228116710876
validation,supplier_delay,1008,SKU-003,normal_optimized,3,225,394,0.5710659898477157
validation,supplier_delay,1008,SKU-003,normal_optimized,4,287,412,0.6966019417475728
validation,supplier_delay,1008,SKU-003,normal_optimized,5,281,455,0.6175824175824176
validation,supplier_delay,1008,SKU-003,service_aware,2,373,377,0.9893899204244032
validation,supplier_delay,1008,SKU-003,service_aware,3,384,394,0.9746192893401016
validation,supplier_delay,1008,SKU-003,service_aware,4,412,412,1.0
validation,supplier_delay,1008,SKU-003,service_aware,5,454,455,0.9978021978021978
validation,supplier_delay,1009,SKU-003,independent,2,346,377,0.9177718832891246
validation,supplier_delay,1009,SKU-003,independent,3,350,394,0.8883248730964467
validation,supplier_delay,1009,SKU-003,independent,4,398,412,0.9660194174757282
validation,supplier_delay,1009,SKU-003,independent,5,453,455,0.9956043956043956
validation,supplier_delay,1009,SKU-003,normal_optimized,2,263,377,0.6976127320954907
validation,supplier_delay,1009,SKU-003,normal_optimized,3,233,394,0.5913705583756346
validation,supplier_delay,1009,SKU-003,normal_optimized,4,303,412,0.7354368932038835
validation,supplier_delay,1009,SKU-003,normal_optimized,5,351,455,0.7714285714285715
validation,supplier_delay,1009,SKU-003,service_aware,2,369,377,0.9787798408488063
validation,supplier_delay,1009,SKU-003,service_aware,3,389,394,0.9873096446700508
validation,supplier_delay,1009,SKU-003,service_aware,4,405,412,0.9830097087378641
validation,supplier_delay,1009,SKU-003,service_aware,5,453,455,0.9956043956043956
validation,supplier_delay,1010,SKU-003,independent,2,344,377,0.9124668435013262
validation,supplier_delay,1010,SKU-003,independent,3,355,394,0.9010152284263959
validation,supplier_delay,1010,SKU-003,independent,4,390,412,0.9466019417475728
validation,supplier_delay,1010,SKU-003,independent,5,436,455,0.9582417582417583
validation,supplier_delay,1010,SKU-003,normal_optimized,2,270,377,0.7161803713527851
validation,supplier_delay,1010,SKU-003,normal_optimized,3,228,394,0.5786802030456852
validation,supplier_delay,1010,SKU-003,normal_optimized,4,262,412,0.6359223300970874
validation,supplier_delay,1010,SKU-003,normal_optimized,5,298,455,0.654945054945055
validation,supplier_delay,1010,SKU-003,service_aware,2,366,377,0.9708222811671088
validation,supplier_delay,1010,SKU-003,service_aware,3,384,394,0.9746192893401016
validation,supplier_delay,1010,SKU-003,service_aware,4,412,412,1.0
validation,supplier_delay,1010,SKU-003,service_aware,5,451,455,0.9912087912087912
validation,supplier_delay,1011,SKU-003,independent,2,363,377,0.9628647214854111
validation,supplier_delay,1011,SKU-003,independent,3,361,394,0.916243654822335
validation,supplier_delay,1011,SKU-003,independent,4,397,412,0.9635922330097088
validation,supplier_delay,1011,SKU-003,independent,5,445,455,0.978021978021978
validation,supplier_delay,1011,SKU-003,normal_optimized,2,282,377,0.7480106100795756
validation,supplier_delay,1011,SKU-003,normal_optimized,3,236,394,0.5989847715736041
validation,supplier_delay,1011,SKU-003,normal_optimized,4,305,412,0.7402912621359223
validation,supplier_delay,1011,SKU-003,normal_optimized,5,307,455,0.6747252747252748
validation,supplier_delay,1011,SKU-003,service_aware,2,375,377,0.9946949602122016
validation,supplier_delay,1011,SKU-003,service_aware,3,387,394,0.9822335025380711
validation,supplier_delay,1011,SKU-003,service_aware,4,407,412,0.9878640776699029
validation,supplier_delay,1011,SKU-003,service_aware,5,453,455,0.9956043956043956
validation,supplier_delay,1012,SKU-003,independent,2,354,377,0.9389920424403183
validation,supplier_delay,1012,SKU-003,independent,3,363,394,0.9213197969543148
validation,supplier_delay,1012,SKU-003,independent,4,394,412,0.9563106796116505
validation,supplier_delay,1012,SKU-003,independent,5,439,455,0.9648351648351648
validation,supplier_delay,1012,SKU-003,normal_optimized,2,270,377,0.7161803713527851
validation,supplier_delay,1012,SKU-003,normal_optimized,3,219,394,0.5558375634517766
validation,supplier_delay,1012,SKU-003,normal_optimized,4,306,412,0.7427184466019418
validation,supplier_delay,1012,SKU-003,normal_optimized,5,314,455,0.6901098901098901
validation,supplier_delay,1012,SKU-003,service_aware,2,377,377,1.0
validation,supplier_delay,1012,SKU-003,service_aware,3,391,394,0.9923857868020305
validation,supplier_delay,1012,SKU-003,service_aware,4,412,412,1.0
validation,supplier_delay,1012,SKU-003,service_aware,5,454,455,0.9978021978021978
validation,combined_stress,1001,SKU-003,independent,2,324,449,0.7216035634743875
validation,combined_stress,1001,SKU-003,independent,3,309,484,0.6384297520661157
validation,combined_stress,1001,SKU-003,independent,4,408,484,0.8429752066115702
validation,combined_stress,1001,SKU-003,independent,5,416,538,0.7732342007434945
validation,combined_stress,1001,SKU-003,normal_optimized,2,223,449,0.49665924276169265
validation,combined_stress,1001,SKU-003,normal_optimized,3,170,484,0.3512396694214876
validation,combined_stress,1001,SKU-003,normal_optimized,4,225,484,0.46487603305785125
validation,combined_stress,1001,SKU-003,normal_optimized,5,260,538,0.483271375464684
validation,combined_stress,1001,SKU-003,service_aware,2,365,449,0.8129175946547884
validation,combined_stress,1001,SKU-003,service_aware,3,366,484,0.756198347107438
validation,combined_stress,1001,SKU-003,service_aware,4,446,484,0.9214876033057852
validation,combined_stress,1001,SKU-003,service_aware,5,485,538,0.9014869888475836
validation,combined_stress,1002,SKU-003,independent,2,317,449,0.7060133630289532
validation,combined_stress,1002,SKU-003,independent,3,296,484,0.6115702479338843
validation,combined_stress,1002,SKU-003,independent,4,369,484,0.762396694214876
validation,combined_stress,1002,SKU-003,independent,5,410,538,0.7620817843866171
validation,combined_stress,1002,SKU-003,normal_optimized,2,224,449,0.49888641425389757
validation,combined_stress,1002,SKU-003,normal_optimized,3,187,484,0.38636363636363635
validation,combined_stress,1002,SKU-003,normal_optimized,4,178,484,0.3677685950413223
validation,combined_stress,1002,SKU-003,normal_optimized,5,204,538,0.379182156133829
validation,combined_stress,1002,SKU-003,service_aware,2,375,449,0.8351893095768375
validation,combined_stress,1002,SKU-003,service_aware,3,356,484,0.7355371900826446
validation,combined_stress,1002,SKU-003,service_aware,4,461,484,0.9524793388429752
validation,combined_stress,1002,SKU-003,service_aware,5,495,538,0.9200743494423792
validation,combined_stress,1003,SKU-003,independent,2,327,449,0.7282850779510023
validation,combined_stress,1003,SKU-003,independent,3,302,484,0.6239669421487604
validation,combined_stress,1003,SKU-003,independent,4,378,484,0.78099173553719
validation,combined_stress,1003,SKU-003,independent,5,399,538,0.741635687732342
validation,combined_stress,1003,SKU-003,normal_optimized,2,235,449,0.5233853006681515
validation,combined_stress,1003,SKU-003,normal_optimized,3,159,484,0.3285123966942149
validation,combined_stress,1003,SKU-003,normal_optimized,4,210,484,0.43388429752066116
validation,combined_stress,1003,SKU-003,normal_optimized,5,231,538,0.42936802973977695
validation,combined_stress,1003,SKU-003,service_aware,2,363,449,0.8084632516703786
validation,combined_stress,1003,SKU-003,service_aware,3,342,484,0.7066115702479339
validation,combined_stress,1003,SKU-003,service_aware,4,439,484,0.9070247933884298
validation,combined_stress,1003,SKU-003,service_aware,5,485,538,0.9014869888475836
validation,combined_stress,1004,SKU-003,independent,2,318,449,0.7082405345211581
validation,combined_stress,1004,SKU-003,independent,3,299,484,0.6177685950413223
validation,combined_stress,1004,SKU-003,independent,4,387,484,0.7995867768595041
validation,combined_stress,1004,SKU-003,independent,5,431,538,0.8011152416356877
validation,combined_stress,1004,SKU-003,normal_optimized,2,223,449,0.49665924276169265
validation,combined_stress,1004,SKU-003,normal_optimized,3,178,484,0.3677685950413223
validation,combined_stress,1004,SKU-003,normal_optimized,4,229,484,0.4731404958677686
validation,combined_stress,1004,SKU-003,normal_optimized,5,241,538,0.4479553903345725
validation,combined_stress,1004,SKU-003,service_aware,2,378,449,0.8418708240534521
validation,combined_stress,1004,SKU-003,service_aware,3,374,484,0.7727272727272727
validation,combined_stress,1004,SKU-003,service_aware,4,447,484,0.9235537190082644
validation,combined_stress,1004,SKU-003,service_aware,5,485,538,0.9014869888475836
validation,combined_stress,1005,SKU-003,independent,2,320,449,0.7126948775055679
validation,combined_stress,1005,SKU-003,independent,3,286,484,0.5909090909090909
validation,combined_stress,1005,SKU-003,independent,4,377,484,0.7789256198347108
validation,combined_stress,1005,SKU-003,independent,5,414,538,0.7695167286245354
validation,combined_stress,1005,SKU-003,normal_optimized,2,218,449,0.48552338530066813
validation,combined_stress,1005,SKU-003,normal_optimized,3,165,484,0.3409090909090909
validation,combined_stress,1005,SKU-003,normal_optimized,4,224,484,0.4628099173553719
validation,combined_stress,1005,SKU-003,normal_optimized,5,251,538,0.46654275092936803
validation,combined_stress,1005,SKU-003,service_aware,2,365,449,0.8129175946547884
validation,combined_stress,1005,SKU-003,service_aware,3,339,484,0.7004132231404959
validation,combined_stress,1005,SKU-003,service_aware,4,455,484,0.9400826446280992
validation,combined_stress,1005,SKU-003,service_aware,5,483,538,0.8977695167286245
validation,combined_stress,1006,SKU-003,independent,2,332,449,0.7394209354120267
validation,combined_stress,1006,SKU-003,independent,3,284,484,0.5867768595041323
validation,combined_stress,1006,SKU-003,independent,4,386,484,0.7975206611570248
validation,combined_stress,1006,SKU-003,independent,5,414,538,0.7695167286245354
validation,combined_stress,1006,SKU-003,normal_optimized,2,237,449,0.5278396436525612
validation,combined_stress,1006,SKU-003,normal_optimized,3,166,484,0.34297520661157027
validation,combined_stress,1006,SKU-003,normal_optimized,4,201,484,0.4152892561983471
validation,combined_stress,1006,SKU-003,normal_optimized,5,193,538,0.3587360594795539
validation,combined_stress,1006,SKU-003,service_aware,2,371,449,0.8262806236080178
validation,combined_stress,1006,SKU-003,service_aware,3,355,484,0.7334710743801653
validation,combined_stress,1006,SKU-003,service_aware,4,456,484,0.9421487603305785
validation,combined_stress,1006,SKU-003,service_aware,5,489,538,0.9089219330855018
validation,combined_stress,1007,SKU-003,independent,2,305,449,0.6792873051224945
validation,combined_stress,1007,SKU-003,independent,3,301,484,0.621900826446281
validation,combined_stress,1007,SKU-003,independent,4,378,484,0.78099173553719
validation,combined_stress,1007,SKU-003,independent,5,426,538,0.79182156133829
validation,combined_stress,1007,SKU-003,normal_optimized,2,213,449,0.47438752783964366
validation,combined_stress,1007,SKU-003,normal_optimized,3,177,484,0.365702479338843
validation,combined_stress,1007,SKU-003,normal_optimized,4,214,484,0.44214876033057854
validation,combined_stress,1007,SKU-003,normal_optimized,5,235,538,0.4368029739776952
validation,combined_stress,1007,SKU-003,service_aware,2,358,449,0.7973273942093542
validation,combined_stress,1007,SKU-003,service_aware,3,359,484,0.7417355371900827
validation,combined_stress,1007,SKU-003,service_aware,4,448,484,0.9256198347107438
validation,combined_stress,1007,SKU-003,service_aware,5,498,538,0.9256505576208178
validation,combined_stress,1008,SKU-003,independent,2,335,449,0.7461024498886414
validation,combined_stress,1008,SKU-003,independent,3,293,484,0.6053719008264463
validation,combined_stress,1008,SKU-003,independent,4,402,484,0.8305785123966942
validation,combined_stress,1008,SKU-003,independent,5,432,538,0.8029739776951673
validation,combined_stress,1008,SKU-003,normal_optimized,2,220,449,0.48997772828507796
validation,combined_stress,1008,SKU-003,normal_optimized,3,173,484,0.3574380165289256
validation,combined_stress,1008,SKU-003,normal_optimized,4,211,484,0.4359504132231405
validation,combined_stress,1008,SKU-003,normal_optimized,5,206,538,0.3828996282527881
validation,combined_stress,1008,SKU-003,service_aware,2,378,449,0.8418708240534521
validation,combined_stress,1008,SKU-003,service_aware,3,367,484,0.7582644628099173
validation,combined_stress,1008,SKU-003,service_aware,4,468,484,0.9669421487603306
validation,combined_stress,1008,SKU-003,service_aware,5,495,538,0.9200743494423792
validation,combined_stress,1009,SKU-003,independent,2,318,449,0.7082405345211581
validation,combined_stress,1009,SKU-003,independent,3,310,484,0.640495867768595
validation,combined_stress,1009,SKU-003,independent,4,392,484,0.8099173553719008
validation,combined_stress,1009,SKU-003,independent,5,454,538,0.8438661710037175
validation,combined_stress,1009,SKU-003,normal_optimized,2,225,449,0.5011135857461024
validation,combined_stress,1009,SKU-003,normal_optimized,3,170,484,0.3512396694214876
validation,combined_stress,1009,SKU-003,normal_optimized,4,238,484,0.49173553719008267
validation,combined_stress,1009,SKU-003,normal_optimized,5,278,538,0.516728624535316
validation,combined_stress,1009,SKU-003,service_aware,2,368,449,0.8195991091314031
validation,combined_stress,1009,SKU-003,service_aware,3,381,484,0.7871900826446281
validation,combined_stress,1009,SKU-003,service_aware,4,449,484,0.9276859504132231
validation,combined_stress,1009,SKU-003,service_aware,5,487,538,0.9052044609665427
validation,combined_stress,1010,SKU-003,independent,2,321,449,0.7149220489977728
validation,combined_stress,1010,SKU-003,independent,3,306,484,0.6322314049586777
validation,combined_stress,1010,SKU-003,independent,4,387,484,0.7995867768595041
validation,combined_stress,1010,SKU-003,independent,5,411,538,0.7639405204460966
validation,combined_stress,1010,SKU-003,normal_optimized,2,228,449,0.5077951002227171
validation,combined_stress,1010,SKU-003,normal_optimized,3,168,484,0.34710743801652894
validation,combined_stress,1010,SKU-003,normal_optimized,4,224,484,0.4628099173553719
validation,combined_stress,1010,SKU-003,normal_optimized,5,233,538,0.43308550185873607
validation,combined_stress,1010,SKU-003,service_aware,2,372,449,0.8285077951002228
validation,combined_stress,1010,SKU-003,service_aware,3,358,484,0.7396694214876033
validation,combined_stress,1010,SKU-003,service_aware,4,454,484,0.9380165289256198
validation,combined_stress,1010,SKU-003,service_aware,5,476,538,0.8847583643122676
validation,combined_stress,1011,SKU-003,independent,2,335,449,0.7461024498886414
validation,combined_stress,1011,SKU-003,independent,3,296,484,0.6115702479338843
validation,combined_stress,1011,SKU-003,independent,4,382,484,0.7892561983471075
validation,combined_stress,1011,SKU-003,independent,5,416,538,0.7732342007434945
validation,combined_stress,1011,SKU-003,normal_optimized,2,226,449,0.5033407572383074
validation,combined_stress,1011,SKU-003,normal_optimized,3,184,484,0.38016528925619836
validation,combined_stress,1011,SKU-003,normal_optimized,4,255,484,0.5268595041322314
validation,combined_stress,1011,SKU-003,normal_optimized,5,247,538,0.4591078066914498
validation,combined_stress,1011,SKU-003,service_aware,2,380,449,0.8463251670378619
validation,combined_stress,1011,SKU-003,service_aware,3,355,484,0.7334710743801653
validation,combined_stress,1011,SKU-003,service_aware,4,438,484,0.9049586776859504
validation,combined_stress,1011,SKU-003,service_aware,5,495,538,0.9200743494423792
validation,combined_stress,1012,SKU-003,independent,2,321,449,0.7149220489977728
validation,combined_stress,1012,SKU-003,independent,3,299,484,0.6177685950413223
validation,combined_stress,1012,SKU-003,independent,4,378,484,0.78099173553719
validation,combined_stress,1012,SKU-003,independent,5,418,538,0.7769516728624535
validation,combined_stress,1012,SKU-003,normal_optimized,2,218,449,0.48552338530066813
validation,combined_stress,1012,SKU-003,normal_optimized,3,169,484,0.34917355371900827
validation,combined_stress,1012,SKU-003,normal_optimized,4,254,484,0.5247933884297521
validation,combined_stress,1012,SKU-003,normal_optimized,5,253,538,0.47026022304832715
validation,combined_stress,1012,SKU-003,service_aware,2,370,449,0.8240534521158129
validation,combined_stress,1012,SKU-003,service_aware,3,364,484,0.7520661157024794
validation,combined_stress,1012,SKU-003,service_aware,4,459,484,0.9483471074380165
validation,combined_stress,1012,SKU-003,service_aware,5,485,538,0.9014869888475836
test,normal,1001,SKU-003,independent,2,349,349,1.0
test,normal,1001,SKU-003,independent,3,376,381,0.9868766404199475
test,normal,1001,SKU-003,independent,4,392,396,0.98989898989899
test,normal,1001,SKU-003,independent,5,459,463,0.9913606911447084
test,normal,1001,SKU-003,normal_optimized,2,347,349,0.994269340974212
test,normal,1001,SKU-003,normal_optimized,3,375,381,0.984251968503937
test,normal,1001,SKU-003,normal_optimized,4,392,396,0.98989898989899
test,normal,1001,SKU-003,normal_optimized,5,457,463,0.9870410367170627
test,normal,1001,SKU-003,service_aware,2,349,349,1.0
test,normal,1001,SKU-003,service_aware,3,376,381,0.9868766404199475
test,normal,1001,SKU-003,service_aware,4,392,396,0.98989898989899
test,normal,1001,SKU-003,service_aware,5,459,463,0.9913606911447084
test,normal,1002,SKU-003,independent,2,347,349,0.994269340974212
test,normal,1002,SKU-003,independent,3,378,381,0.9921259842519685
test,normal,1002,SKU-003,independent,4,395,396,0.9974747474747475
test,normal,1002,SKU-003,independent,5,459,463,0.9913606911447084
test,normal,1002,SKU-003,normal_optimized,2,345,349,0.9885386819484241
test,normal,1002,SKU-003,normal_optimized,3,374,381,0.9816272965879265
test,normal,1002,SKU-003,normal_optimized,4,395,396,0.9974747474747475
test,normal,1002,SKU-003,normal_optimized,5,456,463,0.9848812095032398
test,normal,1002,SKU-003,service_aware,2,347,349,0.994269340974212
test,normal,1002,SKU-003,service_aware,3,378,381,0.9921259842519685
test,normal,1002,SKU-003,service_aware,4,395,396,0.9974747474747475
test,normal,1002,SKU-003,service_aware,5,459,463,0.9913606911447084
test,normal,1003,SKU-003,independent,2,349,349,1.0
test,normal,1003,SKU-003,independent,3,378,381,0.9921259842519685
test,normal,1003,SKU-003,independent,4,396,396,1.0
test,normal,1003,SKU-003,independent,5,460,463,0.9935205183585313
test,normal,1003,SKU-003,normal_optimized,2,349,349,1.0
test,normal,1003,SKU-003,normal_optimized,3,375,381,0.984251968503937
test,normal,1003,SKU-003,normal_optimized,4,396,396,1.0
test,normal,1003,SKU-003,normal_optimized,5,460,463,0.9935205183585313
test,normal,1003,SKU-003,service_aware,2,349,349,1.0
test,normal,1003,SKU-003,service_aware,3,378,381,0.9921259842519685
test,normal,1003,SKU-003,service_aware,4,396,396,1.0
test,normal,1003,SKU-003,service_aware,5,460,463,0.9935205183585313
test,normal,1004,SKU-003,independent,2,348,349,0.997134670487106
test,normal,1004,SKU-003,independent,3,379,381,0.994750656167979
test,normal,1004,SKU-003,independent,4,396,396,1.0
test,normal,1004,SKU-003,independent,5,459,463,0.9913606911447084
test,normal,1004,SKU-003,normal_optimized,2,347,349,0.994269340974212
test,normal,1004,SKU-003,normal_optimized,3,377,381,0.989501312335958
test,normal,1004,SKU-003,normal_optimized,4,395,396,0.9974747474747475
test,normal,1004,SKU-003,normal_optimized,5,459,463,0.9913606911447084
test,normal,1004,SKU-003,service_aware,2,348,349,0.997134670487106
test,normal,1004,SKU-003,service_aware,3,379,381,0.994750656167979
test,normal,1004,SKU-003,service_aware,4,396,396,1.0
test,normal,1004,SKU-003,service_aware,5,459,463,0.9913606911447084
test,normal,1005,SKU-003,independent,2,347,349,0.994269340974212
test,normal,1005,SKU-003,independent,3,380,381,0.9973753280839895
test,normal,1005,SKU-003,independent,4,396,396,1.0
test,normal,1005,SKU-003,independent,5,462,463,0.9978401727861771
test,normal,1005,SKU-003,normal_optimized,2,347,349,0.994269340974212
test,normal,1005,SKU-003,normal_optimized,3,375,381,0.984251968503937
test,normal,1005,SKU-003,normal_optimized,4,396,396,1.0
test,normal,1005,SKU-003,normal_optimized,5,462,463,0.9978401727861771
test,normal,1005,SKU-003,service_aware,2,347,349,0.994269340974212
test,normal,1005,SKU-003,service_aware,3,380,381,0.9973753280839895
test,normal,1005,SKU-003,service_aware,4,396,396,1.0
test,normal,1005,SKU-003,service_aware,5,462,463,0.9978401727861771
test,normal,1006,SKU-003,independent,2,347,349,0.994269340974212
test,normal,1006,SKU-003,independent,3,380,381,0.9973753280839895
test,normal,1006,SKU-003,independent,4,396,396,1.0
test,normal,1006,SKU-003,independent,5,460,463,0.9935205183585313
test,normal,1006,SKU-003,normal_optimized,2,347,349,0.994269340974212
test,normal,1006,SKU-003,normal_optimized,3,379,381,0.994750656167979
test,normal,1006,SKU-003,normal_optimized,4,396,396,1.0
test,normal,1006,SKU-003,normal_optimized,5,460,463,0.9935205183585313
test,normal,1006,SKU-003,service_aware,2,347,349,0.994269340974212
test,normal,1006,SKU-003,service_aware,3,380,381,0.9973753280839895
test,normal,1006,SKU-003,service_aware,4,396,396,1.0
test,normal,1006,SKU-003,service_aware,5,460,463,0.9935205183585313
test,normal,1007,SKU-003,independent,2,347,349,0.994269340974212
test,normal,1007,SKU-003,independent,3,379,381,0.994750656167979
test,normal,1007,SKU-003,independent,4,394,396,0.9949494949494949
test,normal,1007,SKU-003,independent,5,460,463,0.9935205183585313
test,normal,1007,SKU-003,normal_optimized,2,347,349,0.994269340974212
test,normal,1007,SKU-003,normal_optimized,3,375,381,0.984251968503937
test,normal,1007,SKU-003,normal_optimized,4,394,396,0.9949494949494949
test,normal,1007,SKU-003,normal_optimized,5,460,463,0.9935205183585313
test,normal,1007,SKU-003,service_aware,2,347,349,0.994269340974212
test,normal,1007,SKU-003,service_aware,3,379,381,0.994750656167979
test,normal,1007,SKU-003,service_aware,4,394,396,0.9949494949494949
test,normal,1007,SKU-003,service_aware,5,460,463,0.9935205183585313
test,normal,1008,SKU-003,independent,2,349,349,1.0
test,normal,1008,SKU-003,independent,3,380,381,0.9973753280839895
test,normal,1008,SKU-003,independent,4,395,396,0.9974747474747475
test,normal,1008,SKU-003,independent,5,457,463,0.9870410367170627
test,normal,1008,SKU-003,normal_optimized,2,349,349,1.0
test,normal,1008,SKU-003,normal_optimized,3,377,381,0.989501312335958
test,normal,1008,SKU-003,normal_optimized,4,394,396,0.9949494949494949
test,normal,1008,SKU-003,normal_optimized,5,455,463,0.9827213822894169
test,normal,1008,SKU-003,service_aware,2,349,349,1.0
test,normal,1008,SKU-003,service_aware,3,380,381,0.9973753280839895
test,normal,1008,SKU-003,service_aware,4,395,396,0.9974747474747475
test,normal,1008,SKU-003,service_aware,5,457,463,0.9870410367170627
test,normal,1009,SKU-003,independent,2,346,349,0.9914040114613181
test,normal,1009,SKU-003,independent,3,377,381,0.989501312335958
test,normal,1009,SKU-003,independent,4,396,396,1.0
test,normal,1009,SKU-003,independent,5,460,463,0.9935205183585313
test,normal,1009,SKU-003,normal_optimized,2,346,349,0.9914040114613181
test,normal,1009,SKU-003,normal_optimized,3,372,381,0.9763779527559056
test,normal,1009,SKU-003,normal_optimized,4,396,396,1.0
test,normal,1009,SKU-003,normal_optimized,5,460,463,0.9935205183585313
test,normal,1009,SKU-003,service_aware,2,346,349,0.9914040114613181
test,normal,1009,SKU-003,service_aware,3,377,381,0.989501312335958
test,normal,1009,SKU-003,service_aware,4,396,396,1.0
test,normal,1009,SKU-003,service_aware,5,460,463,0.9935205183585313
test,normal,1010,SKU-003,independent,2,349,349,1.0
test,normal,1010,SKU-003,independent,3,379,381,0.994750656167979
test,normal,1010,SKU-003,independent,4,396,396,1.0
test,normal,1010,SKU-003,independent,5,459,463,0.9913606911447084
test,normal,1010,SKU-003,normal_optimized,2,347,349,0.994269340974212
test,normal,1010,SKU-003,normal_optimized,3,379,381,0.994750656167979
test,normal,1010,SKU-003,normal_optimized,4,396,396,1.0
test,normal,1010,SKU-003,normal_optimized,5,459,463,0.9913606911447084
test,normal,1010,SKU-003,service_aware,2,349,349,1.0
test,normal,1010,SKU-003,service_aware,3,379,381,0.994750656167979
test,normal,1010,SKU-003,service_aware,4,396,396,1.0
test,normal,1010,SKU-003,service_aware,5,459,463,0.9913606911447084
test,normal,1011,SKU-003,independent,2,346,349,0.9914040114613181
test,normal,1011,SKU-003,independent,3,374,381,0.9816272965879265
test,normal,1011,SKU-003,independent,4,389,396,0.9823232323232324
test,normal,1011,SKU-003,independent,5,461,463,0.9956803455723542
test,normal,1011,SKU-003,normal_optimized,2,346,349,0.9914040114613181
test,normal,1011,SKU-003,normal_optimized,3,374,381,0.9816272965879265
test,normal,1011,SKU-003,normal_optimized,4,389,396,0.9823232323232324
test,normal,1011,SKU-003,normal_optimized,5,459,463,0.9913606911447084
test,normal,1011,SKU-003,service_aware,2,346,349,0.9914040114613181
test,normal,1011,SKU-003,service_aware,3,374,381,0.9816272965879265
test,normal,1011,SKU-003,service_aware,4,389,396,0.9823232323232324
test,normal,1011,SKU-003,service_aware,5,461,463,0.9956803455723542
test,normal,1012,SKU-003,independent,2,347,349,0.994269340974212
test,normal,1012,SKU-003,independent,3,381,381,1.0
test,normal,1012,SKU-003,independent,4,394,396,0.9949494949494949
test,normal,1012,SKU-003,independent,5,460,463,0.9935205183585313
test,normal,1012,SKU-003,normal_optimized,2,347,349,0.994269340974212
test,normal,1012,SKU-003,normal_optimized,3,380,381,0.9973753280839895
test,normal,1012,SKU-003,normal_optimized,4,392,396,0.98989898989899
test,normal,1012,SKU-003,normal_optimized,5,460,463,0.9935205183585313
test,normal,1012,SKU-003,service_aware,2,347,349,0.994269340974212
test,normal,1012,SKU-003,service_aware,3,381,381,1.0
test,normal,1012,SKU-003,service_aware,4,394,396,0.9949494949494949
test,normal,1012,SKU-003,service_aware,5,460,463,0.9935205183585313
test,demand_spike,1001,SKU-003,independent,2,394,428,0.9205607476635514
test,demand_spike,1001,SKU-003,independent,3,429,455,0.9428571428571428
test,demand_spike,1001,SKU-003,independent,4,446,474,0.9409282700421941
test,demand_spike,1001,SKU-003,independent,5,514,543,0.9465930018416207
test,demand_spike,1001,SKU-003,normal_optimized,2,360,428,0.8411214953271028
test,demand_spike,1001,SKU-003,normal_optimized,3,379,455,0.832967032967033
test,demand_spike,1001,SKU-003,normal_optimized,4,407,474,0.8586497890295358
test,demand_spike,1001,SKU-003,normal_optimized,5,474,543,0.8729281767955801
test,demand_spike,1001,SKU-003,service_aware,2,405,428,0.9462616822429907
test,demand_spike,1001,SKU-003,service_aware,3,434,455,0.9538461538461539
test,demand_spike,1001,SKU-003,service_aware,4,457,474,0.9641350210970464
test,demand_spike,1001,SKU-003,service_aware,5,524,543,0.9650092081031307
test,demand_spike,1002,SKU-003,independent,2,383,428,0.8948598130841121
test,demand_spike,1002,SKU-003,independent,3,429,455,0.9428571428571428
test,demand_spike,1002,SKU-003,independent,4,453,474,0.9556962025316456
test,demand_spike,1002,SKU-003,independent,5,514,543,0.9465930018416207
test,demand_spike,1002,SKU-003,normal_optimized,2,352,428,0.822429906542056
test,demand_spike,1002,SKU-003,normal_optimized,3,365,455,0.8021978021978022
test,demand_spike,1002,SKU-003,normal_optimized,4,437,474,0.9219409282700421
test,demand_spike,1002,SKU-003,normal_optimized,5,486,543,0.8950276243093923
test,demand_spike,1002,SKU-003,service_aware,2,396,428,0.9252336448598131
test,demand_spike,1002,SKU-003,service_aware,3,440,455,0.967032967032967
test,demand_spike,1002,SKU-003,service_aware,4,453,474,0.9556962025316456
test,demand_spike,1002,SKU-003,service_aware,5,523,543,0.9631675874769797
test,demand_spike,1003,SKU-003,independent,2,409,428,0.955607476635514
test,demand_spike,1003,SKU-003,independent,3,429,455,0.9428571428571428
test,demand_spike,1003,SKU-003,independent,4,457,474,0.9641350210970464
test,demand_spike,1003,SKU-003,independent,5,538,543,0.990791896869245
test,demand_spike,1003,SKU-003,normal_optimized,2,373,428,0.8714953271028038
test,demand_spike,1003,SKU-003,normal_optimized,3,349,455,0.7670329670329671
test,demand_spike,1003,SKU-003,normal_optimized,4,440,474,0.9282700421940928
test,demand_spike,1003,SKU-003,normal_optimized,5,504,543,0.9281767955801105
test,demand_spike,1003,SKU-003,service_aware,2,416,428,0.9719626168224299
test,demand_spike,1003,SKU-003,service_aware,3,431,455,0.9472527472527472
test,demand_spike,1003,SKU-003,service_aware,4,457,474,0.9641350210970464
test,demand_spike,1003,SKU-003,service_aware,5,538,543,0.990791896869245
test,demand_spike,1004,SKU-003,independent,2,397,428,0.927570093457944
test,demand_spike,1004,SKU-003,independent,3,422,455,0.9274725274725275
test,demand_spike,1004,SKU-003,independent,4,459,474,0.9683544303797469
test,demand_spike,1004,SKU-003,independent,5,525,543,0.9668508287292817
test,demand_spike,1004,SKU-003,normal_optimized,2,349,428,0.8154205607476636
test,demand_spike,1004,SKU-003,normal_optimized,3,374,455,0.8219780219780219
test,demand_spike,1004,SKU-003,normal_optimized,4,434,474,0.9156118143459916
test,demand_spike,1004,SKU-003,normal_optimized,5,483,543,0.8895027624309392
test,demand_spike,1004,SKU-003,service_aware,2,399,428,0.9322429906542056
test,demand_spike,1004,SKU-003,service_aware,3,432,455,0.9494505494505494
test,demand_spike,1004,SKU-003,service_aware,4,456,474,0.9620253164556962
test,demand_spike,1004,SKU-003,service_aware,5,533,543,0.9815837937384899
test,demand_spike,1005,SKU-003,independent,2,401,428,0.9369158878504673
test,demand_spike,1005,SKU-003,independent,3,431,455,0.9472527472527472
test,demand_spike,1005,SKU-003,independent,4,454,474,0.9578059071729957
test,demand_spike,1005,SKU-003,independent,5,514,543,0.9465930018416207
test,demand_spike,1005,SKU-003,normal_optimized,2,361,428,0.8434579439252337
test,demand_spike,1005,SKU-003,normal_optimized,3,370,455,0.8131868131868132
test,demand_spike,1005,SKU-003,normal_optimized,4,428,474,0.9029535864978903
test,demand_spike,1005,SKU-003,normal_optimized,5,482,543,0.8876611418047882
test,demand_spike,1005,SKU-003,service_aware,2,402,428,0.9392523364485982
test,demand_spike,1005,SKU-003,service_aware,3,435,455,0.9560439560439561
test,demand_spike,1005,SKU-003,service_aware,4,459,474,0.9683544303797469
test,demand_spike,1005,SKU-003,service_aware,5,528,543,0.9723756906077348
test,demand_spike,1006,SKU-003,independent,2,407,428,0.9509345794392523
test,demand_spike,1006,SKU-003,independent,3,436,455,0.9582417582417583
test,demand_spike,1006,SKU-003,independent,4,449,474,0.9472573839662447
test,demand_spike,1006,SKU-003,independent,5,525,543,0.9668508287292817
test,demand_spike,1006,SKU-003,normal_optimized,2,380,428,0.8878504672897196
test,demand_spike,1006,SKU-003,normal_optimized,3,389,455,0.8549450549450549
test,demand_spike,1006,SKU-003,normal_optimized,4,447,474,0.9430379746835443
test,demand_spike,1006,SKU-003,normal_optimized,5,481,543,0.8858195211786372
test,demand_spike,1006,SKU-003,service_aware,2,409,428,0.955607476635514
test,demand_spike,1006,SKU-003,service_aware,3,437,455,0.9604395604395605
test,demand_spike,1006,SKU-003,service_aware,4,449,474,0.9472573839662447
test,demand_spike,1006,SKU-003,service_aware,5,525,543,0.9668508287292817
test,demand_spike,1007,SKU-003,independent,2,383,428,0.8948598130841121
test,demand_spike,1007,SKU-003,independent,3,438,455,0.9626373626373627
test,demand_spike,1007,SKU-003,independent,4,456,474,0.9620253164556962
test,demand_spike,1007,SKU-003,independent,5,524,543,0.9650092081031307
test,demand_spike,1007,SKU-003,normal_optimized,2,336,428,0.7850467289719626
test,demand_spike,1007,SKU-003,normal_optimized,3,368,455,0.8087912087912088
test,demand_spike,1007,SKU-003,normal_optimized,4,436,474,0.919831223628692
test,demand_spike,1007,SKU-003,normal_optimized,5,481,543,0.8858195211786372
test,demand_spike,1007,SKU-003,service_aware,2,385,428,0.8995327102803738
test,demand_spike,1007,SKU-003,service_aware,3,448,455,0.9846153846153847
test,demand_spike,1007,SKU-003,service_aware,4,456,474,0.9620253164556962
test,demand_spike,1007,SKU-003,service_aware,5,537,543,0.988950276243094
test,demand_spike,1008,SKU-003,independent,2,415,428,0.969626168224299
test,demand_spike,1008,SKU-003,independent,3,443,455,0.9736263736263736
test,demand_spike,1008,SKU-003,independent,4,455,474,0.959915611814346
test,demand_spike,1008,SKU-003,independent,5,526,543,0.9686924493554327
test,demand_spike,1008,SKU-003,normal_optimized,2,381,428,0.8901869158878505
test,demand_spike,1008,SKU-003,normal_optimized,3,370,455,0.8131868131868132
test,demand_spike,1008,SKU-003,normal_optimized,4,431,474,0.9092827004219409
test,demand_spike,1008,SKU-003,normal_optimized,5,489,543,0.9005524861878453
test,demand_spike,1008,SKU-003,service_aware,2,416,428,0.9719626168224299
test,demand_spike,1008,SKU-003,service_aware,3,444,455,0.9758241758241758
test,demand_spike,1008,SKU-003,service_aware,4,456,474,0.9620253164556962
test,demand_spike,1008,SKU-003,service_aware,5,528,543,0.9723756906077348
test,demand_spike,1009,SKU-003,independent,2,395,428,0.9228971962616822
test,demand_spike,1009,SKU-003,independent,3,432,455,0.9494505494505494
test,demand_spike,1009,SKU-003,independent,4,458,474,0.9662447257383966
test,demand_spike,1009,SKU-003,independent,5,527,543,0.9705340699815838
test,demand_spike,1009,SKU-003,normal_optimized,2,360,428,0.8411214953271028
test,demand_spike,1009,SKU-003,normal_optimized,3,378,455,0.8307692307692308
test,demand_spike,1009,SKU-003,normal_optimized,4,435,474,0.9177215189873418
test,demand_spike,1009,SKU-003,normal_optimized,5,460,543,0.8471454880294659
test,demand_spike,1009,SKU-003,service_aware,2,405,428,0.9462616822429907
test,demand_spike,1009,SKU-003,service_aware,3,435,455,0.9560439560439561
test,demand_spike,1009,SKU-003,service_aware,4,458,474,0.9662447257383966
test,demand_spike,1009,SKU-003,service_aware,5,531,543,0.9779005524861878
test,demand_spike,1010,SKU-003,independent,2,384,428,0.897196261682243
test,demand_spike,1010,SKU-003,independent,3,433,455,0.9516483516483516
test,demand_spike,1010,SKU-003,independent,4,462,474,0.9746835443037974
test,demand_spike,1010,SKU-003,independent,5,514,543,0.9465930018416207
test,demand_spike,1010,SKU-003,normal_optimized,2,360,428,0.8411214953271028
test,demand_spike,1010,SKU-003,normal_optimized,3,373,455,0.8197802197802198
test,demand_spike,1010,SKU-003,normal_optimized,4,419,474,0.8839662447257384
test,demand_spike,1010,SKU-003,normal_optimized,5,475,543,0.8747697974217311
test,demand_spike,1010,SKU-003,service_aware,2,409,428,0.955607476635514
test,demand_spike,1010,SKU-003,service_aware,3,443,455,0.9736263736263736
test,demand_spike,1010,SKU-003,service_aware,4,463,474,0.9767932489451476
test,demand_spike,1010,SKU-003,service_aware,5,515,543,0.9484346224677717
test,demand_spike,1011,SKU-003,independent,2,398,428,0.9299065420560748
test,demand_spike,1011,SKU-003,independent,3,425,455,0.9340659340659341
test,demand_spike,1011,SKU-003,independent,4,439,474,0.9261603375527426
test,demand_spike,1011,SKU-003,independent,5,511,543,0.9410681399631676
test,demand_spike,1011,SKU-003,normal_optimized,2,349,428,0.8154205607476636
test,demand_spike,1011,SKU-003,normal_optimized,3,377,455,0.8285714285714286
test,demand_spike,1011,SKU-003,normal_optimized,4,404,474,0.8523206751054853
test,demand_spike,1011,SKU-003,normal_optimized,5,462,543,0.850828729281768
test,demand_spike,1011,SKU-003,service_aware,2,405,428,0.9462616822429907
test,demand_spike,1011,SKU-003,service_aware,3,439,455,0.9648351648351648
test,demand_spike,1011,SKU-003,service_aware,4,439,474,0.9261603375527426
test,demand_spike,1011,SKU-003,service_aware,5,532,543,0.9797421731123389
test,demand_spike,1012,SKU-003,independent,2,399,428,0.9322429906542056
test,demand_spike,1012,SKU-003,independent,3,432,455,0.9494505494505494
test,demand_spike,1012,SKU-003,independent,4,440,474,0.9282700421940928
test,demand_spike,1012,SKU-003,independent,5,516,543,0.9502762430939227
test,demand_spike,1012,SKU-003,normal_optimized,2,364,428,0.8504672897196262
test,demand_spike,1012,SKU-003,normal_optimized,3,379,455,0.832967032967033
test,demand_spike,1012,SKU-003,normal_optimized,4,425,474,0.8966244725738397
test,demand_spike,1012,SKU-003,normal_optimized,5,474,543,0.8729281767955801
test,demand_spike,1012,SKU-003,service_aware,2,404,428,0.9439252336448598
test,demand_spike,1012,SKU-003,service_aware,3,441,455,0.9692307692307692
test,demand_spike,1012,SKU-003,service_aware,4,440,474,0.9282700421940928
test,demand_spike,1012,SKU-003,service_aware,5,523,543,0.9631675874769797
test,supplier_delay,1001,SKU-003,independent,2,348,349,0.997134670487106
test,supplier_delay,1001,SKU-003,independent,3,362,381,0.9501312335958005
test,supplier_delay,1001,SKU-003,independent,4,392,396,0.98989898989899
test,supplier_delay,1001,SKU-003,independent,5,456,463,0.9848812095032398
test,supplier_delay,1001,SKU-003,normal_optimized,2,282,349,0.8080229226361032
test,supplier_delay,1001,SKU-003,normal_optimized,3,255,381,0.6692913385826772
test,supplier_delay,1001,SKU-003,normal_optimized,4,310,396,0.7828282828282829
test,supplier_delay,1001,SKU-003,normal_optimized,5,328,463,0.7084233261339092
test,supplier_delay,1001,SKU-003,service_aware,2,349,349,1.0
test,supplier_delay,1001,SKU-003,service_aware,3,376,381,0.9868766404199475
test,supplier_delay,1001,SKU-003,service_aware,4,392,396,0.98989898989899
test,supplier_delay,1001,SKU-003,service_aware,5,459,463,0.9913606911447084
test,supplier_delay,1002,SKU-003,independent,2,345,349,0.9885386819484241
test,supplier_delay,1002,SKU-003,independent,3,375,381,0.984251968503937
test,supplier_delay,1002,SKU-003,independent,4,393,396,0.9924242424242424
test,supplier_delay,1002,SKU-003,independent,5,428,463,0.9244060475161987
test,supplier_delay,1002,SKU-003,normal_optimized,2,260,349,0.7449856733524355
test,supplier_delay,1002,SKU-003,normal_optimized,3,247,381,0.6482939632545932
test,supplier_delay,1002,SKU-003,normal_optimized,4,303,396,0.7651515151515151
test,supplier_delay,1002,SKU-003,normal_optimized,5,290,463,0.6263498920086393
test,supplier_delay,1002,SKU-003,service_aware,2,347,349,0.994269340974212
test,supplier_delay,1002,SKU-003,service_aware,3,378,381,0.9921259842519685
test,supplier_delay,1002,SKU-003,service_aware,4,395,396,0.9974747474747475
test,supplier_delay,1002,SKU-003,service_aware,5,459,463,0.9913606911447084
test,supplier_delay,1003,SKU-003,independent,2,346,349,0.9914040114613181
test,supplier_delay,1003,SKU-003,independent,3,370,381,0.9711286089238845
test,supplier_delay,1003,SKU-003,independent,4,395,396,0.9974747474747475
test,supplier_delay,1003,SKU-003,independent,5,456,463,0.9848812095032398
test,supplier_delay,1003,SKU-003,normal_optimized,2,285,349,0.8166189111747851
test,supplier_delay,1003,SKU-003,normal_optimized,3,228,381,0.5984251968503937
test,supplier_delay,1003,SKU-003,normal_optimized,4,311,396,0.7853535353535354
test,supplier_delay,1003,SKU-003,normal_optimized,5,341,463,0.7365010799136069
test,supplier_delay,1003,SKU-003,service_aware,2,349,349,1.0
test,supplier_delay,1003,SKU-003,service_aware,3,378,381,0.9921259842519685
test,supplier_delay,1003,SKU-003,service_aware,4,396,396,1.0
test,supplier_delay,1003,SKU-003,service_aware,5,460,463,0.9935205183585313
test,supplier_delay,1004,SKU-003,independent,2,348,349,0.997134670487106
test,supplier_delay,1004,SKU-003,independent,3,358,381,0.9396325459317585
test,supplier_delay,1004,SKU-003,independent,4,396,396,1.0
test,supplier_delay,1004,SKU-003,independent,5,454,463,0.980561555075594
test,supplier_delay,1004,SKU-003,normal_optimized,2,266,349,0.7621776504297995
test,supplier_delay,1004,SKU-003,normal_optimized,3,232,381,0.6089238845144357
test,supplier_delay,1004,SKU-003,normal_optimized,4,303,396,0.7651515151515151
test,supplier_delay,1004,SKU-003,normal_optimized,5,335,463,0.7235421166306696
test,supplier_delay,1004,SKU-003,service_aware,2,348,349,0.997134670487106
test,supplier_delay,1004,SKU-003,service_aware,3,379,381,0.994750656167979
test,supplier_delay,1004,SKU-003,service_aware,4,396,396,1.0
test,supplier_delay,1004,SKU-003,service_aware,5,459,463,0.9913606911447084
test,supplier_delay,1005,SKU-003,independent,2,346,349,0.9914040114613181
test,supplier_delay,1005,SKU-003,independent,3,376,381,0.9868766404199475
test,supplier_delay,1005,SKU-003,independent,4,396,396,1.0
test,supplier_delay,1005,SKU-003,independent,5,457,463,0.9870410367170627
test,supplier_delay,1005,SKU-003,normal_optimized,2,261,349,0.7478510028653295
test,supplier_delay,1005,SKU-003,normal_optimized,3,240,381,0.6299212598425197
test,supplier_delay,1005,SKU-003,normal_optimized,4,312,396,0.7878787878787878
test,supplier_delay,1005,SKU-003,normal_optimized,5,336,463,0.7257019438444925
test,supplier_delay,1005,SKU-003,service_aware,2,347,349,0.994269340974212
test,supplier_delay,1005,SKU-003,service_aware,3,380,381,0.9973753280839895
test,supplier_delay,1005,SKU-003,service_aware,4,396,396,1.0
test,supplier_delay,1005,SKU-003,service_aware,5,462,463,0.9978401727861771
test,supplier_delay,1006,SKU-003,independent,2,345,349,0.9885386819484241
test,supplier_delay,1006,SKU-003,independent,3,366,381,0.9606299212598425
test,supplier_delay,1006,SKU-003,independent,4,395,396,0.9974747474747475
test,supplier_delay,1006,SKU-003,independent,5,456,463,0.9848812095032398
test,supplier_delay,1006,SKU-003,normal_optimized,2,295,349,0.8452722063037249
test,supplier_delay,1006,SKU-003,normal_optimized,3,234,381,0.6141732283464567
test,supplier_delay,1006,SKU-003,normal_optimized,4,309,396,0.7803030303030303
test,supplier_delay,1006,SKU-003,normal_optimized,5,329,463,0.7105831533477321
test,supplier_delay,1006,SKU-003,service_aware,2,347,349,0.994269340974212
test,supplier_delay,1006,SKU-003,service_aware,3,380,381,0.9973753280839895
test,supplier_delay,1006,SKU-003,service_aware,4,396,396,1.0
test,supplier_delay,1006,SKU-003,service_aware,5,460,463,0.9935205183585313
test,supplier_delay,1007,SKU-003,independent,2,345,349,0.9885386819484241
test,supplier_delay,1007,SKU-003,independent,3,374,381,0.9816272965879265
test,supplier_delay,1007,SKU-003,independent,4,394,396,0.9949494949494949
test,supplier_delay,1007,SKU-003,independent,5,455,463,0.9827213822894169
test,supplier_delay,1007,SKU-003,normal_optimized,2,266,349,0.7621776504297995
test,supplier_delay,1007,SKU-003,normal_optimized,3,236,381,0.6194225721784777
test,supplier_delay,1007,SKU-003,normal_optimized,4,319,396,0.8055555555555556
test,supplier_delay,1007,SKU-003,normal_optimized,5,334,463,0.7213822894168467
test,supplier_delay,1007,SKU-003,service_aware,2,347,349,0.994269340974212
test,supplier_delay,1007,SKU-003,service_aware,3,379,381,0.994750656167979
test,supplier_delay,1007,SKU-003,service_aware,4,394,396,0.9949494949494949
test,supplier_delay,1007,SKU-003,service_aware,5,460,463,0.9935205183585313
test,supplier_delay,1008,SKU-003,independent,2,348,349,0.997134670487106
test,supplier_delay,1008,SKU-003,independent,3,375,381,0.984251968503937
test,supplier_delay,1008,SKU-003,independent,4,393,396,0.9924242424242424
test,supplier_delay,1008,SKU-003,independent,5,456,463,0.9848812095032398
test,supplier_delay,1008,SKU-003,normal_optimized,2,273,349,0.7822349570200573
test,supplier_delay,1008,SKU-003,normal_optimized,3,247,381,0.6482939632545932
test,supplier_delay,1008,SKU-003,normal_optimized,4,302,396,0.7626262626262627
test,supplier_delay,1008,SKU-003,normal_optimized,5,314,463,0.6781857451403888
test,supplier_delay,1008,SKU-003,service_aware,2,349,349,1.0
test,supplier_delay,1008,SKU-003,service_aware,3,380,381,0.9973753280839895
test,supplier_delay,1008,SKU-003,service_aware,4,395,396,0.9974747474747475
test,supplier_delay,1008,SKU-003,service_aware,5,457,463,0.9870410367170627
test,supplier_delay,1009,SKU-003,independent,2,344,349,0.9856733524355301
test,supplier_delay,1009,SKU-003,independent,3,369,381,0.968503937007874
test,supplier_delay,1009,SKU-003,independent,4,396,396,1.0
test,supplier_delay,1009,SKU-003,independent,5,454,463,0.980561555075594
test,supplier_delay,1009,SKU-003,normal_optimized,2,283,349,0.8108882521489972
test,supplier_delay,1009,SKU-003,normal_optimized,3,251,381,0.6587926509186351
test,supplier_delay,1009,SKU-003,normal_optimized,4,320,396,0.8080808080808081
test,supplier_delay,1009,SKU-003,normal_optimized,5,355,463,0.7667386609071274
test,supplier_delay,1009,SKU-003,service_aware,2,346,349,0.9914040114613181
test,supplier_delay,1009,SKU-003,service_aware,3,377,381,0.989501312335958
test,supplier_delay,1009,SKU-003,service_aware,4,396,396,1.0
test,supplier_delay,1009,SKU-003,service_aware,5,460,463,0.9935205183585313
test,supplier_delay,1010,SKU-003,independent,2,342,349,0.9799426934097422
test,supplier_delay,1010,SKU-003,independent,3,371,381,0.973753280839895
test,supplier_delay,1010,SKU-003,independent,4,395,396,0.9974747474747475
test,supplier_delay,1010,SKU-003,independent,5,457,463,0.9870410367170627
test,supplier_delay,1010,SKU-003,normal_optimized,2,265,349,0.7593123209169055
test,supplier_delay,1010,SKU-003,normal_optimized,3,247,381,0.6482939632545932
test,supplier_delay,1010,SKU-003,normal_optimized,4,304,396,0.7676767676767676
test,supplier_delay,1010,SKU-003,normal_optimized,5,317,463,0.6846652267818575
test,supplier_delay,1010,SKU-003,service_aware,2,349,349,1.0
test,supplier_delay,1010,SKU-003,service_aware,3,379,381,0.994750656167979
test,supplier_delay,1010,SKU-003,service_aware,4,396,396,1.0
test,supplier_delay,1010,SKU-003,service_aware,5,459,463,0.9913606911447084
test,supplier_delay,1011,SKU-003,independent,2,346,349,0.9914040114613181
test,supplier_delay,1011,SKU-003,independent,3,370,381,0.9711286089238845
test,supplier_delay,1011,SKU-003,independent,4,389,396,0.9823232323232324
test,supplier_delay,1011,SKU-003,independent,5,458,463,0.9892008639308856
test,supplier_delay,1011,SKU-003,normal_optimized,2,282,349,0.8080229226361032
test,supplier_delay,1011,SKU-003,normal_optimized,3,266,381,0.6981627296587927
test,supplier_delay,1011,SKU-003,normal_optimized,4,326,396,0.8232323232323232
test,supplier_delay,1011,SKU-003,normal_optimized,5,330,463,0.712742980561555
test,supplier_delay,1011,SKU-003,service_aware,2,346,349,0.9914040114613181
test,supplier_delay,1011,SKU-003,service_aware,3,374,381,0.9816272965879265
test,supplier_delay,1011,SKU-003,service_aware,4,389,396,0.9823232323232324
test,supplier_delay,1011,SKU-003,service_aware,5,461,463,0.9956803455723542
test,supplier_delay,1012,SKU-003,independent,2,347,349,0.994269340974212
test,supplier_delay,1012,SKU-003,independent,3,377,381,0.989501312335958
test,supplier_delay,1012,SKU-003,independent,4,393,396,0.9924242424242424
test,supplier_delay,1012,SKU-003,independent,5,453,463,0.978401727861771
test,supplier_delay,1012,SKU-003,normal_optimized,2,256,349,0.7335243553008596
test,supplier_delay,1012,SKU-003,normal_optimized,3,243,381,0.6377952755905512
test,supplier_delay,1012,SKU-003,normal_optimized,4,303,396,0.7651515151515151
test,supplier_delay,1012,SKU-003,normal_optimized,5,335,463,0.7235421166306696
test,supplier_delay,1012,SKU-003,service_aware,2,347,349,0.994269340974212
test,supplier_delay,1012,SKU-003,service_aware,3,381,381,1.0
test,supplier_delay,1012,SKU-003,service_aware,4,394,396,0.9949494949494949
test,supplier_delay,1012,SKU-003,service_aware,5,460,463,0.9935205183585313
test,combined_stress,1001,SKU-003,independent,2,293,428,0.6845794392523364
test,combined_stress,1001,SKU-003,independent,3,311,455,0.6835164835164835
test,combined_stress,1001,SKU-003,independent,4,361,474,0.7616033755274262
test,combined_stress,1001,SKU-003,independent,5,399,543,0.7348066298342542
test,combined_stress,1001,SKU-003,normal_optimized,2,216,428,0.5046728971962616
test,combined_stress,1001,SKU-003,normal_optimized,3,185,455,0.4065934065934066
test,combined_stress,1001,SKU-003,normal_optimized,4,229,474,0.4831223628691983
test,combined_stress,1001,SKU-003,normal_optimized,5,277,543,0.5101289134438306
test,combined_stress,1001,SKU-003,service_aware,2,361,428,0.8434579439252337
test,combined_stress,1001,SKU-003,service_aware,3,379,455,0.832967032967033
test,combined_stress,1001,SKU-003,service_aware,4,423,474,0.8924050632911392
test,combined_stress,1001,SKU-003,service_aware,5,469,543,0.8637200736648251
test,combined_stress,1002,SKU-003,independent,2,294,428,0.6869158878504673
test,combined_stress,1002,SKU-003,independent,3,313,455,0.6879120879120879
test,combined_stress,1002,SKU-003,independent,4,367,474,0.7742616033755274
test,combined_stress,1002,SKU-003,independent,5,396,543,0.7292817679558011
test,combined_stress,1002,SKU-003,normal_optimized,2,212,428,0.4953271028037383
test,combined_stress,1002,SKU-003,normal_optimized,3,185,455,0.4065934065934066
test,combined_stress,1002,SKU-003,normal_optimized,4,211,474,0.4451476793248945
test,combined_stress,1002,SKU-003,normal_optimized,5,219,543,0.40331491712707185
test,combined_stress,1002,SKU-003,service_aware,2,338,428,0.7897196261682243
test,combined_stress,1002,SKU-003,service_aware,3,373,455,0.8197802197802198
test,combined_stress,1002,SKU-003,service_aware,4,436,474,0.919831223628692
test,combined_stress,1002,SKU-003,service_aware,5,471,543,0.8674033149171271
test,combined_stress,1003,SKU-003,independent,2,287,428,0.6705607476635514
test,combined_stress,1003,SKU-003,independent,3,286,455,0.6285714285714286
test,combined_stress,1003,SKU-003,independent,4,348,474,0.7341772151898734
test,combined_stress,1003,SKU-003,independent,5,392,543,0.7219152854511971
test,combined_stress,1003,SKU-003,normal_optimized,2,216,428,0.5046728971962616
test,combined_stress,1003,SKU-003,normal_optimized,3,176,455,0.3868131868131868
test,combined_stress,1003,SKU-003,normal_optimized,4,230,474,0.48523206751054854
test,combined_stress,1003,SKU-003,normal_optimized,5,257,543,0.4732965009208103
test,combined_stress,1003,SKU-003,service_aware,2,355,428,0.8294392523364486
test,combined_stress,1003,SKU-003,service_aware,3,375,455,0.8241758241758241
test,combined_stress,1003,SKU-003,service_aware,4,437,474,0.9219409282700421
test,combined_stress,1003,SKU-003,service_aware,5,497,543,0.9152854511970534
test,combined_stress,1004,SKU-003,independent,2,282,428,0.6588785046728972
test,combined_stress,1004,SKU-003,independent,3,277,455,0.6087912087912087
test,combined_stress,1004,SKU-003,independent,4,324,474,0.6835443037974683
test,combined_stress,1004,SKU-003,independent,5,397,543,0.7311233885819521
test,combined_stress,1004,SKU-003,normal_optimized,2,215,428,0.5023364485981309
test,combined_stress,1004,SKU-003,normal_optimized,3,179,455,0.3934065934065934
test,combined_stress,1004,SKU-003,normal_optimized,4,218,474,0.459915611814346
test,combined_stress,1004,SKU-003,normal_optimized,5,254,543,0.4677716390423573
test,combined_stress,1004,SKU-003,service_aware,2,329,428,0.7686915887850467
test,combined_stress,1004,SKU-003,service_aware,3,375,455,0.8241758241758241
test,combined_stress,1004,SKU-003,service_aware,4,451,474,0.9514767932489452
test,combined_stress,1004,SKU-003,service_aware,5,491,543,0.9042357274401474
test,combined_stress,1005,SKU-003,independent,2,300,428,0.7009345794392523
test,combined_stress,1005,SKU-003,independent,3,298,455,0.654945054945055
test,combined_stress,1005,SKU-003,independent,4,379,474,0.79957805907173
test,combined_stress,1005,SKU-003,independent,5,425,543,0.7826887661141805
test,combined_stress,1005,SKU-003,normal_optimized,2,192,428,0.4485981308411215
test,combined_stress,1005,SKU-003,normal_optimized,3,183,455,0.4021978021978022
test,combined_stress,1005,SKU-003,normal_optimized,4,245,474,0.5168776371308017
test,combined_stress,1005,SKU-003,normal_optimized,5,285,543,0.5248618784530387
test,combined_stress,1005,SKU-003,service_aware,2,359,428,0.8387850467289719
test,combined_stress,1005,SKU-003,service_aware,3,361,455,0.7934065934065934
test,combined_stress,1005,SKU-003,service_aware,4,425,474,0.8966244725738397
test,combined_stress,1005,SKU-003,service_aware,5,484,543,0.8913443830570903
test,combined_stress,1006,SKU-003,independent,2,300,428,0.7009345794392523
test,combined_stress,1006,SKU-003,independent,3,285,455,0.6263736263736264
test,combined_stress,1006,SKU-003,independent,4,362,474,0.7637130801687764
test,combined_stress,1006,SKU-003,independent,5,405,543,0.7458563535911602
test,combined_stress,1006,SKU-003,normal_optimized,2,216,428,0.5046728971962616
test,combined_stress,1006,SKU-003,normal_optimized,3,184,455,0.4043956043956044
test,combined_stress,1006,SKU-003,normal_optimized,4,233,474,0.49156118143459915
test,combined_stress,1006,SKU-003,normal_optimized,5,242,543,0.44567219152854515
test,combined_stress,1006,SKU-003,service_aware,2,400,428,0.9345794392523364
test,combined_stress,1006,SKU-003,service_aware,3,381,455,0.8373626373626374
test,combined_stress,1006,SKU-003,service_aware,4,429,474,0.9050632911392406
test,combined_stress,1006,SKU-003,service_aware,5,494,543,0.9097605893186004
test,combined_stress,1007,SKU-003,independent,2,282,428,0.6588785046728972
test,combined_stress,1007,SKU-003,independent,3,310,455,0.6813186813186813
test,combined_stress,1007,SKU-003,independent,4,347,474,0.7320675105485233
test,combined_stress,1007,SKU-003,independent,5,404,543,0.7440147329650092
test,combined_stress,1007,SKU-003,normal_optimized,2,213,428,0.4976635514018692
test,combined_stress,1007,SKU-003,normal_optimized,3,173,455,0.3802197802197802
test,combined_stress,1007,SKU-003,normal_optimized,4,224,474,0.47257383966244726
test,combined_stress,1007,SKU-003,normal_optimized,5,276,543,0.5082872928176796
test,combined_stress,1007,SKU-003,service_aware,2,334,428,0.780373831775701
test,combined_stress,1007,SKU-003,service_aware,3,384,455,0.843956043956044
test,combined_stress,1007,SKU-003,service_aware,4,439,474,0.9261603375527426
test,combined_stress,1007,SKU-003,service_aware,5,478,543,0.8802946593001841
test,combined_stress,1008,SKU-003,independent,2,305,428,0.7126168224299065
test,combined_stress,1008,SKU-003,independent,3,292,455,0.6417582417582418
test,combined_stress,1008,SKU-003,independent,4,373,474,0.7869198312236287
test,combined_stress,1008,SKU-003,independent,5,418,543,0.7697974217311234
test,combined_stress,1008,SKU-003,normal_optimized,2,192,428,0.4485981308411215
test,combined_stress,1008,SKU-003,normal_optimized,3,175,455,0.38461538461538464
test,combined_stress,1008,SKU-003,normal_optimized,4,225,474,0.47468354430379744
test,combined_stress,1008,SKU-003,normal_optimized,5,244,543,0.44935543278084716
test,combined_stress,1008,SKU-003,service_aware,2,357,428,0.8341121495327103
test,combined_stress,1008,SKU-003,service_aware,3,391,455,0.8593406593406593
test,combined_stress,1008,SKU-003,service_aware,4,437,474,0.9219409282700421
test,combined_stress,1008,SKU-003,service_aware,5,483,543,0.8895027624309392
test,combined_stress,1009,SKU-003,independent,2,304,428,0.7102803738317757
test,combined_stress,1009,SKU-003,independent,3,299,455,0.6571428571428571
test,combined_stress,1009,SKU-003,independent,4,358,474,0.7552742616033755
test,combined_stress,1009,SKU-003,independent,5,389,543,0.716390423572744
test,combined_stress,1009,SKU-003,normal_optimized,2,216,428,0.5046728971962616
test,combined_stress,1009,SKU-003,normal_optimized,3,182,455,0.4
test,combined_stress,1009,SKU-003,normal_optimized,4,227,474,0.47890295358649787
test,combined_stress,1009,SKU-003,normal_optimized,5,287,543,0.5285451197053407
test,combined_stress,1009,SKU-003,service_aware,2,361,428,0.8434579439252337
test,combined_stress,1009,SKU-003,service_aware,3,394,455,0.865934065934066
test,combined_stress,1009,SKU-003,service_aware,4,440,474,0.9282700421940928
test,combined_stress,1009,SKU-003,service_aware,5,496,543,0.9134438305709024
test,combined_stress,1010,SKU-003,independent,2,286,428,0.6682242990654206
test,combined_stress,1010,SKU-003,independent,3,301,455,0.6615384615384615
test,combined_stress,1010,SKU-003,independent,4,351,474,0.740506329113924
test,combined_stress,1010,SKU-003,independent,5,412,543,0.7587476979742173
test,combined_stress,1010,SKU-003,normal_optimized,2,201,428,0.4696261682242991
test,combined_stress,1010,SKU-003,normal_optimized,3,182,455,0.4
test,combined_stress,1010,SKU-003,normal_optimized,4,252,474,0.5316455696202531
test,combined_stress,1010,SKU-003,normal_optimized,5,257,543,0.4732965009208103
test,combined_stress,1010,SKU-003,service_aware,2,339,428,0.7920560747663551
test,combined_stress,1010,SKU-003,service_aware,3,381,455,0.8373626373626374
test,combined_stress,1010,SKU-003,service_aware,4,432,474,0.9113924050632911
test,combined_stress,1010,SKU-003,service_aware,5,472,543,0.8692449355432781
test,combined_stress,1011,SKU-003,independent,2,296,428,0.6915887850467289
test,combined_stress,1011,SKU-003,independent,3,310,455,0.6813186813186813
test,combined_stress,1011,SKU-003,independent,4,361,474,0.7616033755274262
test,combined_stress,1011,SKU-003,independent,5,419,543,0.7716390423572744
test,combined_stress,1011,SKU-003,normal_optimized,2,217,428,0.5070093457943925
test,combined_stress,1011,SKU-003,normal_optimized,3,210,455,0.46153846153846156
test,combined_stress,1011,SKU-003,normal_optimized,4,251,474,0.5295358649789029
test,combined_stress,1011,SKU-003,normal_optimized,5,265,543,0.4880294659300184
test,combined_stress,1011,SKU-003,service_aware,2,344,428,0.8037383177570093
test,combined_stress,1011,SKU-003,service_aware,3,386,455,0.8483516483516483
test,combined_stress,1011,SKU-003,service_aware,4,417,474,0.879746835443038
test,combined_stress,1011,SKU-003,service_aware,5,469,543,0.8637200736648251
test,combined_stress,1012,SKU-003,independent,2,305,428,0.7126168224299065
test,combined_stress,1012,SKU-003,independent,3,304,455,0.6681318681318681
test,combined_stress,1012,SKU-003,independent,4,355,474,0.7489451476793249
test,combined_stress,1012,SKU-003,independent,5,404,543,0.7440147329650092
test,combined_stress,1012,SKU-003,normal_optimized,2,190,428,0.4439252336448598
test,combined_stress,1012,SKU-003,normal_optimized,3,180,455,0.3956043956043956
test,combined_stress,1012,SKU-003,normal_optimized,4,219,474,0.4620253164556962
test,combined_stress,1012,SKU-003,normal_optimized,5,264,543,0.4861878453038674
test,combined_stress,1012,SKU-003,service_aware,2,352,428,0.822429906542056
test,combined_stress,1012,SKU-003,service_aware,3,389,455,0.8549450549450549
test,combined_stress,1012,SKU-003,service_aware,4,429,474,0.9050632911392406
test,combined_stress,1012,SKU-003,service_aware,5,493,543,0.9079189686924494
