split,scenario,seed,sku,policy,holding_cost,shortage_cost,demand_units,immediate_units,shortage_units,backlog_unit_days,inventory_unit_days,cost_per_day,fill_rate,mean_on_hand,measured_days
validation,normal,1001,SKU-001,independent,34946.450000000004,0.0,7044,7044,0,0,57456,194.14694444444447,1.0,319.2,180
validation,normal,1001,SKU-001,normal_optimized,12893.849999999997,10584.0,7044,6521,523,588,20192,130.4325,0.9257524134014764,112.17777777777778,180
validation,normal,1001,SKU-001,service_aware,50075.44999999999,0.0,7044,7044,0,0,71676,278.1969444444444,1.0,398.2,180
validation,normal,1002,SKU-001,independent,34583.7,216.0,7044,7032,12,12,56410,193.33166666666665,0.9982964224872232,313.3888888888889,180
validation,normal,1002,SKU-001,normal_optimized,12519.399999999996,10260.0,7044,6557,487,570,19153,126.55222222222218,0.9308631459398069,106.40555555555555,180
validation,normal,1002,SKU-001,service_aware,49699.80000000003,0.0,7044,7044,0,0,70618,276.1100000000002,1.0,392.3222222222222,180
validation,normal,1003,SKU-001,independent,34513.049999999996,90.0,7044,7039,5,5,56678,192.23916666666665,0.999290176036343,314.8777777777778,180
validation,normal,1003,SKU-001,normal_optimized,12664.300000000001,10980.0,7044,6516,528,610,19507,131.35722222222225,0.9250425894378195,108.37222222222222,180
validation,normal,1003,SKU-001,service_aware,49637.04999999999,0.0,7044,7044,0,0,70893,275.7613888888888,1.0,393.85,180
validation,normal,1004,SKU-001,independent,34638.25000000002,108.0,7044,7038,6,6,56439,193.03472222222234,0.9991482112436116,313.55,180
validation,normal,1004,SKU-001,normal_optimized,12689.400000000003,11628.0,7044,6512,532,646,19301,135.09666666666666,0.9244747302668939,107.22777777777777,180
validation,normal,1004,SKU-001,service_aware,49760.34999999998,0.0,7044,7044,0,0,70653,276.44638888888875,1.0,392.51666666666665,180
validation,normal,1005,SKU-001,independent,34938.200000000004,0.0,7044,7044,0,0,57269,194.10111111111112,1.0,318.1611111111111,180
validation,normal,1005,SKU-001,normal_optimized,12910.650000000001,9540.0,7044,6555,489,530,20012,124.72583333333334,0.9305792163543442,111.17777777777778,180
validation,normal,1005,SKU-001,service_aware,50067.19999999998,0.0,7044,7044,0,0,71489,278.151111111111,1.0,397.1611111111111,180
validation,normal,1006,SKU-001,independent,34973.650000000016,90.0,7044,7039,5,5,57554,194.79805555555564,0.999290176036343,319.74444444444447,180
validation,normal,1006,SKU-001,normal_optimized,12997.55,10494.0,7044,6534,510,583,20345,130.5086111111111,0.9275979557069847,113.02777777777777,180
validation,normal,1006,SKU-001,service_aware,50097.64999999998,0.0,7044,7044,0,0,71769,278.3202777777777,1.0,398.71666666666664,180
validation,normal,1007,SKU-001,independent,34357.200000000004,0.0,7044,7044,0,0,56772,190.87333333333336,1.0,315.4,180
validation,normal,1007,SKU-001,normal_optimized,12370.14999999999,12240.0,7044,6444,600,680,19648,136.7230555555555,0.9148211243611585,109.15555555555555,180
validation,normal,1007,SKU-001,service_aware,49486.200000000026,0.0,7044,7044,0,0,70992,274.92333333333346,1.0,394.4,180
validation,normal,1008,SKU-001,independent,34713.549999999996,306.0,7044,7027,17,17,57311,194.55305555555555,0.9975865985235661,318.39444444444445,180
validation,normal,1008,SKU-001,normal_optimized,12886.300000000003,12150.0,7044,6454,590,675,20118,139.09055555555557,0.9162407722884724,111.76666666666667,180
validation,normal,1008,SKU-001,service_aware,49823.64999999997,0.0,7044,7044,0,0,71514,276.7980555555554,1.0,397.3,180
validation,normal,1009,SKU-001,independent,34656.799999999996,144.0,7044,7036,8,8,56764,193.33777777777775,0.9988642816581488,315.35555555555555,180
validation,normal,1009,SKU-001,normal_optimized,12711.899999999998,11232.0,7044,6478,566,624,19530,133.02166666666665,0.9196479273140261,108.5,180
validation,normal,1009,SKU-001,service_aware,49776.6,0.0,7044,7044,0,0,70976,276.53666666666663,1.0,394.31111111111113,180
validation,normal,1010,SKU-001,independent,34545.700000000004,162.0,7044,7035,9,9,56724,192.8205555555556,0.9987223168654173,315.1333333333333,180
validation,normal,1010,SKU-001,normal_optimized,12595.449999999999,11016.0,7044,6498,546,612,19568,131.17472222222221,0.9224872231686542,108.71111111111111,180
validation,normal,1010,SKU-001,service_aware,49665.100000000006,0.0,7044,7044,0,0,70935,275.9172222222223,1.0,394.0833333333333,180
validation,normal,1011,SKU-001,independent,34720.84999999999,36.0,7044,7042,2,2,57116,193.09361111111107,0.9997160704145373,317.31111111111113,180
validation,normal,1011,SKU-001,normal_optimized,12688.100000000002,11196.0,7044,6493,551,622,19802,132.68944444444446,0.9217773992049971,110.0111111111111,180
validation,normal,1011,SKU-001,service_aware,49847.55000000001,0.0,7044,7044,0,0,71334,276.9308333333334,1.0,396.3,180
validation,normal,1012,SKU-001,independent,34681.70000000001,162.0,7044,7035,9,9,56968,193.57611111111117,0.9987223168654173,316.4888888888889,180
validation,normal,1012,SKU-001,normal_optimized,12756.000000000011,13320.0,7044,6440,604,740,19824,144.86666666666673,0.9142532651902329,110.13333333333334,180
validation,normal,1012,SKU-001,service_aware,49801.199999999975,0.0,7044,7044,0,0,71179,276.6733333333332,1.0,395.43888888888887,180
validation,demand_spike,1001,SKU-001,independent,31355.749999999996,6300.0,8223,7910,313,350,51158,209.19861111111112,0.9619360330779521,284.2111111111111,180
validation,demand_spike,1001,SKU-001,normal_optimized,10595.300000000003,65574.0,8223,6023,2200,3643,16617,423.1627777777778,0.7324577404840082,92.31666666666666,180
validation,demand_spike,1001,SKU-001,service_aware,46154.249999999985,738.0,8223,8182,41,41,65069,260.51249999999993,0.9950139851635657,361.49444444444447,180
validation,demand_spike,1002,SKU-001,independent,31057.049999999992,7614.0,8223,7900,323,423,50298,214.8391666666666,0.9607199318983339,279.43333333333334,180
validation,demand_spike,1002,SKU-001,normal_optimized,10206.549999999996,67428.0,8223,6052,2171,3746,15481,431.3030555555555,0.7359844339049009,86.00555555555556,180
validation,demand_spike,1002,SKU-001,service_aware,45840.85000000003,1728.0,8223,8133,90,96,64191,264.271388888889,0.9890550893834367,356.6166666666667,180
validation,demand_spike,1003,SKU-001,independent,31059.600000000006,5400.0,8223,7947,276,300,50560,202.55333333333337,0.9664356074425392,280.8888888888889,180
validation,demand_spike,1003,SKU-001,normal_optimized,10417.55,60696.0,8223,6062,2161,3372,15990,395.0752777777778,0.737200535084519,88.83333333333333,180
validation,demand_spike,1003,SKU-001,service_aware,45895.84999999999,270.0,8223,8208,15,15,64495,256.47694444444437,0.9981758482305728,358.30555555555554,180
validation,demand_spike,1004,SKU-001,independent,31203.850000000017,6534.0,8223,7916,307,363,50446,209.65472222222235,0.962665693785723,280.25555555555553,180
validation,demand_spike,1004,SKU-001,normal_optimized,10456.95,63792.0,8223,6111,2112,3544,15772,412.4941666666667,0.743159430864648,87.62222222222222,180
validation,demand_spike,1004,SKU-001,service_aware,45972.39999999997,396.0,8223,8201,22,22,64325,257.60222222222205,0.99732457740484,357.3611111111111,180
validation,demand_spike,1005,SKU-001,independent,31543.65000000002,6192.0,8223,7911,312,344,51309,209.64250000000013,0.9620576431959139,285.05,180
validation,demand_spike,1005,SKU-001,normal_optimized,10679.599999999999,56970.0,8223,6232,1991,3165,16419,375.83111111111117,0.7578742551380275,91.21666666666667,180
validation,demand_spike,1005,SKU-001,service_aware,46356.450000000004,738.0,8223,8182,41,41,65226,261.6358333333334,0.9950139851635657,362.3666666666667,180
validation,demand_spike,1006,SKU-001,independent,31590.800000000003,5346.0,8223,7950,273,297,51690,205.20444444444445,0.9668004377964247,287.1666666666667,180
validation,demand_spike,1006,SKU-001,normal_optimized,10867.550000000003,56322.0,8223,6242,1981,3129,16789,373.2752777777778,0.7590903563176457,93.27222222222223,180
validation,demand_spike,1006,SKU-001,service_aware,46434.99999999999,450.0,8223,8198,25,25,65638,260.4722222222222,0.9969597470509547,364.65555555555557,180
validation,demand_spike,1007,SKU-001,independent,30782.80000000001,7902.0,8223,7872,351,439,50688,214.9155555555556,0.9573148485954032,281.6,180
validation,demand_spike,1007,SKU-001,normal_optimized,10282.35,70632.0,8223,5998,2225,3924,16274,449.5241666666667,0.7294174875349629,90.41111111111111,180
validation,demand_spike,1007,SKU-001,service_aware,45543.649999999994,1548.0,8223,8154,69,86,64555,261.62027777777774,0.9916089018606348,358.6388888888889,180
validation,demand_spike,1008,SKU-001,independent,31302.70000000001,7128.0,8223,7864,359,396,51196,213.50388888888895,0.9563419676517086,284.4222222222222,180
validation,demand_spike,1008,SKU-001,normal_optimized,10664.850000000002,61956.0,8223,6169,2054,3442,16447,403.4491666666667,0.7502128177064332,91.37222222222222,180
validation,demand_spike,1008,SKU-001,service_aware,46033.199999999975,468.0,8223,8197,26,26,65046,258.33999999999986,0.9968381369329928,361.3666666666667,180
validation,demand_spike,1009,SKU-001,independent,30989.049999999992,4428.0,8223,7993,230,246,50323,196.76138888888883,0.9720296728687827,279.5722222222222,180
validation,demand_spike,1009,SKU-001,normal_optimized,10429.59999999999,70110.0,8223,5932,2291,3895,15982,447.4422222222222,0.7213912197494832,88.78888888888889,180
validation,demand_spike,1009,SKU-001,service_aware,45866.15,126.0,8223,8216,7,7,64304,255.51194444444445,0.9991487291742673,357.24444444444447,180
validation,demand_spike,1010,SKU-001,independent,30914.45,6534.0,8223,7921,302,363,50516,208.04694444444442,0.963273744375532,280.64444444444445,180
validation,demand_spike,1010,SKU-001,normal_optimized,10272.249999999998,72846.0,8223,5948,2275,4047,16035,461.7680555555556,0.7233369816368722,89.08333333333333,180
validation,demand_spike,1010,SKU-001,service_aware,45688.30000000002,396.0,8223,8201,22,22,64395,256.02388888888896,0.99732457740484,357.75,180
validation,demand_spike,1011,SKU-001,independent,31152.450000000004,6354.0,8223,7905,318,353,50984,208.3691666666667,0.961327982488143,283.24444444444447,180
validation,demand_spike,1011,SKU-001,normal_optimized,10560.650000000003,65142.0,8223,6065,2158,3619,16334,420.57027777777785,0.7375653654384045,90.74444444444444,180
validation,demand_spike,1011,SKU-001,service_aware,45938.05000000001,558.0,8223,8192,31,31,64882,258.3113888888889,0.9962300863431838,360.4555555555556,180
validation,demand_spike,1012,SKU-001,independent,31052.75,10944.0,8223,7779,444,608,50802,233.31527777777777,0.9460051076249544,282.23333333333335,180
validation,demand_spike,1012,SKU-001,normal_optimized,10650.150000000005,69966.0,8223,6175,2048,3887,16410,447.86750000000006,0.750942478414204,91.16666666666667,180
validation,demand_spike,1012,SKU-001,service_aware,45694.44999999999,2682.0,8223,8084,139,149,64563,268.7580555555555,0.9830961936033078,358.68333333333334,180
validation,supplier_delay,1001,SKU-001,independent,24410.65,288.0,7044,7028,16,16,28958,137.21472222222224,0.9977285633162976,160.87777777777777,180
validation,supplier_delay,1001,SKU-001,normal_optimized,1633.35,193518.0,7044,2301,4743,10751,1579,1084.1741666666667,0.3266609880749574,8.772222222222222,180
validation,supplier_delay,1001,SKU-001,service_aware,39521.850000000006,0.0,7044,7044,0,0,43162,219.56583333333336,1.0,239.7888888888889,180
validation,supplier_delay,1002,SKU-001,independent,24501.55,1512.0,7044,6984,60,84,28305,144.5197222222222,0.9914821124361158,157.25,180
validation,supplier_delay,1002,SKU-001,normal_optimized,1359.7500000000002,199368.0,7044,2037,5007,11076,1315,1115.1541666666667,0.2891822827938671,7.305555555555555,180
validation,supplier_delay,1002,SKU-001,service_aware,39551.5,162.0,7044,7038,6,9,42450,220.63055555555556,0.9991482112436116,235.83333333333334,180
validation,supplier_delay,1003,SKU-001,independent,24322.700000000015,1692.0,7044,6965,79,94,28457,144.5261111111112,0.9887847813742192,158.09444444444443,180
validation,supplier_delay,1003,SKU-001,normal_optimized,1420.9499999999996,198450.0,7044,2140,4904,11025,1370,1110.3941666666667,0.3038046564452016,7.611111111111111,180
validation,supplier_delay,1003,SKU-001,service_aware,39349.29999999999,0.0,7044,7044,0,0,42583,218.60722222222216,1.0,236.57222222222222,180
validation,supplier_delay,1004,SKU-001,independent,24301.999999999996,1224.0,7044,6986,58,68,28069,141.8111111111111,0.9917660420215787,155.9388888888889,180
validation,supplier_delay,1004,SKU-001,normal_optimized,1227.95,206370.0,7044,2034,5010,11465,1180,1153.3219444444444,0.2887563884156729,6.555555555555555,180
validation,supplier_delay,1004,SKU-001,service_aware,39357.899999999994,0.0,7044,7044,0,0,42221,218.65499999999997,1.0,234.5611111111111,180
validation,supplier_delay,1005,SKU-001,independent,25101.05,396.0,7044,7022,22,22,29283,141.65027777777777,0.9968767745599092,162.68333333333334,180
validation,supplier_delay,1005,SKU-001,normal_optimized,1712.2000000000007,182664.0,7044,2366,4678,10148,1710,1024.3122222222223,0.33588869960249856,9.5,180
validation,supplier_delay,1005,SKU-001,service_aware,40205.14999999998,0.0,7044,7044,0,0,43481,223.36194444444433,1.0,241.5611111111111,180
validation,supplier_delay,1006,SKU-001,independent,24826.5,828.0,7044,7001,43,46,29393,142.525,0.9938955139125497,163.29444444444445,180
validation,supplier_delay,1006,SKU-001,normal_optimized,1653.3000000000002,183636.0,7044,2400,4644,10202,1619,1029.385,0.34071550255536626,8.994444444444444,180
validation,supplier_delay,1006,SKU-001,service_aware,39908.200000000004,0.0,7044,7044,0,0,43567,221.71222222222224,1.0,242.0388888888889,180
validation,supplier_delay,1007,SKU-001,independent,23867.00000000001,1800.0,7044,6958,86,100,28493,142.5944444444445,0.9877910278250994,158.29444444444445,180
validation,supplier_delay,1007,SKU-001,normal_optimized,1474.4499999999996,194670.0,7044,2197,4847,10815,1440,1089.691388888889,0.31189664963089153,8.0,180
validation,supplier_delay,1007,SKU-001,service_aware,38899.749999999985,108.0,7044,7038,6,6,42619,216.70972222222215,0.9991482112436116,236.7722222222222,180
validation,supplier_delay,1008,SKU-001,independent,24671.050000000003,756.0,7044,7002,42,42,28970,141.26138888888892,0.9940374787052811,160.94444444444446,180
validation,supplier_delay,1008,SKU-001,normal_optimized,1475.6499999999994,188046.0,7044,2273,4771,10447,1467,1052.8980555555556,0.32268597387847814,8.15,180
validation,supplier_delay,1008,SKU-001,service_aware,39753.15,0.0,7044,7044,0,0,43148,220.85083333333336,1.0,239.7111111111111,180
validation,supplier_delay,1009,SKU-001,independent,24333.25,414.0,7044,7021,23,23,28405,137.48472222222222,0.9967348097671778,157.80555555555554,180
validation,supplier_delay,1009,SKU-001,normal_optimized,1403.8999999999999,192024.0,7044,2151,4893,10668,1355,1074.5994444444443,0.305366269165247,7.527777777777778,180
validation,supplier_delay,1009,SKU-001,service_aware,39436.54999999998,0.0,7044,7044,0,0,42602,219.09194444444435,1.0,236.67777777777778,180
validation,supplier_delay,1010,SKU-001,independent,24084.15000000001,1152.0,7044,6984,60,64,28402,140.20083333333338,0.9914821124361158,157.7888888888889,180
validation,supplier_delay,1010,SKU-001,normal_optimized,1173.4500000000003,200700.0,7044,2048,4996,11150,1143,1121.5191666666667,0.29074389551391255,6.35,180
validation,supplier_delay,1010,SKU-001,service_aware,39143.79999999998,0.0,7044,7044,0,0,42558,217.46555555555545,1.0,236.43333333333334,180
validation,supplier_delay,1011,SKU-001,independent,24546.249999999996,972.0,7044,6992,52,54,28705,141.76805555555555,0.9926178307779671,159.47222222222223,180
validation,supplier_delay,1011,SKU-001,normal_optimized,1091.3500000000001,189054.0,7044,2100,4944,10503,1063,1056.3630555555555,0.2981260647359455,5.905555555555556,180
validation,supplier_delay,1011,SKU-001,service_aware,39617.05,0.0,7044,7044,0,0,42871,220.09472222222223,1.0,238.17222222222222,180
validation,supplier_delay,1012,SKU-001,independent,24281.099999999988,1944.0,7044,6944,100,108,28766,145.69499999999994,0.9858035207268597,159.8111111111111,180
validation,supplier_delay,1012,SKU-001,normal_optimized,1469.1500000000008,188262.0,7044,2479,4565,10459,1401,1054.0619444444444,0.3519307211811471,7.783333333333333,180
validation,supplier_delay,1012,SKU-001,service_aware,39297.049999999996,54.0,7044,7041,3,3,42881,218.6169444444444,0.9995741056218058,238.2277777777778,180
validation,combined_stress,1001,SKU-001,independent,19164.650000000012,93888.0,8223,6045,2178,5216,22714,628.0702777777778,0.7351331630791682,126.18888888888888,180
validation,combined_stress,1001,SKU-001,normal_optimized,1316.0000000000002,392544.0,8223,1828,6395,21808,1283,2188.1111111111113,0.22230329563419676,7.127777777777778,180
validation,combined_stress,1001,SKU-001,service_aware,31768.699999999997,51156.0,8223,6777,1446,2842,34560,460.69277777777774,0.8241517694272164,192.0,180
validation,combined_stress,1002,SKU-001,independent,19278.19999999999,89514.0,8223,6131,2092,4973,22118,604.401111111111,0.7455916332238842,122.87777777777778,180
validation,combined_stress,1002,SKU-001,normal_optimized,1130.7,392742.0,8223,1539,6684,21819,1100,2188.181666666667,0.1871579715432324,6.111111111111111,180
validation,combined_stress,1002,SKU-001,service_aware,31971.350000000013,48384.0,8223,6811,1412,2688,34053,446.41861111111115,0.828286513437918,189.18333333333334,180
validation,combined_stress,1003,SKU-001,independent,19021.650000000005,90774.0,8223,6043,2180,5043,22097,609.9758333333334,0.7348899428432446,122.7611111111111,180
validation,combined_stress,1003,SKU-001,normal_optimized,1140.2500000000002,395316.0,8223,1678,6545,21962,1104,2202.534722222222,0.2040617779399246,6.133333333333334,180
validation,combined_stress,1003,SKU-001,service_aware,31576.600000000006,47358.0,8223,6811,1412,2631,33905,438.52555555555557,0.828286513437918,188.36111111111111,180
validation,combined_stress,1004,SKU-001,independent,18973.79999999999,90900.0,8223,6115,2108,5050,21690,610.41,0.7436458713364952,120.5,180
validation,combined_stress,1004,SKU-001,normal_optimized,889.8000000000001,400662.0,8223,1526,6697,22259,858,2230.8433333333332,0.1855770400097288,4.766666666666667,180
validation,combined_stress,1004,SKU-001,service_aware,31628.249999999978,48870.0,8223,6821,1402,2715,33575,447.21249999999986,0.8295026146175362,186.52777777777777,180
validation,combined_stress,1005,SKU-001,independent,19796.9,78246.0,8223,6246,1977,4347,22862,544.6827777777778,0.7595767967894929,127.0111111111111,180
validation,combined_stress,1005,SKU-001,normal_optimized,1245.7500000000007,370260.0,8223,1752,6471,20570,1245,2063.920833333333,0.21306092666909887,6.916666666666667,180
validation,combined_stress,1005,SKU-001,service_aware,32584.39999999999,38772.0,8223,6960,1263,2154,34889,396.4244444444444,0.8464064210142284,193.82777777777778,180
validation,combined_stress,1006,SKU-001,independent,19522.200000000008,82242.0,8223,6273,1950,4569,22874,565.3566666666667,0.7628602699744619,127.07777777777778,180
validation,combined_stress,1006,SKU-001,normal_optimized,1176.8999999999999,371952.0,8223,1794,6429,20664,1147,2072.9383333333335,0.21816855162349508,6.372222222222222,180
validation,combined_stress,1006,SKU-001,service_aware,32291.7,42462.0,8223,6960,1263,2359,34884,415.2983333333333,0.8464064210142284,193.8,180
validation,combined_stress,1007,SKU-001,independent,18973.25,96228.0,8223,6063,2160,5346,22434,640.0069444444445,0.7373221452024808,124.63333333333334,180
validation,combined_stress,1007,SKU-001,normal_optimized,1159.05,391176.0,8223,1712,6511,21732,1149,2179.639166666667,0.2081965219506263,6.383333333333334,180
validation,combined_stress,1007,SKU-001,service_aware,31667.89999999999,55008.0,8223,6770,1453,3056,34364,481.53277777777777,0.8233004986014837,190.9111111111111,180
validation,combined_stress,1008,SKU-001,independent,19522.949999999997,89370.0,8223,6082,2141,4965,22768,604.9608333333333,0.7396327374437554,126.4888888888889,180
validation,combined_stress,1008,SKU-001,normal_optimized,1062.9,376920.0,8223,1763,6460,20940,1069,2099.905,0.21439863796667882,5.938888888888889,180
validation,combined_stress,1008,SKU-001,service_aware,32159.549999999992,47448.0,8223,6793,1430,2636,34659,442.2641666666666,0.8260975313146054,192.55,180
validation,combined_stress,1009,SKU-001,independent,19059.050000000003,96048.0,8223,5980,2243,5336,22214,639.4836111111111,0.7272285054116503,123.41111111111111,180
validation,combined_stress,1009,SKU-001,normal_optimized,1060.45,391590.0,8223,1679,6544,21755,1023,2181.3913888888887,0.2041833880578864,5.683333333333334,180
validation,combined_stress,1009,SKU-001,service_aware,31447.949999999986,49806.0,8223,6732,1491,2767,33865,451.41083333333324,0.8186793141189347,188.13888888888889,180
validation,combined_stress,1010,SKU-001,independent,19186.050000000007,102618.0,8223,6052,2171,5701,22421,676.6891666666667,0.7359844339049009,124.56111111111112,180
validation,combined_stress,1010,SKU-001,normal_optimized,858.3,406098.0,8223,1608,6615,22561,822,2260.8683333333333,0.19554906968259758,4.566666666666666,180
validation,combined_stress,1010,SKU-001,service_aware,31690.750000000007,58356.0,8223,6715,1508,3242,34182,500.2597222222222,0.8166119421135839,189.9,180
validation,combined_stress,1011,SKU-001,independent,19281.249999999993,96318.0,8223,6049,2174,5351,22412,642.2180555555556,0.7356196035510154,124.5111111111111,180
validation,combined_stress,1011,SKU-001,normal_optimized,839.3999999999999,386712.0,8223,1661,6562,21484,822,2153.0633333333335,0.20199440593457377,4.566666666666666,180
validation,combined_stress,1011,SKU-001,service_aware,31797.850000000002,52290.0,8223,6792,1431,2905,34186,467.15472222222223,0.8259759211966435,189.92222222222222,180
validation,combined_stress,1012,SKU-001,independent,19429.499999999996,99828.0,8223,6126,2097,5546,22738,662.5416666666666,0.7449835826340752,126.32222222222222,180
validation,combined_stress,1012,SKU-001,normal_optimized,1100.6499999999996,386406.0,8223,1974,6249,21467,1053,2152.8147222222224,0.24005837285662168,5.85,180
validation,combined_stress,1012,SKU-001,service_aware,32090.49999999999,58032.0,8223,6743,1480,3224,34636,500.6805555555555,0.8200170254165147,192.42222222222222,180
test,normal,1001,SKU-001,independent,33281.9,918.0,7460,7411,49,51,54612,189.99944444444446,0.9934316353887399,303.4,180
test,normal,1001,SKU-001,normal_optimized,11391.3,15462.0,7460,6730,730,859,17525,149.185,0.9021447721179625,97.36111111111111,180
test,normal,1001,SKU-001,service_aware,48356.600000000006,0.0,7460,7460,0,0,68781,268.64777777777783,1.0,382.1166666666667,180
test,normal,1002,SKU-001,independent,33362.24999999999,126.0,7460,7453,7,7,54443,186.0458333333333,0.9990616621983914,302.4611111111111,180
test,normal,1002,SKU-001,normal_optimized,11483.899999999996,12168.0,7460,6846,614,676,17349,131.3994444444444,0.9176943699731903,96.38333333333334,180
test,normal,1002,SKU-001,service_aware,48483.25000000002,0.0,7460,7460,0,0,68656,269.351388888889,1.0,381.4222222222222,180
test,normal,1003,SKU-001,independent,33451.09999999998,288.0,7460,7444,16,16,54746,187.43944444444432,0.9978552278820375,304.14444444444445,180
test,normal,1003,SKU-001,normal_optimized,11736.549999999992,13752.0,7460,6755,705,764,17723,141.6030555555555,0.9054959785522788,98.46111111111111,180
test,normal,1003,SKU-001,service_aware,48563.30000000004,0.0,7460,7460,0,0,68950,269.7961111111113,1.0,383.05555555555554,180
test,normal,1004,SKU-001,independent,33393.65,810.0,7460,7417,43,45,54229,190.02027777777778,0.9942359249329759,301.27222222222224,180
test,normal,1004,SKU-001,normal_optimized,11402.750000000004,15786.0,7460,6727,733,877,17140,151.04861111111114,0.9017426273458445,95.22222222222223,180
test,normal,1004,SKU-001,service_aware,48474.54999999999,0.0,7460,7460,0,0,68404,269.3030555555555,1.0,380.02222222222224,180
test,normal,1005,SKU-001,independent,33977.40000000001,36.0,7460,7458,2,2,55508,188.9633333333334,0.9997319034852546,308.3777777777778,180
test,normal,1005,SKU-001,normal_optimized,11941.599999999997,13320.0,7460,6796,664,740,18447,140.3422222222222,0.9109919571045576,102.48333333333333,180
test,normal,1005,SKU-001,service_aware,49104.4,0.0,7460,7460,0,0,69726,272.8022222222222,1.0,387.3666666666667,180
test,normal,1006,SKU-001,independent,33653.799999999996,198.0,7460,7449,11,11,55274,188.06555555555553,0.9985254691689008,307.0777777777778,180
test,normal,1006,SKU-001,normal_optimized,11790.599999999995,13248.0,7460,6760,700,736,18232,139.1033333333333,0.9061662198391421,101.28888888888889,180
test,normal,1006,SKU-001,service_aware,48771.60000000004,0.0,7460,7460,0,0,69483,270.95333333333355,1.0,386.01666666666665,180
test,normal,1007,SKU-001,independent,32873.74999999999,108.0,7460,7454,6,6,54260,183.2319444444444,0.999195710455764,301.44444444444446,180
test,normal,1007,SKU-001,normal_optimized,10976.849999999999,12834.0,7460,6794,666,713,17247,132.2825,0.9107238605898124,95.81666666666666,180
test,normal,1007,SKU-001,service_aware,47996.75,0.0,7460,7460,0,0,68474,266.6486111111111,1.0,380.4111111111111,180
test,normal,1008,SKU-001,independent,33666.70000000001,324.0,7460,7444,16,18,55442,188.8372222222223,0.9978552278820375,308.0111111111111,180
test,normal,1008,SKU-001,normal_optimized,11809.25,13968.0,7460,6773,687,776,18372,143.20694444444445,0.9079088471849865,102.06666666666666,180
test,normal,1008,SKU-001,service_aware,48776.95000000001,0.0,7460,7460,0,0,69644,270.9830555555556,1.0,386.9111111111111,180
test,normal,1009,SKU-001,independent,33285.649999999994,162.0,7460,7451,9,9,54262,185.82027777777773,0.9987935656836461,301.4555555555556,180
test,normal,1009,SKU-001,normal_optimized,11337.100000000002,16074.0,7460,6669,791,893,17288,152.2838888888889,0.8939678284182305,96.04444444444445,180
test,normal,1009,SKU-001,service_aware,48405.2,0.0,7460,7460,0,0,68473,268.91777777777776,1.0,380.40555555555557,180
test,normal,1010,SKU-001,independent,33109.2,504.0,7460,7434,26,28,54516,186.73999999999998,0.996514745308311,302.8666666666667,180
test,normal,1010,SKU-001,normal_optimized,11341.899999999994,15102.0,7460,6745,715,839,17553,146.91055555555553,0.9041554959785523,97.51666666666667,180
test,normal,1010,SKU-001,service_aware,48208.849999999984,0.0,7460,7460,0,0,68708,267.82694444444434,1.0,381.7111111111111,180
test,normal,1011,SKU-001,independent,33394.39999999999,468.0,7460,7434,26,26,55307,188.12444444444438,0.996514745308311,307.2611111111111,180
test,normal,1011,SKU-001,normal_optimized,11770.5,14796.0,7460,6759,701,822,18377,147.59166666666667,0.9060321715817694,102.09444444444445,180
test,normal,1011,SKU-001,service_aware,48495.45000000002,0.0,7460,7460,0,0,69501,269.4191666666668,1.0,386.1166666666667,180
test,normal,1012,SKU-001,independent,33157.49999999999,306.0,7460,7443,17,17,54366,185.9083333333333,0.9977211796246649,302.03333333333336,180
test,normal,1012,SKU-001,normal_optimized,11345.449999999993,16650.0,7460,6639,821,925,17452,155.53027777777774,0.8899463806970509,96.95555555555555,180
test,normal,1012,SKU-001,service_aware,48268.00000000001,0.0,7460,7460,0,0,68569,268.1555555555556,1.0,380.93888888888887,180
test,demand_spike,1001,SKU-001,independent,29617.650000000005,6984.0,8683,8342,341,388,48103,203.34250000000006,0.9607278590348958,267.2388888888889,180
test,demand_spike,1001,SKU-001,normal_optimized,9098.799999999997,78246.0,8683,6031,2652,4347,14144,485.2488888888889,0.6945756075089254,78.57777777777778,180
test,demand_spike,1001,SKU-001,service_aware,44390.100000000006,1134.0,8683,8620,63,63,61998,252.9116666666667,0.9927444431648048,344.43333333333334,180
test,demand_spike,1002,SKU-001,independent,29792.89999999999,5562.0,8683,8405,278,309,48118,196.4161111111111,0.967983415870091,267.3222222222222,180
test,demand_spike,1002,SKU-001,normal_optimized,9211.4,69390.0,8683,6159,2524,3855,13794,436.6744444444444,0.7093170563169412,76.63333333333334,180
test,demand_spike,1002,SKU-001,service_aware,44621.85000000003,558.0,8683,8652,31,31,62060,250.9991666666668,0.9964298053668087,344.77777777777777,180
test,demand_spike,1003,SKU-001,independent,29989.099999999984,6444.0,8683,8333,350,358,48505,202.40611111111102,0.9596913509155822,269.47222222222223,180
test,demand_spike,1003,SKU-001,normal_optimized,9496.549999999997,68382.0,8683,6265,2418,3799,14213,432.6586111111111,0.7215248186110791,78.96111111111111,180
test,demand_spike,1003,SKU-001,service_aware,44759.500000000044,342.0,8683,8664,19,19,62386,250.56388888888912,0.9978118161925602,346.5888888888889,180
test,demand_spike,1004,SKU-001,independent,29786.550000000007,8172.0,8683,8306,377,454,47893,210.88083333333336,0.9565818265576413,266.0722222222222,180
test,demand_spike,1004,SKU-001,normal_optimized,9188.2,74214.0,8683,6234,2449,4123,13737,463.34555555555556,0.7179546239778878,76.31666666666666,180
test,demand_spike,1004,SKU-001,service_aware,44537.05,1764.0,8683,8590,93,98,61757,257.22805555555556,0.9892894161004261,343.09444444444443,180
test,demand_spike,1005,SKU-001,independent,30450.649999999998,6192.0,8683,8377,306,344,49304,203.57027777777773,0.9647587239433375,273.9111111111111,180
test,demand_spike,1005,SKU-001,normal_optimized,9692.2,63702.0,8683,6395,2288,3539,14881,407.74555555555554,0.73649660255672,82.67222222222222,180
test,demand_spike,1005,SKU-001,service_aware,45243.75,486.0,8683,8656,27,27,63207,254.05416666666667,0.9968904756420592,351.15,180
test,demand_spike,1006,SKU-001,independent,30223.14999999999,5238.0,8683,8414,269,291,49180,197.00638888888886,0.9690199239894046,273.22222222222223,180
test,demand_spike,1006,SKU-001,normal_optimized,9457.099999999999,60732.0,8683,6389,2294,3374,14516,389.93944444444446,0.7358055971438443,80.64444444444445,180
test,demand_spike,1006,SKU-001,service_aware,45092.150000000016,882.0,8683,8634,49,49,63158,255.41194444444454,0.9943567891281815,350.8777777777778,180
test,demand_spike,1007,SKU-001,independent,29191.95,5400.0,8683,8388,295,300,47739,192.17749999999998,0.9660255672002764,265.21666666666664,180
test,demand_spike,1007,SKU-001,normal_optimized,8747.499999999998,74520.0,8683,6128,2555,4140,13850,462.59722222222223,0.7057468616837499,76.94444444444444,180
test,demand_spike,1007,SKU-001,service_aware,44018.200000000004,180.0,8683,8673,10,10,61669,245.54555555555558,0.9988483243118738,342.60555555555555,180
test,demand_spike,1008,SKU-001,independent,30146.150000000012,3816.0,8683,8475,208,212,49041,188.67861111111117,0.9760451456869745,272.45,180
test,demand_spike,1008,SKU-001,normal_optimized,9197.249999999998,69516.0,8683,6179,2504,3862,14541,437.29583333333335,0.7116204076931936,80.78333333333333,180
test,demand_spike,1008,SKU-001,service_aware,45061.55000000002,288.0,8683,8667,16,16,63065,251.94194444444454,0.9981573188989981,350.3611111111111,180
test,demand_spike,1009,SKU-001,independent,29489.599999999995,8586.0,8683,8255,428,477,47631,211.53111111111107,0.9507082805481977,264.6166666666667,180
test,demand_spike,1009,SKU-001,normal_optimized,9165.849999999999,81954.0,8683,6130,2553,4553,14008,506.2213888888889,0.705977196821375,77.82222222222222,180
test,demand_spike,1009,SKU-001,service_aware,44203.8,1602.0,8683,8595,88,89,61463,254.4766666666667,0.9898652539444892,341.4611111111111,180
test,demand_spike,1010,SKU-001,independent,29302.35,8370.0,8683,8275,408,465,47868,209.29083333333332,0.95301163192445,265.93333333333334,180
test,demand_spike,1010,SKU-001,normal_optimized,9225.100000000002,90234.0,8683,6021,2662,5013,14447,552.5505555555555,0.6934239318207993,80.2611111111111,180
test,demand_spike,1010,SKU-001,service_aware,43992.64999999997,954.0,8683,8631,52,53,61676,249.70361111111094,0.9940112864217436,342.64444444444445,180
test,demand_spike,1011,SKU-001,independent,29893.099999999995,7452.0,8683,8342,341,414,49199,207.47277777777774,0.9607278590348958,273.3277777777778,180
test,demand_spike,1011,SKU-001,normal_optimized,9625.800000000001,63342.0,8683,6362,2321,3519,14873,405.37666666666667,0.7326960727859035,82.62777777777778,180
test,demand_spike,1011,SKU-001,service_aware,44660.800000000025,1404.0,8683,8606,77,78,63083,255.9155555555557,0.991132097201428,350.4611111111111,180
test,demand_spike,1012,SKU-001,independent,29482.999999999993,8892.0,8683,8264,419,494,47908,213.1944444444444,0.9517447886675112,266.15555555555557,180
test,demand_spike,1012,SKU-001,normal_optimized,9177.599999999997,80406.0,8683,6062,2621,4467,14223,497.6866666666666,0.6981458021421167,79.01666666666667,180
test,demand_spike,1012,SKU-001,service_aware,44155.000000000015,1278.0,8683,8622,61,71,61705,252.40555555555562,0.9929747783024301,342.80555555555554,180
test,supplier_delay,1001,SKU-001,independent,21945.75000000001,3456.0,7460,7295,165,192,24812,141.1208333333334,0.9778820375335121,137.84444444444443,180
test,supplier_delay,1001,SKU-001,normal_optimized,727.5999999999998,245340.0,7460,1646,5814,13630,700,1367.0422222222223,0.22064343163538874,3.888888888888889,180
test,supplier_delay,1001,SKU-001,service_aware,36872.04999999999,36.0,7460,7458,2,2,38842,205.04472222222216,0.9997319034852546,215.7888888888889,180
test,supplier_delay,1002,SKU-001,independent,22370.55000000002,1764.0,7460,7376,84,98,24913,134.08083333333346,0.9887399463806971,138.40555555555557,180
test,supplier_delay,1002,SKU-001,normal_optimized,656.5499999999998,245214.0,7460,1496,5964,13623,638,1365.9475,0.2005361930294906,3.5444444444444443,180
test,supplier_delay,1002,SKU-001,service_aware,37404.69999999999,180.0,7460,7450,10,10,39045,208.80388888888882,0.9986595174262735,216.91666666666666,180
test,supplier_delay,1003,SKU-001,independent,22259.64999999999,1836.0,7460,7375,85,102,24753,133.86472222222216,0.9886058981233244,137.51666666666668,180
test,supplier_delay,1003,SKU-001,normal_optimized,606.75,251478.0,7460,1363,6097,13971,578,1400.4708333333333,0.1827077747989276,3.2111111111111112,180
test,supplier_delay,1003,SKU-001,service_aware,37276.5,0.0,7460,7460,0,0,38871,207.09166666666667,1.0,215.95,180
test,supplier_delay,1004,SKU-001,independent,22093.4,2700.0,7460,7333,127,150,24441,137.7411111111111,0.9829758713136729,135.78333333333333,180
test,supplier_delay,1004,SKU-001,normal_optimized,693.3499999999999,262008.0,7460,1493,5967,14556,667,1459.4519444444443,0.20013404825737266,3.7055555555555557,180
test,supplier_delay,1004,SKU-001,service_aware,37068.84999999999,108.0,7460,7454,6,6,38517,206.5380555555555,0.999195710455764,213.98333333333332,180
test,supplier_delay,1005,SKU-001,independent,23016.949999999997,3276.0,7460,7335,125,182,26176,146.07194444444443,0.9832439678284183,145.42222222222222,180
test,supplier_delay,1005,SKU-001,normal_optimized,996.7999999999998,225612.0,7460,1888,5572,12534,971,1258.9377777777777,0.25308310991957106,5.394444444444445,180
test,supplier_delay,1005,SKU-001,service_aware,37986.450000000004,594.0,7460,7431,29,33,40247,214.33583333333337,0.996112600536193,223.59444444444443,180
test,supplier_delay,1006,SKU-001,independent,22665.850000000002,2034.0,7460,7369,91,113,25563,137.2213888888889,0.9878016085790885,142.01666666666668,180
test,supplier_delay,1006,SKU-001,normal_optimized,707.65,232650.0,7460,1638,5822,12925,685,1296.431388888889,0.2195710455764075,3.8055555555555554,180
test,supplier_delay,1006,SKU-001,service_aware,37673.75000000002,36.0,7460,7458,2,2,39672,209.49861111111125,0.9997319034852546,220.4,180
test,supplier_delay,1007,SKU-001,independent,21993.199999999997,1980.0,7460,7362,98,110,24799,133.18444444444444,0.9868632707774799,137.7722222222222,180
test,supplier_delay,1007,SKU-001,normal_optimized,682.1999999999998,243252.0,7460,1471,5989,13514,660,1355.19,0.19718498659517425,3.6666666666666665,180
test,supplier_delay,1007,SKU-001,service_aware,37005.05,0.0,7460,7460,0,0,38909,205.58361111111114,1.0,216.1611111111111,180
test,supplier_delay,1008,SKU-001,independent,22822.550000000007,2106.0,7460,7362,98,117,25748,138.49194444444447,0.9868632707774799,143.04444444444445,180
test,supplier_delay,1008,SKU-001,normal_optimized,872.8500000000003,235494.0,7460,1688,5772,13083,846,1313.1491666666666,0.2262734584450402,4.7,180
test,supplier_delay,1008,SKU-001,service_aware,37828.85000000002,72.0,7460,7456,4,4,39855,210.56027777777788,0.9994638069705094,221.41666666666666,180
test,supplier_delay,1009,SKU-001,independent,21955.549999999985,2826.0,7460,7327,133,157,24766,137.6752777777777,0.982171581769437,137.5888888888889,180
test,supplier_delay,1009,SKU-001,normal_optimized,731.65,252450.0,7460,1574,5886,14025,707,1406.5647222222221,0.21099195710455765,3.9277777777777776,180
test,supplier_delay,1009,SKU-001,service_aware,36915.14999999999,54.0,7460,7457,3,3,38832,205.3841666666666,0.999597855227882,215.73333333333332,180
test,supplier_delay,1010,SKU-001,independent,21657.799999999992,2916.0,7460,7322,138,162,24647,136.52111111111105,0.9815013404825738,136.92777777777778,180
test,supplier_delay,1010,SKU-001,normal_optimized,687.25,256788.0,7460,1588,5872,14266,658,1430.4180555555556,0.21286863270777479,3.6555555555555554,180
test,supplier_delay,1010,SKU-001,service_aware,36612.95,72.0,7460,7456,4,4,38709,203.80527777777777,0.9994638069705094,215.05,180
test,supplier_delay,1011,SKU-001,independent,22596.25000000001,1296.0,7460,7391,69,72,25702,132.73472222222227,0.9907506702412868,142.7888888888889,180
test,supplier_delay,1011,SKU-001,normal_optimized,735.5000000000001,231822.0,7460,1587,5873,12879,713,1291.986111111111,0.21273458445040214,3.9611111111111112,180
test,supplier_delay,1011,SKU-001,service_aware,37646.19999999999,0.0,7460,7460,0,0,39850,209.1455555555555,1.0,221.38888888888889,180
test,supplier_delay,1012,SKU-001,independent,21640.54999999998,4140.0,7460,7272,188,230,24547,143.22527777777768,0.974798927613941,136.37222222222223,180
test,supplier_delay,1012,SKU-001,normal_optimized,834.15,248580.0,7460,1711,5749,13810,800,1385.6341666666667,0.22935656836461127,4.444444444444445,180
test,supplier_delay,1012,SKU-001,service_aware,36527.04999999998,72.0,7460,7456,4,4,38541,203.32805555555544,0.9994638069705094,214.11666666666667,180
test,combined_stress,1001,SKU-001,independent,16569.600000000002,100494.0,8683,6211,2472,5583,18937,650.3533333333334,0.7153057698951976,105.20555555555555,180
test,combined_stress,1001,SKU-001,normal_optimized,644.3,456120.0,8683,1262,7421,25340,618,2537.5794444444446,0.14534147184152943,3.433333333333333,180
test,combined_stress,1001,SKU-001,service_aware,28683.249999999996,49752.0,8683,7215,1468,2764,30338,435.75138888888887,0.8309340089830703,168.54444444444445,180
test,combined_stress,1002,SKU-001,independent,16710.95,95220.0,8683,6152,2531,5290,18692,621.838611111111,0.7085108833352528,103.84444444444445,180
test,combined_stress,1002,SKU-001,normal_optimized,571.75,452268.0,8683,1155,7528,25126,558,2515.776388888889,0.13301854197857882,3.1,180
test,combined_stress,1002,SKU-001,service_aware,28820.84999999998,44370.0,8683,7206,1477,2465,30087,406.6158333333332,0.8298975008637568,167.15,180
test,combined_stress,1003,SKU-001,independent,16705.349999999995,102078.0,8683,6086,2597,5671,18592,659.9074999999999,0.7009098237936198,103.28888888888889,180
test,combined_stress,1003,SKU-001,normal_optimized,474.7,460512.0,8683,1077,7606,25584,453,2561.037222222222,0.12403547161119428,2.5166666666666666,180
test,combined_stress,1003,SKU-001,service_aware,28735.2,49932.0,8683,7076,1607,2774,29915,437.03999999999996,0.8149257169181159,166.19444444444446,180
test,combined_stress,1004,SKU-001,independent,16811.6,107802.0,8683,6190,2493,5989,18487,692.2977777777778,0.7128872509501324,102.70555555555555,180
test,combined_stress,1004,SKU-001,normal_optimized,479.49999999999994,464670.0,8683,1135,7548,25815,461,2584.163888888889,0.1307151906023264,2.561111111111111,180
test,combined_stress,1004,SKU-001,service_aware,28870.950000000008,56088.0,8683,7032,1651,3116,29834,471.99416666666673,0.8098583438903605,165.74444444444444,180
test,combined_stress,1005,SKU-001,independent,17444.249999999996,90054.0,8683,6285,2398,5003,19883,597.2125,0.7238281699873316,110.46111111111111,180
test,combined_stress,1005,SKU-001,normal_optimized,821.0499999999998,426510.0,8683,1416,7267,23695,804,2374.061388888889,0.16307727743867326,4.466666666666667,180
test,combined_stress,1005,SKU-001,service_aware,29701.50000000001,41778.0,8683,7318,1365,2321,31421,397.1083333333334,0.8427962685707705,174.5611111111111,180
test,combined_stress,1006,SKU-001,independent,16962.25000000001,86958.0,8683,6377,2306,4831,19007,577.3347222222224,0.7344235863180928,105.59444444444445,180
test,combined_stress,1006,SKU-001,normal_optimized,481.5999999999999,434034.0,8683,1141,7542,24113,470,2413.9755555555553,0.13140619601520212,2.611111111111111,180
test,combined_stress,1006,SKU-001,service_aware,29415.500000000004,42012.0,8683,7310,1373,2334,30730,396.81944444444446,0.8418749280202695,170.72222222222223,180
test,combined_stress,1007,SKU-001,independent,16760.849999999995,109854.0,8683,6073,2610,6103,19067,703.4158333333332,0.6994126453990557,105.92777777777778,180
test,combined_stress,1007,SKU-001,normal_optimized,574.15,452520.0,8683,1185,7498,25140,557,2517.1897222222224,0.13647356904295752,3.0944444444444446,180
test,combined_stress,1007,SKU-001,service_aware,28752.199999999997,56988.0,8683,6878,1805,3166,30350,476.33444444444444,0.7921225382932167,168.61111111111111,180
test,combined_stress,1008,SKU-001,independent,17143.35000000001,101322.0,8683,6111,2572,5629,19557,658.1408333333334,0.7037890130139353,108.65,180
test,combined_stress,1008,SKU-001,normal_optimized,708.6,446130.0,8683,1353,7330,24785,689,2482.4366666666665,0.15582172060347807,3.827777777777778,180
test,combined_stress,1008,SKU-001,service_aware,29318.200000000015,51714.0,8683,6947,1736,2873,31021,450.17888888888893,0.8000691005412875,172.3388888888889,180
test,combined_stress,1009,SKU-001,independent,16655.749999999993,113616.0,8683,6108,2575,6312,18858,723.7319444444445,0.7034435103074974,104.76666666666667,180
test,combined_stress,1009,SKU-001,normal_optimized,545.9499999999999,464346.0,8683,1185,7498,25797,530,2582.7330555555554,0.13647356904295752,2.9444444444444446,180
test,combined_stress,1009,SKU-001,service_aware,28625.949999999993,60390.0,8683,7032,1651,3355,30121,494.53305555555556,0.8098583438903605,167.3388888888889,180
test,combined_stress,1010,SKU-001,independent,16608.7,123930.0,8683,6099,2584,6885,18984,780.7705555555556,0.7024070021881839,105.46666666666667,180
test,combined_stress,1010,SKU-001,normal_optimized,582.0999999999999,473796.0,8683,1268,7415,26322,558,2635.4338888888888,0.14603247725440516,3.1,180
test,combined_stress,1010,SKU-001,service_aware,28541.350000000002,70110.0,8683,6880,1803,3895,30214,548.0630555555556,0.7923528734308418,167.85555555555555,180
test,combined_stress,1011,SKU-001,independent,17086.25000000001,96084.0,8683,6178,2505,5338,19381,628.7236111111112,0.711505240124381,107.67222222222222,180
test,combined_stress,1011,SKU-001,normal_optimized,550.8499999999999,430884.0,8683,1239,7444,23938,538,2396.860277777778,0.14269261775883912,2.988888888888889,180
test,combined_stress,1011,SKU-001,service_aware,29201.450000000004,45288.0,8683,7231,1452,2516,30779,413.83027777777784,0.8327766900840723,170.99444444444444,180
test,combined_stress,1012,SKU-001,independent,16613.049999999985,116532.0,8683,6002,2681,6474,18967,739.6947222222221,0.6912357480133594,105.37222222222222,180
test,combined_stress,1012,SKU-001,normal_optimized,665.5,458586.0,8683,1418,7265,25477,638,2551.3972222222224,0.16330761257629853,3.5444444444444443,180
test,combined_stress,1012,SKU-001,service_aware,28516.399999999983,62064.0,8683,6956,1727,3448,30161,503.2244444444443,0.8011056086606012,167.5611111111111,180
validation,normal,1001,SKU-002,independent,37201.89999999998,256.0,4061,4053,8,8,29036,208.09944444444434,0.9980300418616105,161.3111111111111,180
validation,normal,1001,SKU-002,normal_optimized,28291.600000000006,448.0,4061,4047,14,14,16434,159.66444444444448,0.9965525732578183,91.3,180
validation,normal,1001,SKU-002,service_aware,54465.1,0.0,4061,4061,0,0,37128,302.5838888888889,1.0,206.26666666666668,180
validation,normal,1002,SKU-002,independent,37707.200000000004,32.0,4061,4060,1,1,29720,209.66222222222225,0.9997537552327013,165.11111111111111,180
validation,normal,1002,SKU-002,normal_optimized,28880.899999999998,384.0,4061,4050,11,12,17149,162.58277777777778,0.9972913075597144,95.27222222222223,180
validation,normal,1002,SKU-002,service_aware,54985.20000000001,0.0,4061,4061,0,0,37819,305.4733333333334,1.0,210.10555555555555,180
validation,normal,1003,SKU-002,independent,37413.200000000004,128.0,4061,4057,4,4,29206,208.56222222222226,0.9990150209308052,162.25555555555556,180
validation,normal,1003,SKU-002,normal_optimized,28584.800000000007,672.0,4061,4042,19,21,16638,162.53777777777782,0.9953213494213248,92.43333333333334,180
validation,normal,1003,SKU-002,service_aware,54685.000000000015,0.0,4061,4061,0,0,37302,303.80555555555566,1.0,207.23333333333332,180
validation,normal,1004,SKU-002,independent,37251.20000000002,32.0,4061,4060,1,1,29416,207.12888888888898,0.9997537552327013,163.42222222222222,180
validation,normal,1004,SKU-002,normal_optimized,28497.100000000006,288.0,4061,4052,9,9,16797,159.91722222222225,0.9977837970943118,93.31666666666666,180
validation,normal,1004,SKU-002,service_aware,54529.20000000001,0.0,4061,4061,0,0,37515,302.94000000000005,1.0,208.41666666666666,180
validation,normal,1005,SKU-002,independent,37420.000000000015,128.0,4061,4057,4,4,29448,208.60000000000008,0.9990150209308052,163.6,180
validation,normal,1005,SKU-002,normal_optimized,28562.79999999999,416.0,4061,4048,13,13,16861,160.99333333333328,0.9967988180251169,93.67222222222222,180
validation,normal,1005,SKU-002,service_aware,54691.799999999996,0.0,4061,4061,0,0,37544,303.8433333333333,1.0,208.57777777777778,180
validation,normal,1006,SKU-002,independent,37568.900000000016,0.0,4061,4061,0,0,29445,208.7161111111112,1.0,163.58333333333334,180
validation,normal,1006,SKU-002,normal_optimized,28786.700000000008,64.0,4061,4059,2,2,16876,160.28166666666672,0.9995075104654026,93.75555555555556,180
validation,normal,1006,SKU-002,service_aware,54848.899999999994,0.0,4061,4061,0,0,37545,304.7161111111111,1.0,208.58333333333334,180
validation,normal,1007,SKU-002,independent,37760.29999999998,160.0,4061,4056,5,5,29479,210.66833333333324,0.9987687761635066,163.7722222222222,180
validation,normal,1007,SKU-002,normal_optimized,28825.900000000005,384.0,4061,4049,12,12,16904,162.27722222222226,0.9970450627924157,93.91111111111111,180
validation,normal,1007,SKU-002,service_aware,55029.9,0.0,4061,4061,0,0,37574,305.7216666666667,1.0,208.74444444444444,180
validation,normal,1008,SKU-002,independent,37461.4,384.0,4061,4049,12,12,29484,210.25222222222223,0.9970450627924157,163.8,180
validation,normal,1008,SKU-002,normal_optimized,28523.499999999996,1024.0,4061,4033,28,32,16849,164.15277777777777,0.9931051465156365,93.60555555555555,180
validation,normal,1008,SKU-002,service_aware,54717.40000000002,0.0,4061,4061,0,0,37572,303.98555555555566,1.0,208.73333333333332,180
validation,normal,1009,SKU-002,independent,37764.2,352.0,4061,4050,11,11,29792,211.75666666666666,0.9972913075597144,165.51111111111112,180
validation,normal,1009,SKU-002,normal_optimized,29142.1,768.0,4061,4037,24,24,17289,166.16722222222222,0.9940901255848313,96.05,180
validation,normal,1009,SKU-002,service_aware,55021.70000000002,0.0,4061,4061,0,0,37881,305.6761111111112,1.0,210.45,180
validation,normal,1010,SKU-002,independent,37111.69999999998,384.0,4061,4049,12,12,29408,208.30944444444435,0.9970450627924157,163.37777777777777,180
validation,normal,1010,SKU-002,normal_optimized,28171.80000000001,1152.0,4061,4028,33,36,16757,162.91000000000005,0.9918739226791431,93.09444444444445,180
validation,normal,1010,SKU-002,service_aware,54367.499999999985,0.0,4061,4061,0,0,37496,302.0416666666666,1.0,208.3111111111111,180
validation,normal,1011,SKU-002,independent,37150.90000000002,320.0,4061,4051,10,10,29381,208.1716666666668,0.997537552327013,163.2277777777778,180
validation,normal,1011,SKU-002,normal_optimized,28312.99999999999,992.0,4061,4030,31,31,16822,162.8055555555555,0.9923664122137404,93.45555555555555,180
validation,normal,1011,SKU-002,service_aware,54410.3,0.0,4061,4061,0,0,37471,302.27944444444444,1.0,208.17222222222222,180
validation,normal,1012,SKU-002,independent,37236.5,128.0,4061,4057,4,4,29132,207.58055555555555,0.9990150209308052,161.84444444444443,180
validation,normal,1012,SKU-002,normal_optimized,28379.299999999992,1696.0,4061,4015,46,53,16647,167.08499999999995,0.98867274070426,92.48333333333333,180
validation,normal,1012,SKU-002,service_aware,54507.3,0.0,4061,4061,0,0,37228,302.8183333333333,1.0,206.82222222222222,180
validation,demand_spike,1001,SKU-002,independent,32946.0,8704.0,4731,4510,221,272,25398,231.38888888888889,0.953286831536673,141.1,180
validation,demand_spike,1001,SKU-002,normal_optimized,23546.399999999998,33184.0,4731,4118,613,1037,13564,315.16888888888883,0.870429084760093,75.35555555555555,180
validation,demand_spike,1001,SKU-002,service_aware,49750.20000000001,1664.0,4731,4680,51,52,33278,285.6344444444445,0.9892200380469245,184.87777777777777,180
validation,demand_spike,1002,SKU-002,independent,33942.200000000004,3808.0,4731,4612,119,119,26426,209.72333333333336,0.974846755442824,146.8111111111111,180
validation,demand_spike,1002,SKU-002,normal_optimized,24093.7,17664.0,4731,4303,428,552,14176,231.98722222222221,0.9095328683153667,78.75555555555556,180
validation,demand_spike,1002,SKU-002,service_aware,50976.700000000004,256.0,4731,4723,8,8,34415,284.62611111111113,0.9983090255759882,191.19444444444446,180
validation,demand_spike,1003,SKU-002,independent,33256.8,7200.0,4731,4520,211,225,25549,224.76000000000002,0.9554005495666879,141.9388888888889,180
validation,demand_spike,1003,SKU-002,normal_optimized,23416.5,28320.0,4731,4111,620,885,13567,287.425,0.8689494821390826,75.37222222222222,180
validation,demand_spike,1003,SKU-002,service_aware,50072.700000000026,416.0,4731,4718,13,13,33437,280.4927777777779,0.9972521665609808,185.76111111111112,180
validation,demand_spike,1004,SKU-002,independent,33230.4,5792.0,4731,4557,174,181,25958,216.79111111111112,0.9632213062777425,144.2111111111111,180
validation,demand_spike,1004,SKU-002,normal_optimized,23686.7,24352.0,4731,4200,531,761,13875,266.88166666666666,0.8877615726062144,77.08333333333333,180
validation,demand_spike,1004,SKU-002,service_aware,50144.40000000003,320.0,4731,4721,10,10,33887,280.3577777777779,0.9978862819699852,188.26111111111112,180
validation,demand_spike,1005,SKU-002,independent,33684.80000000001,5664.0,4731,4573,158,177,26136,218.6044444444445,0.9666032551257662,145.2,180
validation,demand_spike,1005,SKU-002,normal_optimized,24031.899999999983,19104.0,4731,4322,409,597,14010,239.64388888888877,0.9135489325723949,77.83333333333333,180
validation,demand_spike,1005,SKU-002,service_aware,50616.4,448.0,4731,4717,14,14,34073,283.6911111111111,0.9970407947579792,189.29444444444445,180
validation,demand_spike,1006,SKU-002,independent,33570.2,4064.0,4731,4619,112,127,25942,209.07888888888888,0.9763263580638343,144.12222222222223,180
validation,demand_spike,1006,SKU-002,normal_optimized,23740.300000000007,23104.0,4731,4221,510,722,13829,260.24611111111113,0.8922003804692454,76.82777777777778,180
validation,demand_spike,1006,SKU-002,service_aware,50604.99999999999,480.0,4731,4716,15,15,33930,283.80555555555554,0.9968294229549778,188.5,180
validation,demand_spike,1007,SKU-002,independent,33884.899999999994,6560.0,4731,4555,176,205,26069,224.69388888888886,0.9627985626717396,144.82777777777778,180
validation,demand_spike,1007,SKU-002,normal_optimized,24260.100000000002,20320.0,4731,4302,429,635,13992,247.66722222222225,0.9093214965123653,77.73333333333333,180
validation,demand_spike,1007,SKU-002,service_aware,50774.49999999999,704.0,4731,4709,22,22,33986,285.9916666666666,0.9953498203339675,188.8111111111111,180
validation,demand_spike,1008,SKU-002,independent,33631.399999999994,5344.0,4731,4585,146,167,26058,216.52999999999997,0.969139716761784,144.76666666666668,180
validation,demand_spike,1008,SKU-002,normal_optimized,23819.199999999993,17536.0,4731,4329,402,548,13854,229.7511111111111,0.9150285351934052,76.96666666666667,180
validation,demand_spike,1008,SKU-002,service_aware,50595.200000000004,608.0,4731,4712,19,19,34010,284.46222222222224,0.9959839357429718,188.94444444444446,180
validation,demand_spike,1009,SKU-002,independent,33998.200000000004,5440.0,4731,4576,155,170,26490,219.10111111111112,0.9672373705347707,147.16666666666666,180
validation,demand_spike,1009,SKU-002,normal_optimized,24581.4,19232.0,4731,4292,439,601,14417,243.4077777777778,0.9072077784823505,80.09444444444445,180
validation,demand_spike,1009,SKU-002,service_aware,50927.900000000016,288.0,4731,4722,9,9,34429,284.5327777777779,0.9980976537729866,191.2722222222222,180
validation,demand_spike,1010,SKU-002,independent,33176.69999999999,7840.0,4731,4526,205,245,25974,227.8705555555555,0.9566687803846967,144.3,180
validation,demand_spike,1010,SKU-002,normal_optimized,23255.900000000005,26048.0,4731,4184,547,814,13717,273.9105555555556,0.8843796237581907,76.20555555555555,180
validation,demand_spike,1010,SKU-002,service_aware,50050.79999999999,1728.0,4731,4677,54,54,33883,287.6599999999999,0.9885859226379201,188.23888888888888,180
validation,demand_spike,1011,SKU-002,independent,33018.90000000002,6528.0,4731,4553,178,204,25839,219.70500000000013,0.9623758190657367,143.55,180
validation,demand_spike,1011,SKU-002,normal_optimized,23546.09999999998,27936.0,4731,4184,547,873,13910,286.01166666666654,0.8843796237581907,77.27777777777777,180
validation,demand_spike,1011,SKU-002,service_aware,49881.80000000004,448.0,4731,4718,13,14,33749,279.61000000000024,0.9972521665609808,187.49444444444444,180
validation,demand_spike,1012,SKU-002,independent,33293.99999999999,4416.0,4731,4610,121,138,25713,209.49999999999997,0.9744240118368209,142.85,180
validation,demand_spike,1012,SKU-002,normal_optimized,23620.39999999999,20928.0,4731,4260,471,654,13716,247.49111111111108,0.9004438807863031,76.2,180
validation,demand_spike,1012,SKU-002,service_aware,50298.600000000035,224.0,4731,4724,7,7,33682,280.6811111111113,0.9985203973789897,187.12222222222223,180
validation,supplier_delay,1001,SKU-002,independent,23546.400000000016,4256.0,4061,3945,116,133,12604,154.45777777777786,0.9714356069933514,70.02222222222223,180
validation,supplier_delay,1001,SKU-002,normal_optimized,6032.699999999999,94048.0,4061,2387,1674,2939,2842,556.0038888888889,0.5877862595419847,15.78888888888889,180
validation,supplier_delay,1001,SKU-002,service_aware,40560.6,256.0,4061,4053,8,8,20579,226.7588888888889,0.9980300418616105,114.32777777777778,180
validation,supplier_delay,1002,SKU-002,independent,23790.500000000007,7840.0,4061,3898,163,245,13084,175.72500000000005,0.9598621029303127,72.68888888888888,180
validation,supplier_delay,1002,SKU-002,normal_optimized,6783.000000000004,99488.0,4061,2481,1580,3109,3209,590.3944444444444,0.6109332676680621,17.82777777777778,180
validation,supplier_delay,1002,SKU-002,service_aware,40594.09999999999,768.0,4061,4044,17,24,20963,229.7894444444444,0.9958138389559222,116.46111111111111,180
validation,supplier_delay,1003,SKU-002,independent,23951.99999999999,2656.0,4061,3984,77,83,12888,147.82222222222217,0.9810391529180005,71.6,180
validation,supplier_delay,1003,SKU-002,normal_optimized,6267.7000000000035,90304.0,4061,2388,1673,2822,2977,536.5094444444444,0.5880325043092834,16.538888888888888,180
validation,supplier_delay,1003,SKU-002,service_aware,41055.89999999999,0.0,4061,4061,0,0,20905,228.08833333333325,1.0,116.13888888888889,180
validation,supplier_delay,1004,SKU-002,independent,23682.70000000001,4352.0,4061,3935,126,136,12869,155.7483333333334,0.9689731593203644,71.49444444444444,180
validation,supplier_delay,1004,SKU-002,normal_optimized,6058.4,94304.0,4061,2429,1632,2947,2884,557.5688888888889,0.5981285397685299,16.022222222222222,180
validation,supplier_delay,1004,SKU-002,service_aware,40667.99999999999,0.0,4061,4061,0,0,20833,225.93333333333328,1.0,115.7388888888889,180
validation,supplier_delay,1005,SKU-002,independent,24405.199999999986,3840.0,4061,3961,100,120,13196,156.9177777777777,0.9753755232701306,73.31111111111112,180
validation,supplier_delay,1005,SKU-002,normal_optimized,6640.2000000000035,83936.0,4061,2517,1544,2623,3138,503.2011111111111,0.6197980792908151,17.433333333333334,180
validation,supplier_delay,1005,SKU-002,service_aware,41443.000000000044,224.0,4061,4054,7,7,21183,231.48333333333358,0.9982762866289091,117.68333333333334,180
validation,supplier_delay,1006,SKU-002,independent,24382.4,2144.0,4061,3998,63,67,13244,147.3688888888889,0.9844865796601823,73.57777777777778,180
validation,supplier_delay,1006,SKU-002,normal_optimized,6912.900000000001,86464.0,4061,2561,1500,2702,3288,518.7605555555555,0.6306328490519576,18.266666666666666,180
validation,supplier_delay,1006,SKU-002,service_aware,41518.9,0.0,4061,4061,0,0,21277,230.66055555555556,1.0,118.20555555555555,180
validation,supplier_delay,1007,SKU-002,independent,24486.399999999994,6112.0,4061,3912,149,191,13235,169.99111111111108,0.9633095296724945,73.52777777777777,180
validation,supplier_delay,1007,SKU-002,normal_optimized,6715.900000000003,89824.0,4061,2527,1534,2807,3177,536.3327777777778,0.6222605269638021,17.65,180
validation,supplier_delay,1007,SKU-002,service_aware,41374.8,192.0,4061,4055,6,6,21150,230.92666666666668,0.9985225313962078,117.5,180
validation,supplier_delay,1008,SKU-002,independent,24487.0,4320.0,4061,3957,104,135,13314,160.0388888888889,0.9743905442009357,73.96666666666667,180
validation,supplier_delay,1008,SKU-002,normal_optimized,7072.500000000001,83072.0,4061,2599,1462,2596,3345,500.8027777777778,0.639990150209308,18.583333333333332,180
validation,supplier_delay,1008,SKU-002,service_aware,41481.59999999998,32.0,4061,4060,1,1,21280,230.63111111111098,0.9997537552327013,118.22222222222223,180
validation,supplier_delay,1009,SKU-002,independent,24660.3,4832.0,4061,3950,111,151,13519,163.8461111111111,0.9726668308298448,75.10555555555555,180
validation,supplier_delay,1009,SKU-002,normal_optimized,7336.000000000002,84064.0,4061,2573,1488,2627,3466,507.77777777777777,0.6335877862595419,19.255555555555556,180
validation,supplier_delay,1009,SKU-002,service_aware,41654.399999999994,544.0,4061,4051,10,17,21485,234.4355555555555,0.997537552327013,119.36111111111111,180
validation,supplier_delay,1010,SKU-002,independent,24038.2,4960.0,4061,3934,127,155,13172,161.10111111111112,0.9687269145530657,73.17777777777778,180
validation,supplier_delay,1010,SKU-002,normal_optimized,6743.000000000001,85984.0,4061,2558,1503,2687,3206,515.15,0.6298941147500615,17.81111111111111,180
validation,supplier_delay,1010,SKU-002,service_aware,40993.90000000001,128.0,4061,4057,4,4,21121,228.45500000000004,0.9990150209308052,117.33888888888889,180
validation,supplier_delay,1011,SKU-002,independent,24122.999999999993,4160.0,4061,3954,107,130,13316,157.12777777777774,0.9736518098990397,73.97777777777777,180
validation,supplier_delay,1011,SKU-002,normal_optimized,6829.3,87520.0,4061,2546,1515,2735,3230,524.1627777777778,0.6269391775424772,17.944444444444443,180
validation,supplier_delay,1011,SKU-002,service_aware,41144.59999999998,224.0,4061,4054,7,7,21293,229.82555555555544,0.9982762866289091,118.29444444444445,180
validation,supplier_delay,1012,SKU-002,independent,24049.699999999993,7392.0,4061,3886,175,231,13088,174.67611111111108,0.9569071657227284,72.71111111111111,180
validation,supplier_delay,1012,SKU-002,normal_optimized,6646.8,93696.0,4061,2555,1506,2928,3143,557.46,0.6291553804481654,17.461111111111112,180
validation,supplier_delay,1012,SKU-002,service_aware,40891.3,896.0,4061,4033,28,28,20985,232.15166666666667,0.9931051465156365,116.58333333333333,180
validation,combined_stress,1001,SKU-002,independent,17544.000000000007,112448.0,4731,3308,1423,3514,9388,722.1777777777778,0.6992179243288945,52.15555555555556,180
validation,combined_stress,1001,SKU-002,normal_optimized,4648.499999999999,285600.0,4731,1773,2958,8925,2187,1612.4916666666666,0.37476220672162336,12.15,180
validation,combined_stress,1001,SKU-002,service_aware,31208.00000000001,58304.0,4731,3817,914,1822,15796,497.28888888888895,0.8068061720566476,87.75555555555556,180
validation,combined_stress,1002,SKU-002,independent,17368.4,97056.0,4731,3321,1410,3033,9518,635.6911111111111,0.7019657577679138,52.87777777777778,180
validation,combined_stress,1002,SKU-002,normal_optimized,4920.4,269824.0,4731,1816,2915,8432,2320,1526.357777777778,0.383851194250687,12.88888888888889,180
validation,combined_stress,1002,SKU-002,service_aware,31164.5,45152.0,4731,3963,768,1411,15996,423.98055555555555,0.8376664552948636,88.86666666666666,180
validation,combined_stress,1003,SKU-002,independent,17628.0,104320.0,4731,3319,1412,3260,9541,677.4888888888889,0.7015430141619108,53.00555555555555,180
validation,combined_stress,1003,SKU-002,normal_optimized,4804.200000000001,271712.0,4731,1804,2927,8491,2280,1536.2011111111112,0.3813147326146692,12.666666666666666,180
validation,combined_stress,1003,SKU-002,service_aware,31399.000000000007,52032.0,4731,3874,857,1626,16007,463.50555555555553,0.818854364827732,88.92777777777778,180
validation,combined_stress,1004,SKU-002,independent,17738.5,106432.0,4731,3322,1409,3326,9630,689.8361111111111,0.7021771295709153,53.5,180
validation,combined_stress,1004,SKU-002,normal_optimized,4367.700000000001,271328.0,4731,1861,2870,8479,2060,1531.6427777777778,0.3933629253857535,11.444444444444445,180
validation,combined_stress,1004,SKU-002,service_aware,31519.80000000001,54432.0,4731,3838,893,1701,16105,477.5100000000001,0.8112449799196787,89.47222222222223,180
validation,combined_stress,1005,SKU-002,independent,17981.4,93408.0,4731,3363,1368,2919,9753,618.8299999999999,0.7108433734939759,54.18333333333333,180
validation,combined_stress,1005,SKU-002,normal_optimized,4614.6,251328.0,4731,1876,2855,7854,2176,1421.9033333333334,0.39653350243077573,12.088888888888889,180
validation,combined_stress,1005,SKU-002,service_aware,31987.399999999994,44672.0,4731,3910,821,1396,16330,425.8855555555555,0.8264637497357853,90.72222222222223,180
validation,combined_stress,1006,SKU-002,independent,17775.3,88224.0,4731,3487,1244,2757,9665,588.885,0.7370534770661594,53.69444444444444,180
validation,combined_stress,1006,SKU-002,normal_optimized,4816.400000000001,255040.0,4731,1873,2858,7970,2287,1443.6466666666665,0.3958993870217713,12.705555555555556,180
validation,combined_stress,1006,SKU-002,service_aware,31965.69999999999,42336.0,4731,3996,735,1323,16331,412.7872222222221,0.8446417247939125,90.72777777777777,180
validation,combined_stress,1007,SKU-002,independent,17877.199999999993,87904.0,4731,3363,1368,2747,9620,587.6733333333333,0.7108433734939759,53.44444444444444,180
validation,combined_stress,1007,SKU-002,normal_optimized,4593.4000000000015,256576.0,4731,1864,2867,8018,2168,1450.941111111111,0.393997040794758,12.044444444444444,180
validation,combined_stress,1007,SKU-002,service_aware,31778.39999999999,37472.0,4731,3979,752,1171,16144,384.72444444444443,0.8410484041428873,89.68888888888888,180
validation,combined_stress,1008,SKU-002,independent,17959.899999999998,90336.0,4731,3400,1331,2823,9750,601.6438888888889,0.7186641302050306,54.166666666666664,180
validation,combined_stress,1008,SKU-002,normal_optimized,5105.700000000002,249504.0,4731,1893,2838,7797,2413,1414.4983333333334,0.40012682308180086,13.405555555555555,180
validation,combined_stress,1008,SKU-002,service_aware,31949.399999999994,41280.0,4731,4003,728,1290,16317,406.83,0.8461213274149229,90.65,180
validation,combined_stress,1009,SKU-002,independent,18482.300000000003,89312.0,4731,3458,1273,2791,10031,598.8572222222223,0.7309236947791165,55.727777777777774,180
validation,combined_stress,1009,SKU-002,normal_optimized,5153.900000000001,251200.0,4731,1941,2790,7850,2417,1424.1883333333333,0.4102726696258719,13.427777777777777,180
validation,combined_stress,1009,SKU-002,service_aware,32669.799999999996,43424.0,4731,4040,691,1357,16697,422.7433333333333,0.8539420841259776,92.7611111111111,180
validation,combined_stress,1010,SKU-002,independent,17526.499999999996,90944.0,4731,3395,1336,2842,9618,602.6138888888889,0.7176072711900232,53.43333333333333,180
validation,combined_stress,1010,SKU-002,normal_optimized,4939.0,259200.0,4731,1867,2864,8100,2349,1467.4388888888889,0.39463115620376243,13.05,180
validation,combined_stress,1010,SKU-002,service_aware,31565.600000000002,42688.0,4731,3994,737,1334,16210,412.52000000000004,0.8442189811879095,90.05555555555556,180
validation,combined_stress,1011,SKU-002,independent,17719.899999999998,97632.0,4731,3345,1386,3051,9867,640.8438888888888,0.7070386810399493,54.81666666666667,180
validation,combined_stress,1011,SKU-002,normal_optimized,5191.200000000001,262528.0,4731,1878,2853,8204,2438,1487.328888888889,0.3969562460367787,13.544444444444444,180
validation,combined_stress,1011,SKU-002,service_aware,31505.9,45728.0,4731,3946,785,1429,16345,429.0772222222222,0.8340731346438385,90.80555555555556,180
validation,combined_stress,1012,SKU-002,independent,17496.3,87328.0,4731,3435,1296,2729,9456,582.3572222222223,0.7260621433100825,52.53333333333333,180
validation,combined_stress,1012,SKU-002,normal_optimized,4492.599999999999,256288.0,4731,1869,2862,8009,2123,1448.7811111111112,0.39505389980976535,11.794444444444444,180
validation,combined_stress,1012,SKU-002,service_aware,31493.500000000004,38432.0,4731,4036,695,1201,16028,388.475,0.8530965969139717,89.04444444444445,180
test,normal,1001,SKU-002,independent,37022.10000000003,704.0,4122,4100,22,22,28862,209.5894444444446,0.9946627850557982,160.34444444444443,180
test,normal,1001,SKU-002,normal_optimized,27914.099999999995,2272.0,4122,4070,52,71,16265,167.70055555555552,0.987384764677341,90.36111111111111,180
test,normal,1001,SKU-002,service_aware,54256.40000000002,0.0,4122,4122,0,0,36940,301.4244444444446,1.0,205.22222222222223,180
test,normal,1002,SKU-002,independent,37288.2,640.0,4122,4102,20,20,29400,210.7122222222222,0.995147986414362,163.33333333333334,180
test,normal,1002,SKU-002,normal_optimized,28417.09999999999,1984.0,4122,4067,55,62,16836,168.89499999999995,0.9866569626394954,93.53333333333333,180
test,normal,1002,SKU-002,service_aware,54524.599999999955,0.0,4122,4122,0,0,37480,302.9144444444442,1.0,208.22222222222223,180
test,normal,1003,SKU-002,independent,36778.90000000002,992.0,4122,4095,27,31,28747,209.83833333333345,0.9934497816593887,159.70555555555555,180
test,normal,1003,SKU-002,normal_optimized,27551.2,2208.0,4122,4061,61,69,16208,165.32888888888888,0.985201358563804,90.04444444444445,180
test,normal,1003,SKU-002,service_aware,53998.60000000003,32.0,4122,4121,1,1,36817,300.17000000000013,0.999757399320718,204.5388888888889,180
test,normal,1004,SKU-002,independent,36734.10000000002,1120.0,4122,4088,34,35,29012,210.30055555555566,0.9917515769044153,161.17777777777778,180
test,normal,1004,SKU-002,normal_optimized,27762.699999999986,1216.0,4122,4085,37,38,16444,160.9927777777777,0.9910237748665697,91.35555555555555,180
test,normal,1004,SKU-002,service_aware,53943.300000000025,32.0,4122,4121,1,1,37078,299.8627777777779,0.999757399320718,205.98888888888888,180
test,normal,1005,SKU-002,independent,37084.60000000001,544.0,4122,4105,17,17,29186,209.04777777777784,0.9958757884522077,162.14444444444445,180
test,normal,1005,SKU-002,normal_optimized,28234.8,1472.0,4122,4084,38,46,16664,165.03777777777776,0.9907811741872877,92.57777777777778,180
test,normal,1005,SKU-002,service_aware,54328.89999999997,0.0,4122,4122,0,0,37269,301.8272222222221,1.0,207.05,180
test,normal,1006,SKU-002,independent,36938.89999999999,928.0,4122,4094,28,29,28824,210.37166666666658,0.9932071809801067,160.13333333333333,180
test,normal,1006,SKU-002,normal_optimized,27548.2,2112.0,4122,4060,62,66,16160,164.7788888888889,0.984958757884522,89.77777777777777,180
test,normal,1006,SKU-002,service_aware,54161.09999999998,32.0,4122,4121,1,1,36896,301.0727777777777,0.999757399320718,204.9777777777778,180
test,normal,1007,SKU-002,independent,37423.30000000002,160.0,4122,4117,5,5,29037,208.7961111111112,0.9987869966035905,161.31666666666666,180
test,normal,1007,SKU-002,normal_optimized,28239.19999999999,1376.0,4122,4084,38,43,16469,164.52888888888884,0.9907811741872877,91.49444444444444,180
test,normal,1007,SKU-002,service_aware,54691.80000000002,0.0,4122,4122,0,0,37132,303.8433333333334,1.0,206.2888888888889,180
test,normal,1008,SKU-002,independent,37440.200000000004,96.0,4122,4119,3,3,29232,208.53444444444446,0.9992721979621543,162.4,180
test,normal,1008,SKU-002,normal_optimized,28419.300000000003,896.0,4122,4097,25,28,16684,162.8627777777778,0.9939349830179525,92.68888888888888,180
test,normal,1008,SKU-002,service_aware,54713.89999999998,0.0,4122,4122,0,0,37329,303.966111111111,1.0,207.38333333333333,180
test,normal,1009,SKU-002,independent,37529.09999999999,896.0,4122,4095,27,28,29525,213.47277777777774,0.9934497816593887,164.02777777777777,180
test,normal,1009,SKU-002,normal_optimized,28621.600000000006,1376.0,4122,4081,41,43,16991,166.65333333333336,0.990053372149442,94.39444444444445,180
test,normal,1009,SKU-002,service_aware,54754.5,32.0,4122,4121,1,1,37598,304.36944444444447,0.999757399320718,208.87777777777777,180
test,normal,1010,SKU-002,independent,36634.2,320.0,4122,4112,10,10,28894,205.30111111111108,0.997573993207181,160.5222222222222,180
test,normal,1010,SKU-002,normal_optimized,27464.39999999999,1312.0,4122,4085,37,41,16250,159.86888888888885,0.9910237748665697,90.27777777777777,180
test,normal,1010,SKU-002,service_aware,53893.299999999996,0.0,4122,4122,0,0,36984,299.4072222222222,1.0,205.46666666666667,180
test,normal,1011,SKU-002,independent,36928.5,576.0,4122,4104,18,18,29131,208.35833333333332,0.9956331877729258,161.8388888888889,180
test,normal,1011,SKU-002,normal_optimized,28140.500000000015,1952.0,4122,4067,55,61,16676,167.18055555555563,0.9866569626394954,92.64444444444445,180
test,normal,1011,SKU-002,service_aware,54170.70000000004,0.0,4122,4122,0,0,37213,300.94833333333355,1.0,206.73888888888888,180
test,normal,1012,SKU-002,independent,36959.00000000001,1088.0,4122,4092,30,34,28958,211.37222222222226,0.992721979621543,160.87777777777777,180
test,normal,1012,SKU-002,normal_optimized,27808.50000000002,2848.0,4122,4037,85,89,16413,170.31388888888898,0.9793789422610383,91.18333333333334,180
test,normal,1012,SKU-002,service_aware,54172.99999999998,32.0,4122,4121,1,1,37025,301.13888888888874,0.999757399320718,205.69444444444446,180
test,demand_spike,1001,SKU-002,independent,32721.700000000015,18592.0,4825,4441,384,581,25287,285.0761111111112,0.9204145077720207,140.48333333333332,180
test,demand_spike,1001,SKU-002,normal_optimized,23522.699999999997,48288.0,4825,4009,816,1509,13625,398.9483333333333,0.830880829015544,75.69444444444444,180
test,demand_spike,1001,SKU-002,service_aware,49152.80000000002,5984.0,4825,4712,113,187,32993,306.31555555555565,0.976580310880829,183.29444444444445,180
test,demand_spike,1002,SKU-002,independent,33512.20000000002,8736.0,4825,4598,227,273,26096,234.71222222222232,0.9529533678756477,144.9777777777778,180
test,demand_spike,1002,SKU-002,normal_optimized,23722.499999999985,30176.0,4825,4186,639,943,13916,299.436111111111,0.8675647668393782,77.31111111111112,180
test,demand_spike,1002,SKU-002,service_aware,50323.799999999996,1664.0,4825,4779,46,52,33975,288.82111111111107,0.9904663212435233,188.75,180
test,demand_spike,1003,SKU-002,independent,32327.299999999992,10816.0,4825,4536,289,338,24993,239.68499999999995,0.9401036269430052,138.85,180
test,demand_spike,1003,SKU-002,normal_optimized,22710.6,45184.0,4825,3937,888,1412,13383,377.19222222222226,0.815958549222798,74.35,180
test,demand_spike,1003,SKU-002,service_aware,48993.799999999996,1696.0,4825,4780,45,53,32808,281.60999999999996,0.9906735751295337,182.26666666666668,180
test,demand_spike,1004,SKU-002,independent,32603.499999999996,12736.0,4825,4499,326,398,25520,251.88611111111112,0.9324352331606217,141.77777777777777,180
test,demand_spike,1004,SKU-002,normal_optimized,23287.099999999988,43104.0,4825,3994,831,1347,13783,368.8394444444444,0.8277720207253886,76.57222222222222,180
test,demand_spike,1004,SKU-002,service_aware,49207.70000000001,2592.0,4825,4756,69,81,33303,287.77611111111116,0.985699481865285,185.01666666666668,180
test,demand_spike,1005,SKU-002,independent,33165.600000000006,8416.0,4825,4603,222,263,25783,231.00888888888892,0.9539896373056995,143.23888888888888,180
test,demand_spike,1005,SKU-002,normal_optimized,23684.3,29344.0,4825,4226,599,917,13870,294.6016666666667,0.8758549222797928,77.05555555555556,180
test,demand_spike,1005,SKU-002,service_aware,50008.79999999999,1856.0,4825,4773,52,58,33678,288.1377777777777,0.9892227979274612,187.1,180
test,demand_spike,1006,SKU-002,independent,32675.800000000003,11552.0,4825,4528,297,361,25326,245.71,0.9384455958549223,140.7,180
test,demand_spike,1006,SKU-002,normal_optimized,22897.4,39648.0,4825,4103,722,1239,13332,347.47444444444443,0.8503626943005181,74.06666666666666,180
test,demand_spike,1006,SKU-002,service_aware,49327.49999999998,2240.0,4825,4763,62,70,33135,286.486111111111,0.9871502590673575,184.08333333333334,180
test,demand_spike,1007,SKU-002,independent,33316.6,8352.0,4825,4584,241,261,25484,231.4922222222222,0.9500518134715026,141.57777777777778,180
test,demand_spike,1007,SKU-002,normal_optimized,23443.199999999997,32480.0,4825,4153,672,1015,13564,310.6844444444444,0.8607253886010363,75.35555555555555,180
test,demand_spike,1007,SKU-002,service_aware,50156.80000000002,1824.0,4825,4768,57,57,33380,288.78222222222234,0.9881865284974093,185.44444444444446,180
test,demand_spike,1008,SKU-002,independent,33401.500000000015,5888.0,4825,4657,168,184,25761,218.2750000000001,0.965181347150259,143.11666666666667,180
test,demand_spike,1008,SKU-002,normal_optimized,23696.999999999996,25568.0,4825,4288,537,799,13773,273.69444444444446,0.8887046632124352,76.51666666666667,180
test,demand_spike,1008,SKU-002,service_aware,50334.39999999999,576.0,4825,4807,18,18,33695,282.83555555555546,0.9962694300518135,187.19444444444446,180
test,demand_spike,1009,SKU-002,independent,33350.50000000001,11552.0,4825,4536,289,361,26116,249.45833333333337,0.9401036269430052,145.0888888888889,180
test,demand_spike,1009,SKU-002,normal_optimized,24454.70000000001,31136.0,4825,4238,587,973,14300,308.8372222222223,0.8783419689119171,79.44444444444444,180
test,demand_spike,1009,SKU-002,service_aware,49987.20000000001,1984.0,4825,4767,58,62,33917,288.72888888888895,0.987979274611399,188.42777777777778,180
test,demand_spike,1010,SKU-002,independent,32358.50000000002,10464.0,4825,4545,280,327,25321,237.90277777777786,0.9419689119170984,140.67222222222222,180
test,demand_spike,1010,SKU-002,normal_optimized,22938.100000000002,38528.0,4825,4124,701,1204,13484,341.47833333333335,0.8547150259067358,74.91111111111111,180
test,demand_spike,1010,SKU-002,service_aware,49052.69999999999,1696.0,4825,4776,49,53,33147,281.93722222222215,0.9898445595854922,184.15,180
test,demand_spike,1011,SKU-002,independent,32836.49999999999,11328.0,4825,4523,302,354,25632,245.3583333333333,0.9374093264248705,142.4,180
test,demand_spike,1011,SKU-002,normal_optimized,23458.50000000001,36736.0,4825,4114,711,1148,13798,334.41388888888895,0.8526424870466321,76.65555555555555,180
test,demand_spike,1011,SKU-002,service_aware,49524.60000000003,2528.0,4825,4750,75,79,33457,289.18111111111125,0.9844559585492227,185.87222222222223,180
test,demand_spike,1012,SKU-002,independent,33104.400000000016,13024.0,4825,4533,292,407,25696,256.26888888888897,0.9394818652849741,142.75555555555556,180
test,demand_spike,1012,SKU-002,normal_optimized,23646.10000000001,33952.0,4825,4205,620,1061,13705,319.9894444444445,0.8715025906735752,76.13888888888889,180
test,demand_spike,1012,SKU-002,service_aware,49749.399999999965,3360.0,4825,4735,90,105,33494,295.05222222222204,0.9813471502590674,186.07777777777778,180
test,supplier_delay,1001,SKU-002,independent,22898.9,10816.0,4122,3874,248,338,12471,187.305,0.9398350315380883,69.28333333333333,180
test,supplier_delay,1001,SKU-002,normal_optimized,6447.000000000001,111200.0,4122,2347,1775,3475,3030,653.5944444444444,0.5693837942746239,16.833333333333332,180
test,supplier_delay,1001,SKU-002,service_aware,39521.99999999999,864.0,4122,4098,24,27,20260,224.36666666666662,0.9941775836972343,112.55555555555556,180
test,supplier_delay,1002,SKU-002,independent,23598.199999999986,8096.0,4122,3923,199,253,13029,176.0788888888888,0.9517224648229015,72.38333333333334,180
test,supplier_delay,1002,SKU-002,normal_optimized,6717.599999999998,103328.0,4122,2449,1673,3229,3163,611.3644444444444,0.594129063561378,17.572222222222223,180
test,supplier_delay,1002,SKU-002,service_aware,40358.4,544.0,4122,4106,16,17,20893,227.23555555555555,0.9961183891314895,116.07222222222222,180
test,supplier_delay,1003,SKU-002,independent,22866.8,10656.0,4122,3866,256,333,12646,186.2377777777778,0.9378942261038331,70.25555555555556,180
test,supplier_delay,1003,SKU-002,normal_optimized,7460.600000000001,117408.0,4122,2282,1840,3669,3497,693.7144444444444,0.5536147501213003,19.427777777777777,180
test,supplier_delay,1003,SKU-002,service_aware,39467.9,608.0,4122,4104,18,19,20432,222.6438888888889,0.9956331877729258,113.5111111111111,180
test,supplier_delay,1004,SKU-002,independent,22847.3,8096.0,4122,3920,202,253,12528,171.90722222222223,0.9509946627850558,69.6,180
test,supplier_delay,1004,SKU-002,normal_optimized,6666.000000000002,112192.0,4122,2308,1814,3506,3138,660.3222222222222,0.5599223677826298,17.433333333333334,180
test,supplier_delay,1004,SKU-002,service_aware,39607.50000000003,288.0,4122,4113,9,9,20384,221.64166666666682,0.9978165938864629,113.24444444444444,180
test,supplier_delay,1005,SKU-002,independent,23826.999999999996,6176.0,4122,3970,152,193,12937,166.6833333333333,0.9631246967491509,71.87222222222222,180
test,supplier_delay,1005,SKU-002,normal_optimized,6861.200000000001,96736.0,4122,2470,1652,3023,3234,575.54,0.5992236778262979,17.966666666666665,180
test,supplier_delay,1005,SKU-002,service_aware,40720.80000000002,352.0,4122,4111,11,11,20855,228.18222222222232,0.997331392527899,115.86111111111111,180
test,supplier_delay,1006,SKU-002,independent,23620.299999999996,8384.0,4122,3905,217,262,12791,177.80166666666665,0.9473556525958272,71.06111111111112,180
test,supplier_delay,1006,SKU-002,normal_optimized,7047.199999999998,104736.0,4122,2427,1695,3273,3317,621.0177777777777,0.5887918486171762,18.427777777777777,180
test,supplier_delay,1006,SKU-002,service_aware,40362.199999999975,256.0,4122,4114,8,8,20637,225.65666666666652,0.9980591945657448,114.65,180
test,supplier_delay,1007,SKU-002,independent,23262.100000000006,7744.0,4122,3926,196,242,12671,172.25611111111115,0.9524502668607472,70.39444444444445,180
test,supplier_delay,1007,SKU-002,normal_optimized,6963.699999999997,106752.0,4122,2377,1745,3336,3271,631.7538888888889,0.5766618146530811,18.17222222222222,180
test,supplier_delay,1007,SKU-002,service_aware,40047.200000000004,288.0,4122,4113,9,9,20538,224.08444444444447,0.9978165938864629,114.1,180
test,supplier_delay,1008,SKU-002,independent,23977.200000000004,5536.0,4122,3980,142,173,13059,163.96222222222224,0.9655507035419699,72.55,180
test,supplier_delay,1008,SKU-002,normal_optimized,6898.5999999999985,99456.0,4122,2478,1644,3108,3233,590.8588888888889,0.6011644832605532,17.961111111111112,180
test,supplier_delay,1008,SKU-002,service_aware,40915.200000000004,256.0,4122,4114,8,8,20994,228.72888888888892,0.9980591945657448,116.63333333333334,180
test,supplier_delay,1009,SKU-002,independent,24277.8,6624.0,4122,3953,169,207,13301,171.67666666666668,0.9590004852013586,73.89444444444445,180
test,supplier_delay,1009,SKU-002,normal_optimized,7203.799999999998,101024.0,4122,2448,1674,3157,3422,601.2655555555556,0.5938864628820961,19.011111111111113,180
test,supplier_delay,1009,SKU-002,service_aware,41145.10000000002,352.0,4122,4111,11,11,21205,230.53944444444457,0.997331392527899,117.80555555555556,180
test,supplier_delay,1010,SKU-002,independent,23210.4,7648.0,4122,3939,183,239,12598,171.43555555555557,0.9556040756914119,69.9888888888889,180
test,supplier_delay,1010,SKU-002,normal_optimized,6418.299999999998,102528.0,4122,2426,1696,3204,3017,605.2572222222223,0.5885492479378942,16.761111111111113,180
test,supplier_delay,1010,SKU-002,service_aware,40035.10000000001,672.0,4122,4103,19,21,20480,226.15055555555563,0.9953905870936438,113.77777777777777,180
test,supplier_delay,1011,SKU-002,independent,23878.80000000001,7072.0,4122,3937,185,221,13095,171.94888888888894,0.9551188743328481,72.75,180
test,supplier_delay,1011,SKU-002,normal_optimized,7021.999999999998,99680.0,4122,2460,1662,3115,3305,592.7888888888889,0.5967976710334789,18.36111111111111,180
test,supplier_delay,1011,SKU-002,service_aware,40709.699999999946,352.0,4122,4111,11,11,20985,228.12055555555526,0.997331392527899,116.58333333333333,180
test,supplier_delay,1012,SKU-002,independent,23366.9,8864.0,4122,3910,212,277,12782,179.06055555555557,0.9485686559922368,71.0111111111111,180
test,supplier_delay,1012,SKU-002,normal_optimized,7083.699999999999,100992.0,4122,2493,1629,3156,3331,600.4205555555556,0.6048034934497817,18.505555555555556,180
test,supplier_delay,1012,SKU-002,service_aware,40121.59999999999,896.0,4122,4098,24,28,20633,227.8755555555555,0.9941775836972343,114.62777777777778,180
test,combined_stress,1001,SKU-002,independent,18107.1,148864.0,4825,3220,1605,4652,9860,927.6172222222223,0.6673575129533679,54.77777777777778,180
test,combined_stress,1001,SKU-002,normal_optimized,5207.9,315200.0,4825,1869,2956,9850,2453,1780.0438888888891,0.3873575129533679,13.627777777777778,180
test,combined_stress,1001,SKU-002,service_aware,31568.20000000001,91360.0,4825,3654,1171,2855,16163,682.9344444444445,0.7573056994818653,89.79444444444445,180
test,combined_stress,1002,SKU-002,independent,17992.6,125376.0,4825,3194,1631,3918,9943,796.4922222222223,0.6619689119170984,55.23888888888889,180
test,combined_stress,1002,SKU-002,normal_optimized,5381.099999999999,289664.0,4825,1934,2891,9052,2531,1639.1394444444443,0.40082901554404143,14.061111111111112,180
test,combined_stress,1002,SKU-002,service_aware,31434.2,68032.0,4825,3773,1052,2126,16251,552.59,0.7819689119170985,90.28333333333333,180
test,combined_stress,1003,SKU-002,independent,17814.900000000005,140256.0,4825,3119,1706,4383,9946,878.1716666666666,0.6464248704663212,55.25555555555555,180
test,combined_stress,1003,SKU-002,normal_optimized,6240.400000000001,316096.0,4825,1825,3000,9878,2919,1790.7577777777778,0.37823834196891193,16.216666666666665,180
test,combined_stress,1003,SKU-002,service_aware,31021.200000000004,79264.0,4825,3644,1181,2477,16140,612.6955555555556,0.7552331606217617,89.66666666666667,180
test,combined_stress,1004,SKU-002,independent,17848.899999999994,142272.0,4825,3195,1630,4446,9861,889.5605555555555,0.6621761658031088,54.78333333333333,180
test,combined_stress,1004,SKU-002,normal_optimized,5569.300000000001,315328.0,4825,1882,2943,9854,2619,1782.7627777777777,0.3900518134715026,14.55,180
test,combined_stress,1004,SKU-002,service_aware,31290.699999999993,84832.0,4825,3679,1146,2651,16166,645.1261111111111,0.7624870466321243,89.81111111111112,180
test,combined_stress,1005,SKU-002,independent,18251.299999999996,120448.0,4825,3334,1491,3764,9968,770.5516666666666,0.6909844559585492,55.37777777777778,180
test,combined_stress,1005,SKU-002,normal_optimized,5462.200000000002,284896.0,4825,1875,2950,8903,2579,1613.101111111111,0.38860103626943004,14.327777777777778,180
test,combined_stress,1005,SKU-002,service_aware,32054.099999999988,68160.0,4825,3840,985,2130,16434,556.745,0.7958549222797927,91.3,180
test,combined_stress,1006,SKU-002,independent,18019.1,118880.0,4825,3372,1453,3715,9777,760.5505555555555,0.698860103626943,54.31666666666667,180
test,combined_stress,1006,SKU-002,normal_optimized,5277.800000000001,291520.0,4825,1849,2976,9110,2484,1648.8766666666666,0.3832124352331606,13.8,180
test,combined_stress,1006,SKU-002,service_aware,31931.8,68288.0,4825,3900,925,2134,16296,556.7766666666666,0.8082901554404145,90.53333333333333,180
test,combined_stress,1007,SKU-002,independent,17747.600000000002,128128.0,4825,3199,1626,4004,9747,810.4200000000001,0.6630051813471503,54.15,180
test,combined_stress,1007,SKU-002,normal_optimized,5609.7,297632.0,4825,1883,2942,9301,2638,1684.6761111111111,0.390259067357513,14.655555555555555,180
test,combined_stress,1007,SKU-002,service_aware,31206.500000000015,70592.0,4825,3719,1106,2206,16049,565.5472222222223,0.7707772020725389,89.16111111111111,180
test,combined_stress,1008,SKU-002,independent,18008.699999999986,120416.0,4825,3246,1579,3763,9922,769.026111111111,0.6727461139896374,55.12222222222222,180
test,combined_stress,1008,SKU-002,normal_optimized,5768.499999999996,287200.0,4825,1878,2947,8975,2698,1627.6027777777779,0.3892227979274611,14.988888888888889,180
test,combined_stress,1008,SKU-002,service_aware,31567.5,64544.0,4825,3824,1001,2017,16276,533.9527777777778,0.792538860103627,90.42222222222222,180
test,combined_stress,1009,SKU-002,independent,18722.29999999999,122848.0,4825,3346,1479,3839,10224,786.5016666666666,0.6934715025906736,56.8,180
test,combined_stress,1009,SKU-002,normal_optimized,5649.800000000001,284800.0,4825,1880,2945,8900,2682,1613.61,0.38963730569948185,14.9,180
test,combined_stress,1009,SKU-002,service_aware,32521.79999999999,70720.0,4825,3847,978,2210,16695,573.5655555555555,0.7973056994818652,92.75,180
test,combined_stress,1010,SKU-002,independent,17825.100000000006,132288.0,4825,3251,1574,4134,9755,833.9616666666667,0.6737823834196891,54.19444444444444,180
test,combined_stress,1010,SKU-002,normal_optimized,5292.699999999998,296672.0,4825,1890,2935,9271,2485,1677.5816666666667,0.3917098445595855,13.805555555555555,180
test,combined_stress,1010,SKU-002,service_aware,31394.800000000003,76640.0,4825,3747,1078,2395,16116,600.1933333333334,0.776580310880829,89.53333333333333,180
test,combined_stress,1011,SKU-002,independent,18447.300000000014,126656.0,4825,3254,1571,3958,10200,806.1294444444445,0.6744041450777202,56.666666666666664,180
test,combined_stress,1011,SKU-002,normal_optimized,5656.7,290048.0,4825,1865,2960,9064,2659,1642.8038888888889,0.38652849740932643,14.772222222222222,180
test,combined_stress,1011,SKU-002,service_aware,32047.700000000015,71616.0,4825,3796,1029,2238,16580,575.9094444444445,0.7867357512953368,92.11111111111111,180
test,combined_stress,1012,SKU-002,independent,17784.899999999998,110112.0,4825,3381,1444,3441,9682,710.5383333333333,0.7007253886010363,53.78888888888889,180
test,combined_stress,1012,SKU-002,normal_optimized,5141.2,280512.0,4825,1823,3002,8766,2419,1586.9622222222222,0.3778238341968912,13.438888888888888,180
test,combined_stress,1012,SKU-002,service_aware,31669.100000000002,59104.0,4825,3980,845,1847,16188,504.295,0.8248704663212435,89.93333333333334,180
validation,normal,1001,SKU-003,independent,5767.720000000001,264.0,1638,1618,20,22,13283,33.509555555555565,0.9877899877899878,73.79444444444445,180
validation,normal,1001,SKU-003,normal_optimized,4386.269999999999,528.0,1638,1600,38,44,7737,27.301499999999994,0.9768009768009768,42.983333333333334,180
validation,normal,1001,SKU-003,service_aware,7128.520000000001,264.0,1638,1618,20,22,19223,41.06955555555556,0.9877899877899878,106.79444444444445,180
validation,normal,1002,SKU-003,independent,5670.7699999999995,108.0,1638,1629,9,9,12883,32.104277777777774,0.9945054945054945,71.57222222222222,180
validation,normal,1002,SKU-003,normal_optimized,4262.510000000001,552.0,1638,1600,38,46,7361,26.747277777777786,0.9768009768009768,40.894444444444446,180
validation,normal,1002,SKU-003,service_aware,7033.879999999999,108.0,1638,1629,9,9,18822,39.67711111111111,0.9945054945054945,104.56666666666666,180
validation,normal,1003,SKU-003,independent,5724.564999999998,228.0,1638,1621,17,19,12991,33.06980555555554,0.9896214896214897,72.17222222222222,180
validation,normal,1003,SKU-003,normal_optimized,4288.864999999996,1056.0,1638,1573,65,88,7448,29.69369444444442,0.9603174603174603,41.37777777777778,180
validation,normal,1003,SKU-003,service_aware,7089.845000000005,228.0,1638,1621,17,19,18933,40.65469444444447,0.9896214896214897,105.18333333333334,180
validation,normal,1004,SKU-003,independent,5775.700000000001,192.0,1638,1622,16,16,13025,33.15388888888889,0.9902319902319903,72.36111111111111,180
validation,normal,1004,SKU-003,normal_optimized,4316.305000000001,660.0,1638,1589,49,55,7444,27.646138888888895,0.9700854700854701,41.355555555555554,180
validation,normal,1004,SKU-003,service_aware,7143.710000000003,192.0,1638,1622,16,16,18970,40.75394444444446,0.9902319902319903,105.38888888888889,180
validation,normal,1005,SKU-003,independent,5736.745000000001,216.0,1638,1620,18,18,13087,33.07080555555556,0.989010989010989,72.70555555555555,180
validation,normal,1005,SKU-003,normal_optimized,4305.7350000000015,552.0,1638,1602,36,46,7549,26.987416666666675,0.978021978021978,41.93888888888889,180
validation,normal,1005,SKU-003,service_aware,7099.294999999999,216.0,1638,1620,18,18,19028,40.64052777777777,0.989010989010989,105.71111111111111,180
validation,normal,1006,SKU-003,independent,5703.005000000001,168.0,1638,1626,12,14,13012,32.61669444444445,0.9926739926739927,72.28888888888889,180
validation,normal,1006,SKU-003,normal_optimized,4267.9349999999995,636.0,1638,1602,36,53,7437,27.24408333333333,0.978021978021978,41.31666666666667,180
validation,normal,1006,SKU-003,service_aware,7064.784999999996,168.0,1638,1626,12,14,18952,40.182138888888865,0.9926739926739927,105.28888888888889,180
validation,normal,1007,SKU-003,independent,5750.394999999999,348.0,1638,1615,23,29,13028,33.879972222222214,0.985958485958486,72.37777777777778,180
validation,normal,1007,SKU-003,normal_optimized,4337.935000000001,624.0,1638,1598,40,52,7438,27.566305555555562,0.9755799755799756,41.32222222222222,180
validation,normal,1007,SKU-003,service_aware,7111.1950000000015,348.0,1638,1615,23,29,18968,41.43997222222223,0.985958485958486,105.37777777777778,180
validation,normal,1008,SKU-003,independent,5748.995000000002,228.0,1638,1623,15,19,13086,33.20552777777779,0.9908424908424909,72.7,180
validation,normal,1008,SKU-003,normal_optimized,4324.145000000002,636.0,1638,1596,42,53,7535,27.556361111111123,0.9743589743589743,41.861111111111114,180
validation,normal,1008,SKU-003,service_aware,7109.55,228.0,1638,1623,15,19,19025,40.76416666666667,0.9908424908424909,105.69444444444444,180
validation,normal,1009,SKU-003,independent,5841.499999999998,264.0,1638,1616,22,22,13394,33.91944444444444,0.9865689865689866,74.41111111111111,180
validation,normal,1009,SKU-003,normal_optimized,4460.4699999999975,780.0,1638,1588,50,65,7884,29.113722222222208,0.9694749694749695,43.8,180
validation,normal,1009,SKU-003,service_aware,7202.439999999998,264.0,1638,1616,22,22,19332,41.48022222222221,0.9865689865689866,107.4,180
validation,normal,1010,SKU-003,independent,5789.804999999999,336.0,1638,1615,23,28,13150,34.03225,0.985958485958486,73.05555555555556,180
validation,normal,1010,SKU-003,normal_optimized,4359.880000000001,1080.0,1638,1580,58,90,7639,30.22155555555556,0.9645909645909646,42.43888888888889,180
validation,normal,1010,SKU-003,service_aware,7152.704999999999,336.0,1638,1615,23,28,19090,41.60391666666666,0.985958485958486,106.05555555555556,180
validation,normal,1011,SKU-003,independent,5850.285000000002,276.0,1638,1618,20,23,13377,34.034916666666675,0.9877899877899878,74.31666666666666,180
validation,normal,1011,SKU-003,normal_optimized,4461.5199999999995,324.0,1638,1615,23,27,7804,26.58622222222222,0.985958485958486,43.355555555555554,180
validation,normal,1011,SKU-003,service_aware,7213.184999999999,276.0,1638,1618,20,23,19319,41.606583333333326,0.9877899877899878,107.32777777777778,180
validation,normal,1012,SKU-003,independent,5786.9,48.0,1638,1634,4,4,13212,32.41611111111111,0.9975579975579976,73.4,180
validation,normal,1012,SKU-003,normal_optimized,4399.115,144.0,1638,1626,12,12,7639,25.239527777777777,0.9926739926739927,42.43888888888889,180
validation,normal,1012,SKU-003,service_aware,7147.7,48.0,1638,1634,4,4,19152,39.97611111111111,0.9975579975579976,106.4,180
validation,demand_spike,1001,SKU-003,independent,5148.045000000004,3036.0,1955,1777,178,253,11746,45.466916666666684,0.9089514066496164,65.25555555555556,180
validation,demand_spike,1001,SKU-003,normal_optimized,3763.97,6516.0,1955,1681,274,543,6499,57.11094444444444,0.859846547314578,36.105555555555554,180
validation,demand_spike,1001,SKU-003,service_aware,6519.310000000002,2004.0,1955,1832,123,167,17574,47.35172222222223,0.9370843989769821,97.63333333333334,180
validation,demand_spike,1002,SKU-003,independent,5031.915000000001,1572.0,1955,1852,103,131,11251,36.68841666666667,0.9473145780051151,62.50555555555555,180
validation,demand_spike,1002,SKU-003,normal_optimized,3531.640000000001,5268.0,1955,1685,270,439,5980,48.8868888888889,0.8618925831202046,33.22222222222222,180
validation,demand_spike,1002,SKU-003,service_aware,6400.834999999998,1116.0,1955,1874,81,93,17138,41.76019444444444,0.9585677749360614,95.21111111111111,180
validation,demand_spike,1003,SKU-003,independent,5071.779999999994,4368.0,1955,1737,218,364,11406,52.4432222222222,0.8884910485933504,63.36666666666667,180
validation,demand_spike,1003,SKU-003,normal_optimized,3675.8049999999985,9312.0,1955,1602,353,776,6282,72.15447222222221,0.8194373401534527,34.9,180
validation,demand_spike,1003,SKU-003,service_aware,6437.270000000005,2016.0,1955,1816,139,168,17164,46.96261111111114,0.9289002557544757,95.35555555555555,180
validation,demand_spike,1004,SKU-003,independent,5096.945000000002,3084.0,1955,1792,163,257,11394,45.44969444444446,0.9166240409207161,63.3,180
validation,demand_spike,1004,SKU-003,normal_optimized,3642.3100000000013,7680.0,1955,1668,287,640,6180,62.90172222222223,0.8531969309462916,34.333333333333336,180
validation,demand_spike,1004,SKU-003,service_aware,6501.1100000000015,1392.0,1955,1864,91,116,17222,43.85061111111112,0.9534526854219949,95.67777777777778,180
validation,demand_spike,1005,SKU-003,independent,5122.25,2664.0,1955,1784,171,222,11541,43.25694444444444,0.9125319693094629,64.11666666666666,180
validation,demand_spike,1005,SKU-003,normal_optimized,3650.9550000000004,6432.0,1955,1649,306,536,6313,56.016416666666665,0.8434782608695652,35.07222222222222,180
validation,demand_spike,1005,SKU-003,service_aware,6496.909999999999,1656.0,1955,1826,129,138,17411,45.29394444444444,0.9340153452685422,96.72777777777777,180
validation,demand_spike,1006,SKU-003,independent,5038.67,2928.0,1955,1793,162,244,11408,44.259277777777775,0.9171355498721228,63.37777777777778,180
validation,demand_spike,1006,SKU-003,normal_optimized,3625.614999999999,7356.0,1955,1659,296,613,6188,61.00897222222221,0.8485933503836317,34.37777777777778,180
validation,demand_spike,1006,SKU-003,service_aware,6418.439999999996,1536.0,1955,1852,103,128,17241,44.19133333333331,0.9473145780051151,95.78333333333333,180
validation,demand_spike,1007,SKU-003,independent,5098.974999999999,2628.0,1955,1806,149,219,11390,42.927638888888886,0.9237851662404092,63.27777777777778,180
validation,demand_spike,1007,SKU-003,normal_optimized,3601.3599999999997,6780.0,1955,1637,318,565,6095,57.67422222222223,0.8373401534526854,33.861111111111114,180
validation,demand_spike,1007,SKU-003,service_aware,6479.69,1884.0,1955,1838,117,157,17243,46.464944444444434,0.9401534526854219,95.79444444444445,180
validation,demand_spike,1008,SKU-003,independent,5144.265000000001,2580.0,1955,1820,135,215,11523,42.91258333333334,0.9309462915601023,64.01666666666667,180
validation,demand_spike,1008,SKU-003,normal_optimized,3635.940000000001,5940.0,1955,1692,263,495,6228,53.19966666666667,0.8654731457800512,34.6,180
validation,demand_spike,1008,SKU-003,service_aware,6528.549999999998,1944.0,1955,1835,120,162,17379,47.06972222222222,0.9386189258312021,96.55,180
validation,demand_spike,1009,SKU-003,independent,5195.750000000001,3048.0,1955,1788,167,254,11856,45.798611111111114,0.9145780051150895,65.86666666666666,180
validation,demand_spike,1009,SKU-003,normal_optimized,3818.255,7068.0,1955,1682,273,589,6627,60.47919444444445,0.8603580562659846,36.81666666666667,180
validation,demand_spike,1009,SKU-003,service_aware,6583.6749999999965,1656.0,1955,1837,118,138,17667,45.7759722222222,0.9396419437340153,98.15,180
validation,demand_spike,1010,SKU-003,independent,5160.890000000002,4464.0,1955,1743,212,372,11650,53.47161111111113,0.8915601023017903,64.72222222222223,180
validation,demand_spike,1010,SKU-003,normal_optimized,3725.890000000001,8484.0,1955,1634,321,707,6454,67.83272222222223,0.8358056265984655,35.855555555555554,180
validation,demand_spike,1010,SKU-003,service_aware,6521.970000000002,2352.0,1955,1816,139,196,17398,49.29983333333334,0.9289002557544757,96.65555555555555,180
validation,demand_spike,1011,SKU-003,independent,5192.915,2256.0,1955,1814,141,188,11739,41.38286111111111,0.9278772378516624,65.21666666666667,180
validation,demand_spike,1011,SKU-003,normal_optimized,3743.669999999998,6456.0,1955,1666,289,538,6461,56.66483333333333,0.8521739130434782,35.894444444444446,180
validation,demand_spike,1011,SKU-003,service_aware,6579.51,1392.0,1955,1857,98,116,17586,44.28616666666667,0.9498721227621484,97.7,180
validation,demand_spike,1012,SKU-003,independent,5177.200000000001,2472.0,1955,1789,166,206,11616,42.49555555555556,0.9150895140664962,64.53333333333333,180
validation,demand_spike,1012,SKU-003,normal_optimized,3704.82,5832.0,1955,1670,285,486,6326,52.98233333333333,0.8542199488491049,35.144444444444446,180
validation,demand_spike,1012,SKU-003,service_aware,6563.655000000002,1776.0,1955,1824,131,148,17528,46.331416666666684,0.9329923273657289,97.37777777777778,180
validation,supplier_delay,1001,SKU-003,independent,3965.675000000002,1164.0,1638,1573,65,97,6805,28.498194444444454,0.9603174603174603,37.80555555555556,180
validation,supplier_delay,1001,SKU-003,normal_optimized,1638.6649999999997,13236.0,1638,1112,526,1103,2246,82.63702777777777,0.6788766788766789,12.477777777777778,180
validation,supplier_delay,1001,SKU-003,service_aware,5618.654999999998,264.0,1638,1618,20,22,12626,32.68141666666666,0.9877899877899878,70.14444444444445,180
validation,supplier_delay,1002,SKU-003,independent,3834.495000000001,1884.0,1638,1534,104,157,6429,31.76941666666667,0.9365079365079365,35.71666666666667,180
validation,supplier_delay,1002,SKU-003,normal_optimized,1520.4350000000002,16572.0,1638,1056,582,1381,2091,100.51352777777778,0.6446886446886447,11.616666666666667,180
validation,supplier_delay,1002,SKU-003,service_aware,5515.929999999999,72.0,1638,1632,6,6,12252,31.044055555555552,0.9963369963369964,68.06666666666666,180
validation,supplier_delay,1003,SKU-003,independent,3943.7999999999993,2280.0,1638,1525,113,190,6629,34.57666666666666,0.931013431013431,36.827777777777776,180
validation,supplier_delay,1003,SKU-003,normal_optimized,1568.315000000001,15720.0,1638,1054,584,1310,2166,96.04619444444445,0.6434676434676435,12.033333333333333,180
validation,supplier_delay,1003,SKU-003,service_aware,5555.864999999998,420.0,1638,1610,28,35,12362,33.19924999999999,0.9829059829059829,68.67777777777778,180
validation,supplier_delay,1004,SKU-003,independent,3932.1450000000004,2400.0,1638,1550,88,200,6572,35.178583333333336,0.9462759462759462,36.51111111111111,180
validation,supplier_delay,1004,SKU-003,normal_optimized,1555.6450000000011,15636.0,1638,1086,552,1303,2138,95.50913888888888,0.663003663003663,11.877777777777778,180
validation,supplier_delay,1004,SKU-003,service_aware,5609.100000000002,324.0,1638,1611,27,27,12390,32.96166666666668,0.9835164835164835,68.83333333333333,180
validation,supplier_delay,1005,SKU-003,independent,3864.350000000001,1644.0,1638,1545,93,137,6599,30.601944444444445,0.9432234432234432,36.66111111111111,180
validation,supplier_delay,1005,SKU-003,normal_optimized,1529.9200000000008,16188.0,1638,1044,594,1349,2171,98.4328888888889,0.6373626373626373,12.061111111111112,180
validation,supplier_delay,1005,SKU-003,service_aware,5587.750000000005,252.0,1638,1618,20,21,12468,32.44305555555558,0.9877899877899878,69.26666666666667,180
validation,supplier_delay,1006,SKU-003,independent,3868.9349999999986,1464.0,1638,1571,67,122,6474,29.627416666666658,0.9590964590964591,35.96666666666667,180
validation,supplier_delay,1006,SKU-003,normal_optimized,1482.7399999999998,15300.0,1638,1018,620,1275,2065,93.23744444444444,0.6214896214896215,11.472222222222221,180
validation,supplier_delay,1006,SKU-003,service_aware,5546.415000000002,180.0,1638,1625,13,15,12340,31.813416666666676,0.9920634920634921,68.55555555555556,180
validation,supplier_delay,1007,SKU-003,independent,3930.1500000000024,1872.0,1638,1547,91,156,6533,32.23416666666668,0.9444444444444444,36.294444444444444,180
validation,supplier_delay,1007,SKU-003,normal_optimized,1548.7150000000001,15192.0,1638,1062,576,1266,2141,93.00397222222222,0.6483516483516484,11.894444444444444,180
validation,supplier_delay,1007,SKU-003,service_aware,5573.540000000002,408.0,1638,1610,28,34,12368,33.23077777777779,0.9829059829059829,68.71111111111111,180
validation,supplier_delay,1008,SKU-003,independent,3959.095,1740.0,1638,1555,83,145,6618,31.661638888888884,0.9493284493284493,36.766666666666666,180
validation,supplier_delay,1008,SKU-003,normal_optimized,1525.65,14820.0,1638,1060,578,1235,2095,90.80916666666667,0.6471306471306472,11.63888888888889,180
validation,supplier_delay,1008,SKU-003,service_aware,5571.999999999999,228.0,1638,1623,15,19,12386,32.222222222222214,0.9908424908424909,68.81111111111112,180
validation,supplier_delay,1009,SKU-003,independent,4098.884999999998,1716.0,1638,1547,91,143,6968,32.30491666666666,0.9444444444444444,38.71111111111111,180
validation,supplier_delay,1009,SKU-003,normal_optimized,1668.5899999999997,12600.0,1638,1150,488,1050,2277,79.26994444444445,0.702075702075702,12.65,180
validation,supplier_delay,1009,SKU-003,service_aware,5674.479999999999,264.0,1638,1616,22,22,12762,32.99155555555555,0.9865689865689866,70.9,180
validation,supplier_delay,1010,SKU-003,independent,3897.005,2460.0,1638,1525,113,205,6679,35.316694444444444,0.931013431013431,37.105555555555554,180
validation,supplier_delay,1010,SKU-003,normal_optimized,1639.7149999999995,16296.0,1638,1058,580,1358,2279,99.64286111111112,0.645909645909646,12.661111111111111,180
validation,supplier_delay,1010,SKU-003,service_aware,5610.9199999999955,408.0,1638,1613,25,34,12530,33.43844444444442,0.9847374847374848,69.61111111111111,180
validation,supplier_delay,1011,SKU-003,independent,4085.2,1428.0,1638,1566,72,119,6855,30.628888888888888,0.9560439560439561,38.083333333333336,180
validation,supplier_delay,1011,SKU-003,normal_optimized,1599.4650000000001,12600.0,1638,1130,508,1050,2214,78.88591666666667,0.6898656898656899,12.3,180
validation,supplier_delay,1011,SKU-003,service_aware,5696.774999999998,228.0,1638,1622,16,19,12717,32.91541666666665,0.9902319902319903,70.65,180
validation,supplier_delay,1012,SKU-003,independent,4003.7199999999993,1584.0,1638,1550,88,132,6710,31.042888888888886,0.9462759462759462,37.27777777777778,180
validation,supplier_delay,1012,SKU-003,normal_optimized,1592.5700000000006,13668.0,1638,1109,529,1139,2176,84.78094444444444,0.6770451770451771,12.088888888888889,180
validation,supplier_delay,1012,SKU-003,service_aware,5637.659999999998,48.0,1638,1634,4,4,12555,31.58699999999999,0.9975579975579976,69.75,180
validation,combined_stress,1001,SKU-003,independent,3083.0100000000016,17472.0,1955,1457,498,1456,5123,114.1945,0.7452685421994885,28.461111111111112,180
validation,combined_stress,1001,SKU-003,normal_optimized,1093.9599999999987,41412.0,1955,878,1077,3451,1488,236.14422222222223,0.44910485933503835,8.266666666666667,180
validation,combined_stress,1001,SKU-003,service_aware,4627.385,7524.0,1955,1662,293,627,10163,67.50769444444444,0.8501278772378517,56.46111111111111,180
validation,combined_stress,1002,SKU-003,independent,2870.6650000000004,16788.0,1955,1392,563,1399,4686,109.21480555555556,0.7120204603580562,26.033333333333335,180
validation,combined_stress,1002,SKU-003,normal_optimized,1016.8550000000001,44412.0,1955,793,1162,3701,1393,252.3825277777778,0.40562659846547316,7.738888888888889,180
validation,combined_stress,1002,SKU-003,service_aware,4531.870000000001,6648.0,1955,1687,268,554,9746,62.11038888888889,0.8629156010230179,54.144444444444446,180
validation,combined_stress,1003,SKU-003,independent,3056.1649999999977,21012.0,1955,1406,549,1751,5015,133.71202777777776,0.7191815856777494,27.86111111111111,180
validation,combined_stress,1003,SKU-003,normal_optimized,1084.4400000000005,45588.0,1955,835,1120,3799,1490,259.29133333333334,0.42710997442455245,8.277777777777779,180
validation,combined_stress,1003,SKU-003,service_aware,4636.7649999999985,10332.0,1955,1629,326,861,10055,83.15980555555555,0.8332480818414322,55.861111111111114,180
validation,combined_stress,1004,SKU-003,independent,3008.3899999999994,19872.0,1955,1435,520,1656,4881,127.11327777777777,0.7340153452685422,27.116666666666667,180
validation,combined_stress,1004,SKU-003,normal_optimized,1050.2450000000003,44820.0,1955,871,1084,3735,1437,254.83469444444447,0.44552429667519183,7.983333333333333,180
validation,combined_stress,1004,SKU-003,service_aware,4672.85,9624.0,1955,1684,271,802,10028,79.42694444444444,0.8613810741687979,55.71111111111111,180
validation,combined_stress,1005,SKU-003,independent,2991.6950000000024,18804.0,1955,1397,558,1567,5010,121.08719444444446,0.7145780051150895,27.833333333333332,180
validation,combined_stress,1005,SKU-003,normal_optimized,1061.1649999999997,44220.0,1955,858,1097,3685,1478,251.56202777777779,0.43887468030690535,8.21111111111111,180
validation,combined_stress,1005,SKU-003,service_aware,4627.840000000005,8376.0,1955,1642,313,698,10077,72.24355555555557,0.8398976982097187,55.983333333333334,180
validation,combined_stress,1006,SKU-003,independent,2952.809999999999,18600.0,1955,1416,539,1550,4811,119.73783333333333,0.7242966751918158,26.727777777777778,180
validation,combined_stress,1006,SKU-003,normal_optimized,1007.6849999999998,45456.0,1955,797,1158,3788,1402,258.1315833333333,0.40767263427109973,7.788888888888889,180
validation,combined_stress,1006,SKU-003,service_aware,4557.1399999999985,8040.0,1955,1671,284,670,9901,69.9841111111111,0.8547314578005115,55.00555555555555,180
validation,combined_stress,1007,SKU-003,independent,3016.8950000000013,18984.0,1955,1410,545,1582,4887,122.22719444444445,0.7212276214833759,27.15,180
validation,combined_stress,1007,SKU-003,normal_optimized,1060.745,44280.0,1955,839,1116,3690,1463,251.8930277777778,0.429156010230179,8.127777777777778,180
validation,combined_stress,1007,SKU-003,service_aware,4620.945000000001,8220.0,1955,1663,292,685,9971,71.33858333333333,0.8506393861892583,55.394444444444446,180
validation,combined_stress,1008,SKU-003,independent,2983.399999999999,17076.0,1955,1462,493,1423,4842,111.4411111111111,0.7478260869565218,26.9,180
validation,combined_stress,1008,SKU-003,normal_optimized,968.0999999999998,41856.0,1955,810,1145,3488,1326,237.91166666666666,0.4143222506393862,7.366666666666666,180
validation,combined_stress,1008,SKU-003,service_aware,4625.390000000001,6972.0,1955,1708,247,581,9940,64.42994444444444,0.8736572890025576,55.22222222222222,180
validation,combined_stress,1009,SKU-003,independent,3167.045,16956.0,1955,1474,481,1413,5225,111.79469444444443,0.7539641943734016,29.02777777777778,180
validation,combined_stress,1009,SKU-003,normal_optimized,1130.3599999999997,39588.0,1955,911,1044,3299,1543,226.21311111111112,0.4659846547314578,8.572222222222223,180
validation,combined_stress,1009,SKU-003,service_aware,4736.059999999995,7968.0,1955,1685,270,664,10332,70.57811111111108,0.8618925831202046,57.4,180
validation,combined_stress,1010,SKU-003,independent,3068.2050000000013,19956.0,1955,1425,530,1663,5109,127.91225000000001,0.7289002557544757,28.383333333333333,180
validation,combined_stress,1010,SKU-003,normal_optimized,1111.7049999999997,44436.0,1955,853,1102,3703,1530,253.04280555555556,0.4363171355498721,8.5,180
validation,combined_stress,1010,SKU-003,service_aware,4702.669999999997,9696.0,1955,1660,295,808,10254,79.9926111111111,0.8491048593350383,56.96666666666667,180
validation,combined_stress,1011,SKU-003,independent,3137.6450000000004,18492.0,1955,1429,526,1541,5153,120.16469444444445,0.7309462915601023,28.627777777777776,180
validation,combined_stress,1011,SKU-003,normal_optimized,1113.315,41448.0,1955,912,1043,3454,1521,236.45175,0.46649616368286445,8.45,180
validation,combined_stress,1011,SKU-003,service_aware,4695.67,7824.0,1955,1668,287,652,10247,69.55372222222222,0.8531969309462916,56.92777777777778,180
validation,combined_stress,1012,SKU-003,independent,3095.924999999999,17352.0,1955,1416,539,1446,5037,113.59958333333333,0.7242966751918158,27.983333333333334,180
validation,combined_stress,1012,SKU-003,normal_optimized,1050.735,40380.0,1955,894,1061,3365,1424,230.17075,0.45728900255754473,7.911111111111111,180
validation,combined_stress,1012,SKU-003,service_aware,4703.125000000001,6924.0,1955,1678,277,577,10109,64.59513888888888,0.858312020460358,56.16111111111111,180
test,normal,1001,SKU-003,independent,5860.540000000006,156.0,1589,1576,13,13,13449,33.42522222222226,0.9918187539332913,74.71666666666667,180
test,normal,1001,SKU-003,normal_optimized,4475.205,216.0,1589,1571,18,18,7884,26.06225,0.9886721208307111,43.8,180
test,normal,1001,SKU-003,service_aware,7221.339999999999,156.0,1589,1576,13,13,19389,40.98522222222222,0.9918187539332913,107.71666666666667,180
test,normal,1002,SKU-003,independent,5817.524999999998,120.0,1589,1579,10,10,13259,32.98624999999999,0.9937067337948395,73.66111111111111,180
test,normal,1002,SKU-003,normal_optimized,4453.575000000004,240.0,1589,1570,19,20,7689,26.07541666666669,0.9880427942101951,42.71666666666667,180
test,normal,1002,SKU-003,service_aware,7178.325000000001,120.0,1589,1579,10,10,19199,40.54625,0.9937067337948395,106.66111111111111,180
test,normal,1003,SKU-003,independent,5896.344999999998,72.0,1589,1583,6,6,13439,33.15747222222221,0.9962240402769037,74.66111111111111,180
test,normal,1003,SKU-003,normal_optimized,4559.625000000001,108.0,1589,1580,9,9,7863,25.931250000000006,0.9943360604153556,43.68333333333333,180
test,normal,1003,SKU-003,service_aware,7257.145000000003,72.0,1589,1583,6,6,19379,40.71747222222224,0.9962240402769037,107.66111111111111,180
test,normal,1004,SKU-003,independent,5890.919999999998,84.0,1589,1582,7,7,13336,33.19399999999999,0.9955947136563876,74.08888888888889,180
test,normal,1004,SKU-003,normal_optimized,4526.48,132.0,1589,1578,11,11,7779,25.880444444444443,0.9930774071743235,43.21666666666667,180
test,normal,1004,SKU-003,service_aware,7251.7199999999975,84.0,1589,1582,7,7,19276,40.753999999999984,0.9955947136563876,107.08888888888889,180
test,normal,1005,SKU-003,independent,5861.414999999999,48.0,1589,1585,4,4,13481,32.83008333333333,0.9974826935179358,74.89444444444445,180
test,normal,1005,SKU-003,normal_optimized,4516.3650000000025,132.0,1589,1580,9,11,7926,25.824250000000013,0.9943360604153556,44.03333333333333,180
test,normal,1005,SKU-003,service_aware,7222.215,48.0,1589,1585,4,4,19421,40.39008333333334,0.9974826935179358,107.89444444444445,180
test,normal,1006,SKU-003,independent,5854.695,72.0,1589,1583,6,6,13531,32.92608333333333,0.9962240402769037,75.17222222222222,180
test,normal,1006,SKU-003,normal_optimized,4499.564999999999,84.0,1589,1582,7,7,7970,25.464249999999993,0.9955947136563876,44.27777777777778,180
test,normal,1006,SKU-003,service_aware,7215.495000000001,72.0,1589,1583,6,6,19471,40.48608333333334,0.9962240402769037,108.17222222222222,180
test,normal,1007,SKU-003,independent,5933.41,108.0,1589,1580,9,9,13559,33.56338888888889,0.9943360604153556,75.32777777777778,180
test,normal,1007,SKU-003,normal_optimized,4581.395000000001,156.0,1589,1576,13,13,7965,26.31886111111112,0.9918187539332913,44.25,180
test,normal,1007,SKU-003,service_aware,7294.21,108.0,1589,1580,9,9,19499,41.12338888888889,0.9943360604153556,108.32777777777778,180
test,normal,1008,SKU-003,independent,5887.000000000001,96.0,1589,1581,8,8,13499,33.238888888888894,0.9949653870358716,74.99444444444444,180
test,normal,1008,SKU-003,normal_optimized,4539.605000000003,180.0,1589,1575,14,15,7936,26.220027777777794,0.9911894273127754,44.08888888888889,180
test,normal,1008,SKU-003,service_aware,7247.799999999999,96.0,1589,1581,8,8,19439,40.79888888888888,0.9949653870358716,107.99444444444444,180
test,normal,1009,SKU-003,independent,5975.480000000002,120.0,1589,1579,10,10,13826,33.86377777777779,0.9937067337948395,76.81111111111112,180
test,normal,1009,SKU-003,normal_optimized,4631.900000000001,180.0,1589,1574,15,15,8249,26.73277777777778,0.9905601006922593,45.827777777777776,180
test,normal,1009,SKU-003,service_aware,7336.279999999994,120.0,1589,1579,10,10,19766,41.423777777777744,0.9937067337948395,109.81111111111112,180
test,normal,1010,SKU-003,independent,5873.910000000002,84.0,1589,1583,6,7,13480,33.099500000000006,0.9962240402769037,74.88888888888889,180
test,normal,1010,SKU-003,normal_optimized,4502.400000000002,108.0,1589,1581,8,9,7907,25.613333333333347,0.9949653870358716,43.92777777777778,180
test,normal,1010,SKU-003,service_aware,7234.709999999999,84.0,1589,1583,6,7,19420,40.659499999999994,0.9962240402769037,107.88888888888889,180
test,normal,1011,SKU-003,independent,6001.450000000002,264.0,1589,1570,19,22,13806,34.80805555555556,0.9880427942101951,76.7,180
test,normal,1011,SKU-003,normal_optimized,4633.23,288.0,1589,1568,21,24,8237,27.340166666666665,0.986784140969163,45.76111111111111,180
test,normal,1011,SKU-003,service_aware,7362.25,264.0,1589,1570,19,22,19746,42.36805555555556,0.9880427942101951,109.7,180
test,normal,1012,SKU-003,independent,5949.650000000001,84.0,1589,1582,7,7,13547,33.52027777777778,0.9955947136563876,75.2611111111111,180
test,normal,1012,SKU-003,normal_optimized,4623.675,120.0,1589,1579,10,10,7993,26.35375,0.9937067337948395,44.40555555555556,180
test,normal,1012,SKU-003,service_aware,7310.449999999999,84.0,1589,1582,7,7,19487,41.08027777777777,0.9955947136563876,108.2611111111111,180
test,demand_spike,1001,SKU-003,independent,5204.955000000004,2160.0,1900,1783,117,180,11828,40.916416666666684,0.9384210526315789,65.71111111111111,180
test,demand_spike,1001,SKU-003,normal_optimized,3788.3299999999986,6384.0,1900,1620,280,532,6620,56.512944444444436,0.8526315789473684,36.77777777777778,180
test,demand_spike,1001,SKU-003,service_aware,6575.799999999999,1020.0,1900,1820,80,85,17662,42.19888888888889,0.9578947368421052,98.12222222222222,180
test,demand_spike,1002,SKU-003,independent,5174.014999999999,1740.0,1900,1779,121,145,11601,38.41119444444444,0.9363157894736842,64.45,180
test,demand_spike,1002,SKU-003,normal_optimized,3735.1300000000024,4872.0,1900,1640,260,406,6357,47.81738888888891,0.8631578947368421,35.31666666666667,180
test,demand_spike,1002,SKU-003,service_aware,6565.475000000002,1236.0,1900,1812,88,103,17503,43.34152777777779,0.9536842105263158,97.2388888888889,180
test,demand_spike,1003,SKU-003,independent,5247.584999999999,996.0,1900,1833,67,83,11743,34.68658333333333,0.9647368421052631,65.2388888888889,180
test,demand_spike,1003,SKU-003,normal_optimized,3750.285000000001,4020.0,1900,1666,234,335,6421,43.16825000000001,0.8768421052631579,35.672222222222224,180
test,demand_spike,1003,SKU-003,service_aware,6630.330000000002,888.0,1900,1842,58,74,17657,41.76850000000001,0.9694736842105263,98.09444444444445,180
test,demand_spike,1004,SKU-003,independent,5267.674999999998,1488.0,1900,1803,97,124,11686,37.53152777777777,0.9489473684210527,64.92222222222222,180
test,demand_spike,1004,SKU-003,normal_optimized,3734.885000000001,4920.0,1900,1640,260,410,6390,48.082694444444456,0.8631578947368421,35.5,180
test,demand_spike,1004,SKU-003,service_aware,6644.575,1176.0,1900,1820,80,98,17568,43.44763888888889,0.9578947368421052,97.6,180
test,demand_spike,1005,SKU-003,independent,5216.155,1644.0,1900,1800,100,137,11865,38.11197222222222,0.9473684210526315,65.91666666666667,180
test,demand_spike,1005,SKU-003,normal_optimized,3841.8799999999997,5532.0,1900,1641,259,461,6687,52.07711111111111,0.8636842105263158,37.15,180
test,demand_spike,1005,SKU-003,service_aware,6597.395000000002,1152.0,1900,1824,76,96,17752,43.05219444444446,0.96,98.62222222222222,180
test,demand_spike,1006,SKU-003,independent,5210.660000000001,1164.0,1900,1817,83,97,11883,35.41477777777778,0.9563157894736842,66.01666666666667,180
test,demand_spike,1006,SKU-003,normal_optimized,3756.83,4164.0,1900,1697,203,347,6550,44.00461111111111,0.8931578947368422,36.388888888888886,180
test,demand_spike,1006,SKU-003,service_aware,6592.039999999998,1068.0,1900,1820,80,89,17803,42.55577777777777,0.9578947368421052,98.90555555555555,180
test,demand_spike,1007,SKU-003,independent,5261.129999999998,1452.0,1900,1801,99,121,11865,37.29516666666666,0.9478947368421052,65.91666666666667,180
test,demand_spike,1007,SKU-003,normal_optimized,3800.4049999999984,5268.0,1900,1621,279,439,6559,50.38002777777777,0.8531578947368421,36.43888888888889,180
test,demand_spike,1007,SKU-003,service_aware,6670.545,1068.0,1900,1826,74,89,17793,42.99191666666667,0.9610526315789474,98.85,180
test,demand_spike,1008,SKU-003,independent,5231.449999999998,876.0,1900,1839,61,73,11791,33.93027777777777,0.9678947368421053,65.50555555555556,180
test,demand_spike,1008,SKU-003,normal_optimized,3734.5000000000005,3852.0,1900,1671,229,321,6491,42.147222222222226,0.8794736842105263,36.06111111111111,180
test,demand_spike,1008,SKU-003,service_aware,6634.040000000001,780.0,1900,1844,56,65,17737,41.18911111111112,0.9705263157894737,98.53888888888889,180
test,demand_spike,1009,SKU-003,independent,5338.515000000005,1296.0,1900,1812,88,108,12202,36.85841666666669,0.9536842105263158,67.78888888888889,180
test,demand_spike,1009,SKU-003,normal_optimized,3868.200000000002,4896.0,1900,1633,267,408,6866,48.69000000000001,0.8594736842105263,38.144444444444446,180
test,demand_spike,1009,SKU-003,service_aware,6732.319999999997,984.0,1900,1829,71,82,18116,42.86844444444443,0.9626315789473684,100.64444444444445,180
test,demand_spike,1010,SKU-003,independent,5196.73,1740.0,1900,1793,107,145,11820,38.537388888888884,0.9436842105263158,65.66666666666667,180
test,demand_spike,1010,SKU-003,normal_optimized,3780.9100000000008,5712.0,1900,1627,273,476,6606,52.738388888888885,0.8563157894736843,36.7,180
test,demand_spike,1010,SKU-003,service_aware,6601.419999999998,936.0,1900,1830,70,78,17711,41.874555555555546,0.9631578947368421,98.39444444444445,180
test,demand_spike,1011,SKU-003,independent,5312.230000000002,2112.0,1900,1773,127,176,12145,41.245722222222234,0.9331578947368421,67.47222222222223,180
test,demand_spike,1011,SKU-003,normal_optimized,3888.6400000000012,6408.0,1900,1592,308,534,6891,57.20355555555556,0.8378947368421052,38.28333333333333,180
test,demand_spike,1011,SKU-003,service_aware,6747.859999999998,1236.0,1900,1815,85,103,18049,44.35477777777776,0.9552631578947368,100.27222222222223,180
test,demand_spike,1012,SKU-003,independent,5330.745000000001,1764.0,1900,1787,113,147,11938,39.41525000000001,0.9405263157894737,66.32222222222222,180
test,demand_spike,1012,SKU-003,normal_optimized,3874.7100000000005,4968.0,1900,1642,258,414,6641,49.12616666666667,0.8642105263157894,36.894444444444446,180
test,demand_spike,1012,SKU-003,service_aware,6707.644999999999,1356.0,1900,1808,92,113,17821,44.79802777777777,0.9515789473684211,99.00555555555556,180
test,supplier_delay,1001,SKU-003,independent,4193.700000000002,468.0,1589,1558,31,39,7197,25.898333333333344,0.9804908747640025,39.983333333333334,180
test,supplier_delay,1001,SKU-003,normal_optimized,1753.7800000000007,9432.0,1589,1175,414,786,2426,62.14322222222223,0.7394587791063562,13.477777777777778,180
test,supplier_delay,1001,SKU-003,service_aware,5783.68,156.0,1589,1576,13,13,13108,32.998222222222225,0.9918187539332913,72.82222222222222,180
test,supplier_delay,1002,SKU-003,independent,4154.5700000000015,720.0,1589,1541,48,60,7005,27.08094444444445,0.9697923222152297,38.916666666666664,180
test,supplier_delay,1002,SKU-003,normal_optimized,1655.4999999999998,10500.0,1589,1100,489,875,2294,67.53055555555555,0.6922592825676526,12.744444444444444,180
test,supplier_delay,1002,SKU-003,service_aware,5737.305000000001,120.0,1589,1579,10,10,12906,32.54058333333334,0.9937067337948395,71.7,180
test,supplier_delay,1003,SKU-003,independent,4306.680000000001,288.0,1589,1567,22,24,7180,25.526000000000007,0.9861548143486469,39.888888888888886,180
test,supplier_delay,1003,SKU-003,normal_optimized,1685.0049999999997,8988.0,1589,1165,424,749,2315,59.29447222222222,0.7331655129011957,12.86111111111111,180
test,supplier_delay,1003,SKU-003,service_aware,5817.350000000004,72.0,1589,1583,6,6,13084,32.71861111111113,0.9962240402769037,72.68888888888888,180
test,supplier_delay,1004,SKU-003,independent,4208.154999999999,444.0,1589,1556,33,37,7039,25.845305555555548,0.9792322215229704,39.105555555555554,180
test,supplier_delay,1004,SKU-003,normal_optimized,1681.0500000000004,10404.0,1589,1136,453,867,2298,67.13916666666667,0.7149150409062304,12.766666666666667,180
test,supplier_delay,1004,SKU-003,service_aware,5807.550000000003,84.0,1589,1582,7,7,12964,32.73083333333335,0.9955947136563876,72.02222222222223,180
test,supplier_delay,1005,SKU-003,independent,4213.159999999998,216.0,1589,1575,14,18,7260,24.606444444444435,0.9911894273127754,40.333333333333336,180
test,supplier_delay,1005,SKU-003,normal_optimized,1783.18,9432.0,1589,1149,440,786,2458,62.306555555555555,0.7230962869729389,13.655555555555555,180
test,supplier_delay,1005,SKU-003,service_aware,5786.725000000004,48.0,1589,1585,4,4,13144,32.41513888888891,0.9974826935179358,73.02222222222223,180
test,supplier_delay,1006,SKU-003,independent,4198.985000000001,480.0,1589,1562,27,40,7195,25.994361111111115,0.9830081812460667,39.97222222222222,180
test,supplier_delay,1006,SKU-003,normal_optimized,1718.9199999999992,9180.0,1589,1167,422,765,2369,60.54955555555554,0.7344241661422278,13.161111111111111,180
test,supplier_delay,1006,SKU-003,service_aware,5766.319999999999,72.0,1589,1583,6,6,13151,32.435111111111105,0.9962240402769037,73.06111111111112,180
test,supplier_delay,1007,SKU-003,independent,4334.540000000002,264.0,1589,1568,21,22,7292,25.547444444444455,0.986784140969163,40.51111111111111,180
test,supplier_delay,1007,SKU-003,normal_optimized,1767.9899999999984,8928.0,1589,1155,434,744,2428,59.422166666666655,0.7268722466960352,13.488888888888889,180
test,supplier_delay,1007,SKU-003,service_aware,5847.170000000001,108.0,1589,1580,9,9,13177,33.084277777777785,0.9943360604153556,73.20555555555555,180
test,supplier_delay,1008,SKU-003,independent,4208.784999999999,216.0,1589,1572,17,18,7149,24.582138888888885,0.9893014474512272,39.71666666666667,180
test,supplier_delay,1008,SKU-003,normal_optimized,1672.5449999999998,8892.0,1589,1136,453,741,2322,58.691916666666664,0.7149150409062304,12.9,180
test,supplier_delay,1008,SKU-003,service_aware,5795.649999999999,96.0,1589,1581,8,8,13094,32.73138888888888,0.9949653870358716,72.74444444444444,180
test,supplier_delay,1009,SKU-003,independent,4417.490000000001,384.0,1589,1563,26,32,7595,26.67494444444445,0.9836375078665828,42.19444444444444,180
test,supplier_delay,1009,SKU-003,normal_optimized,1901.4100000000008,7932.0,1589,1209,380,661,2643,54.63005555555556,0.7608558842039018,14.683333333333334,180
test,supplier_delay,1009,SKU-003,service_aware,5894.944999999996,120.0,1589,1579,10,10,13466,33.41636111111109,0.9937067337948395,74.81111111111112,180
test,supplier_delay,1010,SKU-003,independent,4219.704999999999,324.0,1589,1565,24,27,7169,25.24280555555555,0.9848961611076148,39.827777777777776,180
test,supplier_delay,1010,SKU-003,normal_optimized,1689.9400000000005,9528.0,1589,1133,456,794,2319,62.32188888888889,0.7130270610446822,12.883333333333333,180
test,supplier_delay,1010,SKU-003,service_aware,5792.989999999997,84.0,1589,1583,6,7,13122,32.64994444444443,0.9962240402769037,72.9,180
test,supplier_delay,1011,SKU-003,independent,4403.9450000000015,348.0,1589,1563,26,29,7547,26.399694444444453,0.9836375078665828,41.92777777777778,180
test,supplier_delay,1011,SKU-003,normal_optimized,1874.6350000000002,7980.0,1589,1204,385,665,2587,54.747972222222224,0.7577092511013216,14.372222222222222,180
test,supplier_delay,1011,SKU-003,service_aware,5912.970000000002,264.0,1589,1570,19,22,13415,34.31650000000001,0.9880427942101951,74.52777777777777,180
test,supplier_delay,1012,SKU-003,independent,4327.819999999999,252.0,1589,1570,19,21,7298,25.443444444444438,0.9880427942101951,40.544444444444444,180
test,supplier_delay,1012,SKU-003,normal_optimized,1786.6099999999994,9744.0,1589,1137,452,812,2479,64.05894444444444,0.7155443675267463,13.772222222222222,180
test,supplier_delay,1012,SKU-003,service_aware,5870.654999999999,84.0,1589,1582,7,7,13193,33.08141666666666,0.9955947136563876,73.29444444444445,180
test,combined_stress,1001,SKU-003,independent,3263.6449999999986,17256.0,1900,1364,536,1438,5592,113.99802777777776,0.7178947368421053,31.066666666666666,180
test,combined_stress,1001,SKU-003,normal_optimized,1374.8350000000005,39840.0,1900,907,993,3320,1910,228.97130555555555,0.47736842105263155,10.61111111111111,180
test,combined_stress,1001,SKU-003,service_aware,4722.620000000001,6072.0,1900,1632,268,506,10527,59.970111111111116,0.8589473684210527,58.483333333333334,180
test,combined_stress,1002,SKU-003,independent,3185.839999999999,16332.0,1900,1370,530,1361,5340,108.43244444444444,0.7210526315789474,29.666666666666668,180
test,combined_stress,1002,SKU-003,normal_optimized,1217.9999999999993,39924.0,1900,827,1073,3327,1706,228.56666666666666,0.43526315789473685,9.477777777777778,180
test,combined_stress,1002,SKU-003,service_aware,4727.730000000004,5856.0,1900,1618,282,488,10357,58.79850000000002,0.8515789473684211,57.53888888888889,180
test,combined_stress,1003,SKU-003,independent,3272.2550000000006,17244.0,1900,1313,587,1437,5505,113.97919444444445,0.6910526315789474,30.583333333333332,180
test,combined_stress,1003,SKU-003,normal_optimized,1332.8,40104.0,1900,879,1021,3342,1842,230.20444444444445,0.4626315789473684,10.233333333333333,180
test,combined_stress,1003,SKU-003,service_aware,4749.605000000004,5148.0,1900,1664,236,429,10424,54.98669444444446,0.8757894736842106,57.91111111111111,180
test,combined_stress,1004,SKU-003,independent,3163.755,17652.0,1900,1280,620,1471,5323,115.64308333333334,0.6736842105263158,29.572222222222223,180
test,combined_stress,1004,SKU-003,normal_optimized,1357.6149999999998,41544.0,1900,866,1034,3462,1865,238.34230555555555,0.4557894736842105,10.36111111111111,180
test,combined_stress,1004,SKU-003,service_aware,4722.130000000006,4776.0,1900,1646,254,398,10292,52.76738888888892,0.8663157894736843,57.17777777777778,180
test,combined_stress,1005,SKU-003,independent,3303.5449999999987,16584.0,1900,1402,498,1382,5639,110.48636111111111,0.7378947368421053,31.32777777777778,180
test,combined_stress,1005,SKU-003,normal_optimized,1372.8050000000005,38640.0,1900,905,995,3220,1891,222.29336111111112,0.4763157894736842,10.505555555555556,180
test,combined_stress,1005,SKU-003,service_aware,4786.180000000002,6372.0,1900,1629,271,531,10663,61.9898888888889,0.8573684210526316,59.23888888888889,180
test,combined_stress,1006,SKU-003,independent,3152.4149999999995,14676.0,1900,1352,548,1223,5392,99.04675,0.7115789473684211,29.955555555555556,180
test,combined_stress,1006,SKU-003,normal_optimized,1285.6199999999994,37956.0,1900,875,1025,3163,1784,218.00900000000001,0.4605263157894737,9.911111111111111,180
test,combined_stress,1006,SKU-003,service_aware,4774.944999999997,3564.0,1900,1704,196,297,10534,46.3274722222222,0.8968421052631579,58.522222222222226,180
test,combined_stress,1007,SKU-003,independent,3329.725,16944.0,1900,1343,557,1412,5621,112.63180555555554,0.7068421052631579,31.227777777777778,180
test,combined_stress,1007,SKU-003,normal_optimized,1395.2049999999992,39372.0,1900,886,1014,3281,1921,226.48447222222222,0.4663157894736842,10.672222222222222,180
test,combined_stress,1007,SKU-003,service_aware,4796.714999999999,5760.0,1900,1635,265,480,10578,58.64841666666667,0.8605263157894737,58.766666666666666,180
test,combined_stress,1008,SKU-003,independent,3162.565,14532.0,1900,1388,512,1211,5388,98.30313888888888,0.7305263157894737,29.933333333333334,180
test,combined_stress,1008,SKU-003,normal_optimized,1248.5199999999993,38124.0,1900,836,1064,3177,1742,218.7362222222222,0.44,9.677777777777777,180
test,combined_stress,1008,SKU-003,service_aware,4723.634999999998,4224.0,1900,1668,232,352,10405,49.709083333333325,0.8778947368421053,57.80555555555556,180
test,combined_stress,1009,SKU-003,independent,3378.374999999998,14940.0,1900,1350,550,1245,5826,101.76875,0.7105263157894737,32.36666666666667,180
test,combined_stress,1009,SKU-003,normal_optimized,1485.645,36564.0,1900,912,988,3047,2070,211.38691666666665,0.48,11.5,180
test,combined_stress,1009,SKU-003,service_aware,4839.9749999999985,3840.0,1900,1691,209,320,10812,48.22208333333332,0.89,60.06666666666667,180
test,combined_stress,1010,SKU-003,independent,3271.5900000000006,17544.0,1900,1350,550,1462,5555,115.64216666666667,0.7105263157894737,30.86111111111111,180
test,combined_stress,1010,SKU-003,normal_optimized,1313.7600000000002,40248.0,1900,892,1008,3354,1810,230.89866666666668,0.4694736842105263,10.055555555555555,180
test,combined_stress,1010,SKU-003,service_aware,4731.894999999997,6132.0,1900,1624,276,511,10529,60.3549722222222,0.8547368421052631,58.49444444444445,180
test,combined_stress,1011,SKU-003,independent,3426.2200000000003,16284.0,1900,1386,514,1357,5861,109.50122222222222,0.7294736842105263,32.56111111111111,180
test,combined_stress,1011,SKU-003,normal_optimized,1448.3700000000001,37344.0,1900,943,957,3112,2006,215.51316666666668,0.4963157894736842,11.144444444444444,180
test,combined_stress,1011,SKU-003,service_aware,4874.485000000001,5844.0,1900,1616,284,487,10841,59.547138888888895,0.8505263157894737,60.227777777777774,180
test,combined_stress,1012,SKU-003,independent,3313.4149999999995,16380.0,1900,1368,532,1365,5584,109.40786111111112,0.72,31.022222222222222,180
test,combined_stress,1012,SKU-003,normal_optimized,1383.6199999999994,39444.0,1900,853,1047,3287,1930,226.82011111111112,0.44894736842105265,10.722222222222221,180
test,combined_stress,1012,SKU-003,service_aware,4877.354999999999,5268.0,1900,1663,237,439,10635,56.36308333333333,0.8752631578947369,59.083333333333336,180
